doc_id,ticker,year,event_date,after_close,lang,text_main,text_alt,industry,group,flag
0000320193-24-000123,AAPL,2024,2024-11-01,False,en,AAPL_000032019324000123.full.txt.gz,AAPL_000032019324000123.mdna.txt.gz,35,US,ok
0000320193-23-000106,AAPL,2023,2023-11-02,True,en,AAPL_000032019323000106.full.txt.gz,AAPL_000032019323000106.mdna.txt.gz,35,US,ok
0000320193-22-000108,AAPL,2022,2022-10-27,True,en,AAPL_000032019322000108.full.txt.gz,AAPL_000032019322000108.mdna.txt.gz,35,US,ok
0000320193-21-000105,AAPL,2021,2021-10-28,True,en,AAPL_000032019321000105.full.txt.gz,AAPL_000032019321000105.mdna.txt.gz,35,US,ok
0000320193-20-000096,AAPL,2020,2020-10-29,True,en,AAPL_000032019320000096.full.txt.gz,AAPL_000032019320000096.mdna.txt.gz,35,US,ok
0000320193-19-000119,AAPL,2019,2019-10-30,True,en,AAPL_000032019319000119.full.txt.gz,AAPL_000032019319000119.mdna.txt.gz,35,US,ok
0000320193-18-000145,AAPL,2018,2018-11-05,False,en,AAPL_000032019318000145.full.txt.gz,AAPL_000032019318000145.mdna.txt.gz,35,US,ok
0000320193-17-000070,AAPL,2017,2017-11-03,False,en,AAPL_000032019317000070.full.txt.gz,AAPL_000032019317000070.mdna.txt.gz,35,US,ok
0001628280-16-020309,AAPL,2016,2016-10-26,True,en,AAPL_000162828016020309.full.txt.gz,AAPL_000162828016020309.mdna.txt.gz,35,US,ok
0001193125-15-356351,AAPL,2015,2015-10-28,True,en,AAPL_000119312515356351.full.txt.gz,AAPL_000119312515356351.mdna.txt.gz,35,US,ok
0000950170-24-087843,MSFT,2024,2024-07-30,True,en,MSFT_000095017024087843.full.txt.gz,MSFT_000095017024087843.mdna.txt.gz,73,US,ok
0000950170-23-035122,MSFT,2023,2023-07-27,True,en,MSFT_000095017023035122.full.txt.gz,MSFT_000095017023035122.mdna.txt.gz,73,US,ok
0001564590-22-026876,MSFT,2022,2022-07-28,True,en,MSFT_000156459022026876.full.txt.gz,MSFT_000156459022026876.mdna.txt.gz,73,US,ok
0001564590-21-039151,MSFT,2021,2021-07-29,True,en,MSFT_000156459021039151.full.txt.gz,MSFT_000156459021039151.mdna.txt.gz,73,US,ok
0001564590-20-034944,MSFT,2020,2020-07-31,False,en,MSFT_000156459020034944.full.txt.gz,MSFT_000156459020034944.mdna.txt.gz,73,US,ok
0001564590-19-027952,MSFT,2019,2019-08-01,True,en,MSFT_000156459019027952.full.txt.gz,MSFT_000156459019027952.mdna.txt.gz,73,US,ok
0001564590-18-019062,MSFT,2018,2018-08-03,False,en,MSFT_000156459018019062.full.txt.gz,MSFT_000156459018019062.mdna.txt.gz,73,US,ok
0001564590-17-014900,MSFT,2017,2017-08-02,True,en,MSFT_000156459017014900.full.txt.gz,MSFT_000156459017014900.mdna.txt.gz,73,US,ok
0001193125-16-662209,MSFT,2016,2016-07-28,True,en,MSFT_000119312516662209.full.txt.gz,MSFT_000119312516662209.mdna.txt.gz,73,US,ok
0001193125-15-272806,MSFT,2015,2015-07-31,True,en,MSFT_000119312515272806.full.txt.gz,MSFT_000119312515272806.mdna.txt.gz,73,US,ok
0001018724-24-000008,AMZN,2023,2024-02-01,True,en,AMZN_000101872424000008.full.txt.gz,AMZN_000101872424000008.mdna.txt.gz,59,US,ok
0001018724-23-000004,AMZN,2022,2023-02-02,True,en,AMZN_000101872423000004.full.txt.gz,AMZN_000101872423000004.mdna.txt.gz,59,US,ok
0001018724-22-000005,AMZN,2021,2022-02-03,True,en,AMZN_000101872422000005.full.txt.gz,AMZN_000101872422000005.mdna.txt.gz,59,US,ok
0001018724-21-000004,AMZN,2020,2021-02-03,False,en,AMZN_000101872421000004.full.txt.gz,AMZN_000101872421000004.mdna.txt.gz,59,US,ok
0001018724-20-000004,AMZN,2019,2020-01-31,False,en,AMZN_000101872420000004.full.txt.gz,AMZN_000101872420000004.mdna.txt.gz,59,US,ok
0001018724-19-000004,AMZN,2018,2019-02-01,False,en,AMZN_000101872419000004.full.txt.gz,AMZN_000101872419000004.mdna.txt.gz,59,US,ok
0001018724-18-000005,AMZN,2017,2018-02-02,False,en,AMZN_000101872418000005.full.txt.gz,AMZN_000101872418000005.mdna.txt.gz,59,US,ok
0001018724-17-000011,AMZN,2016,2017-02-09,True,en,AMZN_000101872417000011.full.txt.gz,AMZN_000101872417000011.mdna.txt.gz,59,US,ok
0001018724-16-000172,AMZN,2015,2016-01-29,False,en,AMZN_000101872416000172.full.txt.gz,AMZN_000101872416000172.mdna.txt.gz,59,US,ok
0001018724-15-000006,AMZN,2014,2015-01-30,False,en,AMZN_000101872415000006.full.txt.gz,AMZN_000101872415000006.mdna.txt.gz,59,US,ok
0001652044-24-000022,GOOGL,2023,2024-01-31,False,en,GOOGL_000165204424000022.full.txt.gz,GOOGL_000165204424000022.mdna.txt.gz,73,US,ok
0001652044-23-000016,GOOGL,2022,2023-02-03,False,en,GOOGL_000165204423000016.full.txt.gz,GOOGL_000165204423000016.mdna.txt.gz,73,US,ok
0001652044-22-000019,GOOGL,2021,2022-02-02,False,en,GOOGL_000165204422000019.full.txt.gz,GOOGL_000165204422000019.mdna.txt.gz,73,US,ok
0001652044-21-000010,GOOGL,2020,2021-02-03,False,en,GOOGL_000165204421000010.full.txt.gz,GOOGL_000165204421000010.mdna.txt.gz,73,US,ok
0001652044-20-000008,GOOGL,2019,2020-02-04,False,en,GOOGL_000165204420000008.full.txt.gz,GOOGL_000165204420000008.mdna.txt.gz,73,US,ok
0001652044-19-000004,GOOGL,2018,2019-02-05,False,en,GOOGL_000165204419000004.full.txt.gz,GOOGL_000165204419000004.mdna.txt.gz,73,US,ok
0001652044-18-000007,GOOGL,2017,2018-02-06,False,en,GOOGL_000165204418000007.full.txt.gz,GOOGL_000165204418000007.mdna.txt.gz,73,US,ok
0001652044-17-000008,GOOGL,2016,2017-02-02,True,en,GOOGL_000165204417000008.full.txt.gz,GOOGL_000165204417000008.mdna.txt.gz,73,US,ok
0001652044-16-000012,GOOGL,2015,2016-02-11,True,en,GOOGL_000165204416000012.full.txt.gz,GOOGL_000165204416000012.mdna.txt.gz,73,US,ok
0001288776-15-000008,GOOGL,2014,2015-02-07,False,en,GOOGL_000128877615000008.full.txt.gz,GOOGL_000128877615000008.mdna.txt.gz,73,US,ok
0001326801-24-000012,META,2023,2024-02-02,False,en,META_000132680124000012.full.txt.gz,META_000132680124000012.mdna.txt.gz,73,US,ok
0001326801-23-000013,META,2022,2023-02-02,False,en,META_000132680123000013.full.txt.gz,META_000132680123000013.mdna.txt.gz,73,US,ok
0001326801-22-000018,META,2021,2022-02-03,False,en,META_000132680122000018.full.txt.gz,META_000132680122000018.mdna.txt.gz,73,US,ok
0001326801-21-000014,META,2020,2021-01-28,False,en,META_000132680121000014.full.txt.gz,META_000132680121000014.mdna.txt.gz,73,US,ok
0001326801-20-000013,META,2019,2020-01-30,False,en,META_000132680120000013.full.txt.gz,META_000132680120000013.mdna.txt.gz,73,US,ok
0001326801-19-000009,META,2018,2019-01-31,True,en,META_000132680119000009.full.txt.gz,META_000132680119000009.mdna.txt.gz,73,US,ok
0001326801-18-000009,META,2017,2018-02-01,True,en,META_000132680118000009.full.txt.gz,META_000132680118000009.mdna.txt.gz,73,US,ok
0001326801-17-000007,META,2016,2017-02-03,False,en,META_000132680117000007.full.txt.gz,META_000132680117000007.mdna.txt.gz,73,US,ok
0001326801-16-000043,META,2015,2016-01-28,True,en,META_000132680116000043.full.txt.gz,META_000132680116000043.mdna.txt.gz,73,US,ok
0001326801-15-000006,META,2014,2015-01-29,True,en,META_000132680115000006.full.txt.gz,META_000132680115000006.mdna.txt.gz,73,US,ok
0001045810-24-000029,NVDA,2024,2024-02-21,True,en,NVDA_000104581024000029.full.txt.gz,NVDA_000104581024000029.mdna.txt.gz,36,US,ok
0001045810-23-000017,NVDA,2023,2023-02-24,True,en,NVDA_000104581023000017.full.txt.gz,NVDA_000104581023000017.mdna.txt.gz,36,US,ok
0001045810-22-000036,NVDA,2022,2022-03-18,False,en,NVDA_000104581022000036.full.txt.gz,NVDA_000104581022000036.mdna.txt.gz,36,US,ok
0001045810-21-000010,NVDA,2021,2021-02-26,True,en,NVDA_000104581021000010.full.txt.gz,NVDA_000104581021000010.mdna.txt.gz,36,US,ok
0001045810-20-000010,NVDA,2020,2020-02-20,True,en,NVDA_000104581020000010.full.txt.gz,NVDA_000104581020000010.mdna.txt.gz,36,US,ok
0001045810-19-000023,NVDA,2019,2019-02-21,True,en,NVDA_000104581019000023.full.txt.gz,NVDA_000104581019000023.mdna.txt.gz,36,US,ok
0001045810-18-000010,NVDA,2018,2018-02-28,True,en,NVDA_000104581018000010.full.txt.gz,NVDA_000104581018000010.mdna.txt.gz,36,US,ok
0001045810-17-000027,NVDA,2017,2017-03-01,True,en,NVDA_000104581017000027.full.txt.gz,NVDA_000104581017000027.mdna.txt.gz,36,US,ok
0001045810-16-000205,NVDA,2016,2016-03-16,True,en,NVDA_000104581016000205.full.txt.gz,NVDA_000104581016000205.mdna.txt.gz,36,US,ok
0001045810-15-000036,NVDA,2015,2015-03-11,True,en,NVDA_000104581015000036.full.txt.gz,NVDA_000104581015000036.mdna.txt.gz,36,US,ok
0000050863-24-000010,INTC,2023,2024-01-25,True,en,INTC_000005086324000010.full.txt.gz,INTC_000005086324000010.mdna.txt.gz,36,US,ok
0000050863-23-000006,INTC,2022,2023-01-26,True,en,INTC_000005086323000006.full.txt.gz,INTC_000005086323000006.mdna.txt.gz,36,US,ok
0000050863-22-000007,INTC,2021,2022-01-26,True,en,INTC_000005086322000007.full.txt.gz,INTC_000005086322000007.mdna.txt.gz,36,US,ok
0000050863-21-000010,INTC,2020,2021-01-22,False,en,INTC_000005086321000010.full.txt.gz,INTC_000005086321000010.mdna.txt.gz,36,US,ok
0000050863-20-000011,INTC,2019,2020-01-23,True,en,INTC_000005086320000011.full.txt.gz,INTC_000005086320000011.mdna.txt.gz,36,US,ok
0000050863-19-000007,INTC,2018,2019-02-01,False,en,INTC_000005086319000007.full.txt.gz,INTC_000005086319000007.mdna.txt.gz,36,US,ok
0000050863-18-000007,INTC,2017,2018-02-16,False,en,INTC_000005086318000007.full.txt.gz,INTC_000005086318000007.mdna.txt.gz,36,US,ok
0000050863-17-000012,INTC,2016,2017-02-17,False,en,INTC_000005086317000012.full.txt.gz,INTC_000005086317000012.mdna.txt.gz,36,US,ok
0000050863-16-000105,INTC,2015,2016-02-12,False,en,INTC_000005086316000105.full.txt.gz,INTC_000005086316000105.mdna.txt.gz,36,US,ok
0000050863-15-000015,INTC,2014,2015-02-13,False,en,INTC_000005086315000015.full.txt.gz,INTC_000005086315000015.mdna.txt.gz,36,US,ok
0000858877-24-000017,CSCO,2024,2024-09-05,True,en,CSCO_000085887724000017.full.txt.gz,CSCO_000085887724000017.mdna.txt.gz,35,US,ok
0000858877-23-000023,CSCO,2023,2023-09-07,True,en,CSCO_000085887723000023.full.txt.gz,CSCO_000085887723000023.mdna.txt.gz,35,US,ok
0000858877-22-000013,CSCO,2022,2022-09-08,True,en,CSCO_000085887722000013.full.txt.gz,CSCO_000085887722000013.mdna.txt.gz,35,US,ok
0000858877-21-000013,CSCO,2021,2021-09-09,True,en,CSCO_000085887721000013.full.txt.gz,CSCO_000085887721000013.mdna.txt.gz,35,US,ok
0000858877-20-000010,CSCO,2020,2020-09-03,True,en,CSCO_000085887720000010.full.txt.gz,CSCO_000085887720000010.mdna.txt.gz,35,US,ok
0000858877-19-000012,CSCO,2019,2019-09-05,True,en,CSCO_000085887719000012.full.txt.gz,CSCO_000085887719000012.mdna.txt.gz,35,US,ok
0000858877-18-000011,CSCO,2018,2018-09-06,True,en,CSCO_000085887718000011.full.txt.gz,CSCO_000085887718000011.mdna.txt.gz,35,US,ok
0000858877-17-000016,CSCO,2017,2017-09-07,True,en,CSCO_000085887717000016.full.txt.gz,CSCO_000085887717000016.mdna.txt.gz,35,US,ok
0000858877-16-000117,CSCO,2016,2016-09-08,True,en,CSCO_000085887716000117.full.txt.gz,CSCO_000085887716000117.mdna.txt.gz,35,US,ok
0000858877-15-000070,CSCO,2015,2015-09-08,True,en,CSCO_000085887715000070.full.txt.gz,CSCO_000085887715000070.mdna.txt.gz,35,US,ok
0000950170-24-075605,ORCL,2024,2024-06-20,True,en,ORCL_000095017024075605.full.txt.gz,ORCL_000095017024075605.mdna.txt.gz,73,US,ok
0000950170-23-028914,ORCL,2023,2023-06-20,True,en,ORCL_000095017023028914.full.txt.gz,ORCL_000095017023028914.mdna.txt.gz,73,US,ok
0001564590-22-023675,ORCL,2022,2022-06-21,False,en,ORCL_000156459022023675.full.txt.gz,ORCL_000156459022023675.mdna.txt.gz,73,US,ok
0001564590-21-033616,ORCL,2021,2021-06-21,True,en,ORCL_000156459021033616.full.txt.gz,ORCL_000156459021033616.mdna.txt.gz,73,US,ok
0001564590-20-030125,ORCL,2020,2020-06-22,True,en,ORCL_000156459020030125.full.txt.gz,ORCL_000156459020030125.mdna.txt.gz,73,US,ok
0001564590-19-023119,ORCL,2019,2019-06-21,True,en,ORCL_000156459019023119.full.txt.gz,ORCL_000156459019023119.mdna.txt.gz,73,US,ok
0001193125-18-201034,ORCL,2018,2018-06-22,True,en,ORCL_000119312518201034.full.txt.gz,ORCL_000119312518201034.mdna.txt.gz,73,US,ok
0001193125-17-214833,ORCL,2017,2017-06-27,True,en,ORCL_000119312517214833.full.txt.gz,ORCL_000119312517214833.mdna.txt.gz,73,US,ok
0001193125-16-628942,ORCL,2016,2016-06-22,True,en,ORCL_000119312516628942.full.txt.gz,ORCL_000119312516628942.mdna.txt.gz,73,US,ok
0001193125-15-235239,ORCL,2015,2015-06-25,True,en,ORCL_000119312515235239.full.txt.gz,ORCL_000119312515235239.mdna.txt.gz,73,US,ok
0000051143-24-000012,IBM,2023,2024-02-26,False,en,IBM_000005114324000012.full.txt.gz,,35,US,ok
0001558370-23-002376,IBM,2022,2023-02-28,True,en,IBM_000155837023002376.full.txt.gz,,35,US,ok
0001558370-22-001584,IBM,2021,2022-02-22,True,en,IBM_000155837022001584.full.txt.gz,,35,US,ok
0001558370-21-001489,IBM,2020,2021-02-23,True,en,IBM_000155837021001489.full.txt.gz,,35,US,ok
0001558370-20-001334,IBM,2019,2020-02-25,True,en,IBM_000155837020001334.full.txt.gz,,35,US,ok
0001047469-19-000712,IBM,2018,2019-02-26,True,en,IBM_000104746919000712.full.txt.gz,,35,US,ok
0001047469-18-001117,IBM,2017,2018-02-27,True,en,IBM_000104746918001117.full.txt.gz,,35,US,ok
0001047469-17-001061,IBM,2016,2017-02-28,True,en,IBM_000104746917001061.full.txt.gz,,35,US,ok
0001047469-16-010329,IBM,2015,2016-02-23,True,en,IBM_000104746916010329.full.txt.gz,,35,US,ok
0001047469-15-001106,IBM,2014,2015-02-24,True,en,IBM_000104746915001106.full.txt.gz,,35,US,ok
0001108524-24-000005,CRM,2024,2024-03-06,True,en,CRM_000110852424000005.full.txt.gz,CRM_000110852424000005.mdna.txt.gz,73,US,ok
0001108524-23-000011,CRM,2023,2023-03-08,True,en,CRM_000110852423000011.full.txt.gz,CRM_000110852423000011.mdna.txt.gz,73,US,ok
0001108524-22-000013,CRM,2022,2022-03-11,False,en,CRM_000110852422000013.full.txt.gz,CRM_000110852422000013.mdna.txt.gz,73,US,ok
0001108524-22-000008,CRM,2021,2022-02-24,True,en,CRM_000110852422000008.full.txt.gz,CRM_000110852422000008.mdna.txt.gz,73,US,ok
0001108524-20-000014,CRM,2020,2020-03-05,True,en,CRM_000110852420000014.full.txt.gz,CRM_000110852420000014.mdna.txt.gz,73,US,ok
0001108524-19-000009,CRM,2019,2019-03-08,False,en,CRM_000110852419000009.full.txt.gz,CRM_000110852419000009.mdna.txt.gz,73,US,ok
0001108524-18-000011,CRM,2018,2018-03-09,True,en,CRM_000110852418000011.full.txt.gz,CRM_000110852418000011.mdna.txt.gz,73,US,ok
0001108524-17-000006,CRM,2017,2017-03-06,True,en,CRM_000110852417000006.full.txt.gz,CRM_000110852417000006.mdna.txt.gz,73,US,ok
0001108524-16-000053,CRM,2016,2016-03-04,True,en,CRM_000110852416000053.full.txt.gz,CRM_000110852416000053.mdna.txt.gz,73,US,ok
0001108524-15-000008,CRM,2015,2015-03-05,True,en,CRM_000110852415000008.full.txt.gz,CRM_000110852415000008.mdna.txt.gz,73,US,ok
0000019617-24-000225,JPM,2023,2024-02-16,True,en,JPM_000001961724000225.full.txt.gz,JPM_000001961724000225.mdna.txt.gz,60,US,ok
0000019617-23-000231,JPM,2022,2023-02-21,True,en,JPM_000001961723000231.full.txt.gz,JPM_000001961723000231.mdna.txt.gz,60,US,ok
0000019617-22-000272,JPM,2021,2022-02-22,True,en,JPM_000001961722000272.full.txt.gz,JPM_000001961722000272.mdna.txt.gz,60,US,ok
0000019617-21-000236,JPM,2020,2021-02-23,True,en,JPM_000001961721000236.full.txt.gz,JPM_000001961721000236.mdna.txt.gz,60,US,ok
0000019617-20-000257,JPM,2019,2020-02-25,True,en,JPM_000001961720000257.full.txt.gz,JPM_000001961720000257.mdna.txt.gz,60,US,ok
0000019617-19-000054,JPM,2018,2019-02-26,True,en,JPM_000001961719000054.full.txt.gz,JPM_000001961719000054.mdna.txt.gz,60,US,ok
0000019617-18-000057,JPM,2017,2018-02-27,True,en,JPM_000001961718000057.full.txt.gz,JPM_000001961718000057.mdna.txt.gz,60,US,ok
0000019617-17-000314,JPM,2016,2017-02-28,True,en,JPM_000001961717000314.full.txt.gz,JPM_000001961717000314.mdna.txt.gz,60,US,ok
0000019617-16-000902,JPM,2015,2016-02-23,True,en,JPM_000001961716000902.full.txt.gz,JPM_000001961716000902.mdna.txt.gz,60,US,ok
0000019617-15-000272,JPM,2014,2015-02-24,True,en,JPM_000001961715000272.full.txt.gz,JPM_000001961715000272.mdna.txt.gz,60,US,ok
0000070858-24-000122,BAC,2023,2024-02-20,True,en,BAC_000007085824000122.full.txt.gz,BAC_000007085824000122.mdna.txt.gz,60,US,ok
0000070858-23-000092,BAC,2022,2023-02-22,True,en,BAC_000007085823000092.full.txt.gz,BAC_000007085823000092.mdna.txt.gz,60,US,ok
0000070858-22-000062,BAC,2021,2022-02-22,True,en,BAC_000007085822000062.full.txt.gz,BAC_000007085822000062.mdna.txt.gz,60,US,ok
0000070858-21-000023,BAC,2020,2021-02-24,True,en,BAC_000007085821000023.full.txt.gz,BAC_000007085821000023.mdna.txt.gz,60,US,ok
0000070858-20-000011,BAC,2019,2020-02-19,True,en,BAC_000007085820000011.full.txt.gz,BAC_000007085820000011.mdna.txt.gz,60,US,ok
0000070858-19-000012,BAC,2018,2019-02-26,True,en,BAC_000007085819000012.full.txt.gz,BAC_000007085819000012.mdna.txt.gz,60,US,ok
0000070858-18-000009,BAC,2017,2018-02-22,True,en,BAC_000007085818000009.full.txt.gz,BAC_000007085818000009.mdna.txt.gz,60,US,ok
0000070858-17-000013,BAC,2016,2017-02-23,True,en,BAC_000007085817000013.full.txt.gz,BAC_000007085817000013.mdna.txt.gz,60,US,ok
0000070858-16-000137,BAC,2015,2016-02-24,True,en,BAC_000007085816000137.full.txt.gz,BAC_000007085816000137.mdna.txt.gz,60,US,ok
0000070858-15-000008,BAC,2014,2015-02-25,True,en,BAC_000007085815000008.full.txt.gz,BAC_000007085815000008.mdna.txt.gz,60,US,ok
0000072971-24-000064,WFC,2023,2024-02-20,True,en,WFC_000007297124000064.full.txt.gz,,60,US,ok
0000072971-23-000071,WFC,2022,2023-02-21,True,en,WFC_000007297123000071.full.txt.gz,,60,US,ok
0000072971-22-000096,WFC,2021,2022-02-22,True,en,WFC_000007297122000096.full.txt.gz,,60,US,ok
0000072971-21-000197,WFC,2020,2021-02-23,True,en,WFC_000007297121000197.full.txt.gz,,60,US,ok
0000072971-20-000217,WFC,2019,2020-02-27,False,en,WFC_000007297120000217.full.txt.gz,,60,US,ok
0000072971-19-000227,WFC,2018,2019-02-27,True,en,WFC_000007297119000227.full.txt.gz,,60,US,ok
0000072971-18-000272,WFC,2017,2018-03-01,True,en,WFC_000007297118000272.full.txt.gz,,60,US,ok
0000072971-17-000278,WFC,2016,2017-03-01,True,en,WFC_000007297117000278.full.txt.gz,,60,US,ok
0000072971-16-001045,WFC,2015,2016-02-24,True,en,WFC_000007297116001045.full.txt.gz,,60,US,ok
0000072971-15-000449,WFC,2014,2015-02-25,True,en,WFC_000007297115000449.full.txt.gz,,60,US,ok
0000886982-24-000006,GS,2023,2024-02-23,False,en,GS_000088698224000006.full.txt.gz,GS_000088698224000006.mdna.txt.gz,62,US,ok
0000886982-23-000003,GS,2022,2023-02-24,False,en,GS_000088698223000003.full.txt.gz,GS_000088698223000003.mdna.txt.gz,62,US,ok
0001193125-22-052682,GS,2021,2022-02-25,False,en,GS_000119312522052682.full.txt.gz,GS_000119312522052682.mdna.txt.gz,62,US,ok
0001193125-21-049380,GS,2020,2021-02-20,False,en,GS_000119312521049380.full.txt.gz,GS_000119312521049380.mdna.txt.gz,62,US,ok
0001193125-20-043853,GS,2019,2020-02-21,False,en,GS_000119312520043853.full.txt.gz,GS_000119312520043853.mdna.txt.gz,62,US,ok
0001193125-19-050198,GS,2018,2019-02-26,False,en,GS_000119312519050198.full.txt.gz,GS_000119312519050198.mdna.txt.gz,62,US,ok
0001193125-18-056383,GS,2017,2018-02-24,False,en,GS_000119312518056383.full.txt.gz,GS_000119312518056383.mdna.txt.gz,62,US,ok
0001193125-17-056804,GS,2016,2017-02-25,False,en,GS_000119312517056804.full.txt.gz,GS_000119312517056804.mdna.txt.gz,62,US,ok
0001193125-16-470289,GS,2015,2016-02-20,False,en,GS_000119312516470289.full.txt.gz,GS_000119312516470289.mdna.txt.gz,62,US,ok
0001193125-15-056785,GS,2014,2015-02-21,False,en,GS_000119312515056785.full.txt.gz,GS_000119312515056785.mdna.txt.gz,62,US,ok
0000004962-24-000013,AXP,2023,2024-02-09,True,en,AXP_000000496224000013.full.txt.gz,AXP_000000496224000013.mdna.txt.gz,61,US,ok
0000004962-23-000006,AXP,2022,2023-02-10,True,en,AXP_000000496223000006.full.txt.gz,AXP_000000496223000006.mdna.txt.gz,61,US,ok
0000004962-22-000008,AXP,2021,2022-02-11,True,en,AXP_000000496222000008.full.txt.gz,AXP_000000496222000008.mdna.txt.gz,61,US,ok
0000004962-21-000013,AXP,2020,2021-02-12,True,en,AXP_000000496221000013.full.txt.gz,AXP_000000496221000013.mdna.txt.gz,61,US,ok
0000004962-20-000030,AXP,2019,2020-02-13,True,en,AXP_000000496220000030.full.txt.gz,AXP_000000496220000030.mdna.txt.gz,61,US,ok
0000004962-19-000018,AXP,2018,2019-02-13,True,en,AXP_000000496219000018.full.txt.gz,AXP_000000496219000018.mdna.txt.gz,61,US,ok
0000004962-18-000032,AXP,2017,2018-02-16,True,en,AXP_000000496218000032.full.txt.gz,AXP_000000496218000032.mdna.txt.gz,61,US,ok
0001193125-17-047588,AXP,2016,2017-02-17,True,en,AXP_000119312517047588.full.txt.gz,AXP_000119312517047588.mdna.txt.gz,61,US,ok
0001193125-16-469798,AXP,2015,2016-02-19,True,en,AXP_000119312516469798.full.txt.gz,AXP_000119312516469798.mdna.txt.gz,61,US,ok
0001193125-15-059931,AXP,2014,2015-02-24,True,en,AXP_000119312515059931.full.txt.gz,,61,US,ok
0001403161-24-000058,V,2024,2024-11-13,True,en,V_000140316124000058.full.txt.gz,V_000140316124000058.mdna.txt.gz,73,US,ok
0001403161-23-000099,V,2023,2023-11-15,True,en,V_000140316123000099.full.txt.gz,V_000140316123000099.mdna.txt.gz,73,US,ok
0001403161-22-000081,V,2022,2022-11-16,True,en,V_000140316122000081.full.txt.gz,V_000140316122000081.mdna.txt.gz,73,US,ok
0001403161-21-000060,V,2021,2021-11-18,True,en,V_000140316121000060.full.txt.gz,V_000140316121000060.mdna.txt.gz,73,US,ok
0001403161-20-000070,V,2020,2020-11-19,True,en,V_000140316120000070.full.txt.gz,V_000140316120000070.mdna.txt.gz,73,US,ok
0001403161-19-000050,V,2019,2019-11-14,True,en,V_000140316119000050.full.txt.gz,V_000140316119000050.mdna.txt.gz,73,US,ok
0001403161-18-000055,V,2018,2018-11-16,True,en,V_000140316118000055.full.txt.gz,V_000140316118000055.mdna.txt.gz,73,US,ok
0001403161-17-000044,V,2017,2017-11-17,False,en,V_000140316117000044.full.txt.gz,V_000140316117000044.mdna.txt.gz,73,US,ok
0001403161-16-000058,V,2016,2016-11-15,True,en,V_000140316116000058.full.txt.gz,V_000140316116000058.mdna.txt.gz,73,US,ok
0001403161-15-000013,V,2015,2015-11-19,True,en,V_000140316115000013.full.txt.gz,V_000140316115000013.mdna.txt.gz,73,US,ok
0001141391-24-000022,MA,2023,2024-02-13,True,en,MA_000114139124000022.full.txt.gz,MA_000114139124000022.mdna.txt.gz,73,US,ok
0001141391-23-000020,MA,2022,2023-02-14,True,en,MA_000114139123000020.full.txt.gz,MA_000114139123000020.mdna.txt.gz,73,US,ok
0001141391-22-000023,MA,2021,2022-02-11,False,en,MA_000114139122000023.full.txt.gz,MA_000114139122000023.mdna.txt.gz,73,US,ok
0001141391-21-000018,MA,2020,2021-02-12,False,en,MA_000114139121000018.full.txt.gz,MA_000114139121000018.mdna.txt.gz,73,US,ok
0001141391-20-000032,MA,2019,2020-02-14,False,en,MA_000114139120000032.full.txt.gz,MA_000114139120000032.mdna.txt.gz,73,US,ok
0001141391-19-000013,MA,2018,2019-02-13,False,en,MA_000114139119000013.full.txt.gz,MA_000114139119000013.mdna.txt.gz,73,US,ok
0001141391-18-000009,MA,2017,2018-02-14,True,en,MA_000114139118000009.full.txt.gz,MA_000114139118000009.mdna.txt.gz,73,US,ok
0001141391-17-000014,MA,2016,2017-02-15,False,en,MA_000114139117000014.full.txt.gz,MA_000114139117000014.mdna.txt.gz,73,US,ok
0001141391-16-000085,MA,2015,2016-02-12,False,en,MA_000114139116000085.full.txt.gz,MA_000114139116000085.mdna.txt.gz,73,US,ok
0001141391-15-000011,MA,2014,2015-02-13,False,en,MA_000114139115000011.full.txt.gz,MA_000114139115000011.mdna.txt.gz,73,US,ok
0000086312-24-000012,TRV,2023,2024-02-15,False,en,TRV_000008631224000012.full.txt.gz,TRV_000008631224000012.mdna.txt.gz,63,US,ok
0000086312-23-000011,TRV,2022,2023-02-16,False,en,TRV_000008631223000011.full.txt.gz,TRV_000008631223000011.mdna.txt.gz,63,US,ok
0000086312-22-000013,TRV,2021,2022-02-17,False,en,TRV_000008631222000013.full.txt.gz,TRV_000008631222000013.mdna.txt.gz,63,US,ok
0000086312-21-000011,TRV,2020,2021-02-11,False,en,TRV_000008631221000011.full.txt.gz,TRV_000008631221000011.mdna.txt.gz,63,US,ok
0000086312-20-000011,TRV,2019,2020-02-13,False,en,TRV_000008631220000011.full.txt.gz,TRV_000008631220000011.mdna.txt.gz,63,US,ok
0000086312-19-000009,TRV,2018,2019-02-14,False,en,TRV_000008631219000009.full.txt.gz,TRV_000008631219000009.mdna.txt.gz,63,US,ok
0001047469-18-000812,TRV,2017,2018-02-15,False,en,TRV_000104746918000812.full.txt.gz,TRV_000104746918000812.mdna.txt.gz,63,US,ok
0001047469-17-000695,TRV,2016,2017-02-16,False,en,TRV_000104746917000695.full.txt.gz,TRV_000104746917000695.mdna.txt.gz,63,US,ok
0001047469-16-010107,TRV,2015,2016-02-11,False,en,TRV_000104746916010107.full.txt.gz,TRV_000104746916010107.mdna.txt.gz,63,US,ok
0001047469-15-000743,TRV,2014,2015-02-12,False,en,TRV_000104746915000743.full.txt.gz,TRV_000104746915000743.mdna.txt.gz,63,US,ok
0000200406-24-000013,JNJ,2023,2024-02-16,True,en,JNJ_000020040624000013.full.txt.gz,JNJ_000020040624000013.mdna.txt.gz,28,US,ok
0000200406-23-000016,JNJ,2023,2023-02-16,True,en,JNJ_000020040623000016.full.txt.gz,JNJ_000020040623000016.mdna.txt.gz,28,US,ok
0000200406-22-000022,JNJ,2022,2022-02-17,True,en,JNJ_000020040622000022.full.txt.gz,JNJ_000020040622000022.mdna.txt.gz,28,US,ok
0000200406-21-000008,JNJ,2021,2021-02-22,True,en,JNJ_000020040621000008.full.txt.gz,JNJ_000020040621000008.mdna.txt.gz,28,US,ok
0000200406-20-000010,JNJ,2019,2020-02-18,True,en,JNJ_000020040620000010.full.txt.gz,JNJ_000020040620000010.mdna.txt.gz,28,US,ok
0000200406-19-000009,JNJ,2018,2019-02-20,True,en,JNJ_000020040619000009.full.txt.gz,JNJ_000020040619000009.mdna.txt.gz,28,US,ok
0000200406-18-000005,JNJ,2017,2018-02-21,True,en,JNJ_000020040618000005.full.txt.gz,JNJ_000020040618000005.mdna.txt.gz,28,US,ok
0000200406-17-000006,JNJ,2017,2017-02-27,True,en,JNJ_000020040617000006.full.txt.gz,JNJ_000020040617000006.mdna.txt.gz,28,US,ok
0000200406-16-000071,JNJ,2016,2016-02-24,True,en,JNJ_000020040616000071.full.txt.gz,JNJ_000020040616000071.mdna.txt.gz,28,US,ok
0000200406-15-000004,JNJ,2014,2015-02-24,False,en,JNJ_000020040615000004.full.txt.gz,,28,US,ok
0000078003-24-000039,PFE,2023,2024-02-22,True,en,PFE_000007800324000039.full.txt.gz,PFE_000007800324000039.mdna.txt.gz,28,US,ok
0000078003-23-000024,PFE,2022,2023-02-23,True,en,PFE_000007800323000024.full.txt.gz,PFE_000007800323000024.mdna.txt.gz,28,US,ok
0000078003-22-000027,PFE,2021,2022-02-24,True,en,PFE_000007800322000027.full.txt.gz,PFE_000007800322000027.mdna.txt.gz,28,US,ok
0000078003-21-000038,PFE,2020,2021-02-25,True,en,PFE_000007800321000038.full.txt.gz,PFE_000007800321000038.mdna.txt.gz,28,US,ok
0000078003-20-000014,PFE,2019,2020-02-27,True,en,PFE_000007800320000014.full.txt.gz,,28,US,ok
0000078003-19-000015,PFE,2018,2019-02-28,True,en,PFE_000007800319000015.full.txt.gz,,28,US,ok
0000078003-18-000027,PFE,2017,2018-02-22,True,en,PFE_000007800318000027.full.txt.gz,,28,US,ok
0000078003-17-000014,PFE,2016,2017-02-23,True,en,PFE_000007800317000014.full.txt.gz,,28,US,ok
0000078003-16-000077,PFE,2015,2016-02-29,True,en,PFE_000007800316000077.full.txt.gz,,28,US,ok
0000078003-15-000014,PFE,2014,2015-02-27,True,en,PFE_000007800315000014.full.txt.gz,,28,US,ok
0001628280-24-006850,MRK,2023,2024-02-26,True,en,MRK_000162828024006850.full.txt.gz,MRK_000162828024006850.mdna.txt.gz,28,US,ok
0001628280-23-005061,MRK,2022,2023-02-24,True,en,MRK_000162828023005061.full.txt.gz,MRK_000162828023005061.mdna.txt.gz,28,US,ok
0000310158-22-000003,MRK,2021,2022-02-25,True,en,MRK_000031015822000003.full.txt.gz,MRK_000031015822000003.mdna.txt.gz,28,US,ok
0000310158-21-000004,MRK,2020,2021-02-25,True,en,MRK_000031015821000004.full.txt.gz,MRK_000031015821000004.mdna.txt.gz,28,US,ok
0000310158-20-000005,MRK,2019,2020-02-26,True,en,MRK_000031015820000005.full.txt.gz,MRK_000031015820000005.mdna.txt.gz,28,US,ok
0000310158-19-000014,MRK,2018,2019-02-27,True,en,MRK_000031015819000014.full.txt.gz,MRK_000031015819000014.mdna.txt.gz,28,US,ok
0000310158-18-000005,MRK,2017,2018-02-27,True,en,MRK_000031015818000005.full.txt.gz,MRK_000031015818000005.mdna.txt.gz,28,US,ok
0000310158-17-000010,MRK,2016,2017-02-28,True,en,MRK_000031015817000010.full.txt.gz,MRK_000031015817000010.mdna.txt.gz,28,US,ok
0000310158-16-000063,MRK,2015,2016-02-26,True,en,MRK_000031015816000063.full.txt.gz,MRK_000031015816000063.mdna.txt.gz,28,US,ok
0000310158-15-000005,MRK,2014,2015-02-27,True,en,MRK_000031015815000005.full.txt.gz,MRK_000031015815000005.mdna.txt.gz,28,US,ok
0000731766-24-000081,UNH,2023,2024-02-28,True,en,UNH_000073176624000081.full.txt.gz,UNH_000073176624000081.mdna.txt.gz,63,US,ok
0000731766-23-000008,UNH,2022,2023-02-24,True,en,UNH_000073176623000008.full.txt.gz,UNH_000073176623000008.mdna.txt.gz,63,US,ok
0000731766-22-000008,UNH,2021,2022-02-15,True,en,UNH_000073176622000008.full.txt.gz,UNH_000073176622000008.mdna.txt.gz,63,US,ok
0000731766-21-000013,UNH,2020,2021-03-01,True,en,UNH_000073176621000013.full.txt.gz,UNH_000073176621000013.mdna.txt.gz,63,US,ok
0000731766-20-000006,UNH,2019,2020-02-14,True,en,UNH_000073176620000006.full.txt.gz,UNH_000073176620000006.mdna.txt.gz,63,US,ok
0000731766-19-000005,UNH,2018,2019-02-12,True,en,UNH_000073176619000005.full.txt.gz,UNH_000073176619000005.mdna.txt.gz,63,US,ok
0000731766-18-000005,UNH,2017,2018-02-13,True,en,UNH_000073176618000005.full.txt.gz,UNH_000073176618000005.mdna.txt.gz,63,US,ok
0000731766-17-000009,UNH,2016,2017-02-08,True,en,UNH_000073176617000009.full.txt.gz,UNH_000073176617000009.mdna.txt.gz,63,US,ok
0000731766-16-000058,UNH,2015,2016-02-09,True,en,UNH_000073176616000058.full.txt.gz,UNH_000073176616000058.mdna.txt.gz,63,US,ok
0000731766-15-000007,UNH,2014,2015-02-10,True,en,UNH_000073176615000007.full.txt.gz,UNH_000073176615000007.mdna.txt.gz,63,US,ok
0000318154-24-000011,AMGN,2023,2024-02-14,True,en,AMGN_000031815424000011.full.txt.gz,AMGN_000031815424000011.mdna.txt.gz,28,US,ok
0000318154-23-000017,AMGN,2022,2023-02-09,True,en,AMGN_000031815423000017.full.txt.gz,AMGN_000031815423000017.mdna.txt.gz,28,US,ok
0000318154-22-000010,AMGN,2021,2022-02-16,True,en,AMGN_000031815422000010.full.txt.gz,AMGN_000031815422000010.mdna.txt.gz,28,US,ok
0000318154-21-000010,AMGN,2020,2021-02-09,False,en,AMGN_000031815421000010.full.txt.gz,AMGN_000031815421000010.mdna.txt.gz,28,US,ok
0000318154-20-000017,AMGN,2019,2020-02-12,True,en,AMGN_000031815420000017.full.txt.gz,AMGN_000031815420000017.mdna.txt.gz,28,US,ok
0000318154-19-000008,AMGN,2018,2019-02-13,True,en,AMGN_000031815419000008.full.txt.gz,AMGN_000031815419000008.mdna.txt.gz,28,US,ok
0000318154-18-000004,AMGN,2017,2018-02-13,True,en,AMGN_000031815418000004.full.txt.gz,AMGN_000031815418000004.mdna.txt.gz,28,US,ok
0000318154-17-000004,AMGN,2016,2017-02-14,True,en,AMGN_000031815417000004.full.txt.gz,AMGN_000031815417000004.mdna.txt.gz,28,US,ok
0000318154-16-000031,AMGN,2015,2016-02-16,False,en,AMGN_000031815416000031.full.txt.gz,AMGN_000031815416000031.mdna.txt.gz,28,US,ok
0000318154-15-000005,AMGN,2014,2015-02-19,True,en,AMGN_000031815415000005.full.txt.gz,AMGN_000031815415000005.mdna.txt.gz,28,US,ok
0000080424-24-000083,PG,2024,2024-08-05,True,en,PG_000008042424000083.full.txt.gz,PG_000008042424000083.mdna.txt.gz,28,US,ok
0000080424-23-000073,PG,2023,2023-08-04,True,en,PG_000008042423000073.full.txt.gz,PG_000008042423000073.mdna.txt.gz,28,US,ok
0000080424-22-000064,PG,2022,2022-08-05,True,en,PG_000008042422000064.full.txt.gz,PG_000008042422000064.mdna.txt.gz,28,US,ok
0000080424-21-000100,PG,2021,2021-08-06,True,en,PG_000008042421000100.full.txt.gz,PG_000008042421000100.mdna.txt.gz,28,US,ok
0000080424-20-000053,PG,2020,2020-08-06,True,en,PG_000008042420000053.full.txt.gz,PG_000008042420000053.mdna.txt.gz,28,US,ok
0000080424-19-000050,PG,2019,2019-08-06,True,en,PG_000008042419000050.full.txt.gz,PG_000008042419000050.mdna.txt.gz,28,US,ok
0000080424-18-000055,PG,2018,2018-08-07,True,en,PG_000008042418000055.full.txt.gz,PG_000008042418000055.mdna.txt.gz,28,US,ok
0000080424-17-000047,PG,2017,2017-08-07,True,en,PG_000008042417000047.full.txt.gz,PG_000008042417000047.mdna.txt.gz,28,US,ok
0000080424-16-000212,PG,2016,2016-08-09,True,en,PG_000008042416000212.full.txt.gz,PG_000008042416000212.mdna.txt.gz,28,US,ok
0000080424-15-000070,PG,2015,2015-08-07,True,en,PG_000008042415000070.full.txt.gz,PG_000008042415000070.mdna.txt.gz,28,US,ok
0000021344-24-000009,KO,2023,2024-02-20,True,en,KO_000002134424000009.full.txt.gz,KO_000002134424000009.mdna.txt.gz,20,US,ok
0000021344-23-000011,KO,2022,2023-02-21,True,en,KO_000002134423000011.full.txt.gz,KO_000002134423000011.mdna.txt.gz,20,US,ok
0000021344-22-000009,KO,2021,2022-02-22,True,en,KO_000002134422000009.full.txt.gz,KO_000002134422000009.mdna.txt.gz,20,US,ok
0000021344-21-000008,KO,2020,2021-02-25,True,en,KO_000002134421000008.full.txt.gz,KO_000002134421000008.mdna.txt.gz,20,US,ok
0000021344-20-000006,KO,2019,2020-02-24,True,en,KO_000002134420000006.full.txt.gz,KO_000002134420000006.mdna.txt.gz,20,US,ok
0000021344-19-000014,KO,2018,2019-02-21,True,en,KO_000002134419000014.full.txt.gz,KO_000002134419000014.mdna.txt.gz,20,US,ok
0000021344-18-000008,KO,2017,2018-02-23,True,en,KO_000002134418000008.full.txt.gz,KO_000002134418000008.mdna.txt.gz,20,US,ok
0000021344-17-000009,KO,2016,2017-02-24,True,en,KO_000002134417000009.full.txt.gz,KO_000002134417000009.mdna.txt.gz,20,US,ok
0000021344-16-000050,KO,2015,2016-02-25,True,en,KO_000002134416000050.full.txt.gz,KO_000002134416000050.mdna.txt.gz,20,US,ok
0000021344-15-000005,KO,2014,2015-02-25,True,en,KO_000002134415000005.full.txt.gz,KO_000002134415000005.mdna.txt.gz,20,US,ok
0000077476-24-000008,PEP,2023,2024-02-08,True,en,PEP_000007747624000008.full.txt.gz,PEP_000007747624000008.mdna.txt.gz,20,US,ok
0000077476-23-000007,PEP,2022,2023-02-08,True,en,PEP_000007747623000007.full.txt.gz,PEP_000007747623000007.mdna.txt.gz,20,US,ok
0000077476-22-000010,PEP,2021,2022-02-09,True,en,PEP_000007747622000010.full.txt.gz,PEP_000007747622000010.mdna.txt.gz,20,US,ok
0000077476-21-000007,PEP,2020,2021-02-10,True,en,PEP_000007747621000007.full.txt.gz,PEP_000007747621000007.mdna.txt.gz,20,US,ok
0000077476-20-000015,PEP,2019,2020-02-13,False,en,PEP_000007747620000015.full.txt.gz,PEP_000007747620000015.mdna.txt.gz,20,US,ok
0000077476-19-000017,PEP,2018,2019-02-15,True,en,PEP_000007747619000017.full.txt.gz,PEP_000007747619000017.mdna.txt.gz,20,US,ok
0000077476-18-000012,PEP,2017,2018-02-13,True,en,PEP_000007747618000012.full.txt.gz,PEP_000007747618000012.mdna.txt.gz,20,US,ok
0000077476-17-000010,PEP,2016,2017-02-15,True,en,PEP_000007747617000010.full.txt.gz,PEP_000007747617000010.mdna.txt.gz,20,US,ok
0000077476-16-000066,PEP,2015,2016-02-11,True,en,PEP_000007747616000066.full.txt.gz,PEP_000007747616000066.mdna.txt.gz,20,US,ok
0000077476-15-000012,PEP,2014,2015-02-12,True,en,PEP_000007747615000012.full.txt.gz,PEP_000007747615000012.mdna.txt.gz,20,US,ok
0000104169-24-000056,WMT,2024,2024-03-15,True,en,WMT_000010416924000056.full.txt.gz,WMT_000010416924000056.mdna.txt.gz,53,US,ok
0000104169-23-000020,WMT,2023,2023-03-17,True,en,WMT_000010416923000020.full.txt.gz,WMT_000010416923000020.mdna.txt.gz,53,US,ok
0000104169-22-000012,WMT,2022,2022-03-18,True,en,WMT_000010416922000012.full.txt.gz,WMT_000010416922000012.mdna.txt.gz,53,US,ok
0000104169-21-000033,WMT,2021,2021-03-19,True,en,WMT_000010416921000033.full.txt.gz,WMT_000010416921000033.mdna.txt.gz,53,US,ok
0000104169-20-000011,WMT,2020,2020-03-20,True,en,WMT_000010416920000011.full.txt.gz,WMT_000010416920000011.mdna.txt.gz,53,US,ok
0000104169-19-000016,WMT,2019,2019-03-28,True,en,WMT_000010416919000016.full.txt.gz,WMT_000010416919000016.mdna.txt.gz,53,US,ok
0000104169-18-000028,WMT,2018,2018-03-30,True,en,WMT_000010416918000028.full.txt.gz,WMT_000010416918000028.mdna.txt.gz,53,US,ok
0000104169-17-000021,WMT,2017,2017-03-31,True,en,WMT_000010416917000021.full.txt.gz,,53,US,ok
0000104169-16-000079,WMT,2016,2016-03-30,True,en,WMT_000010416916000079.full.txt.gz,,53,US,ok
0000104169-15-000011,WMT,2015,2015-04-01,True,en,WMT_000010416915000011.full.txt.gz,,53,US,ok
0000909832-24-000049,COST,2024,2024-10-08,True,en,COST_000090983224000049.full.txt.gz,COST_000090983224000049.mdna.txt.gz,53,US,ok
0000909832-23-000042,COST,2023,2023-10-10,True,en,COST_000090983223000042.full.txt.gz,COST_000090983223000042.mdna.txt.gz,53,US,ok
0000909832-22-000021,COST,2022,2022-10-05,False,en,COST_000090983222000021.full.txt.gz,COST_000090983222000021.mdna.txt.gz,53,US,ok
0000909832-21-000014,COST,2021,2021-10-06,False,en,COST_000090983221000014.full.txt.gz,COST_000090983221000014.mdna.txt.gz,53,US,ok
0000909832-20-000017,COST,2020,2020-10-06,True,en,COST_000090983220000017.full.txt.gz,COST_000090983220000017.mdna.txt.gz,53,US,ok
0000909832-19-000019,COST,2019,2019-10-10,True,en,COST_000090983219000019.full.txt.gz,COST_000090983219000019.mdna.txt.gz,53,US,ok
0000909832-18-000013,COST,2018,2018-10-26,False,en,COST_000090983218000013.full.txt.gz,COST_000090983218000013.mdna.txt.gz,53,US,ok
0000909832-17-000014,COST,2017,2017-10-18,False,en,COST_000090983217000014.full.txt.gz,COST_000090983217000014.mdna.txt.gz,53,US,ok
0000909832-16-000032,COST,2016,2016-10-11,True,en,COST_000090983216000032.full.txt.gz,COST_000090983216000032.mdna.txt.gz,53,US,ok
0000909832-15-000014,COST,2015,2015-10-13,True,en,COST_000090983215000014.full.txt.gz,COST_000090983215000014.mdna.txt.gz,53,US,ok
0000354950-24-000062,HD,2024,2024-03-13,True,en,HD_000035495024000062.full.txt.gz,HD_000035495024000062.mdna.txt.gz,52,US,ok
0000354950-23-000059,HD,2023,2023-03-15,True,en,HD_000035495023000059.full.txt.gz,HD_000035495023000059.mdna.txt.gz,52,US,ok
0000354950-22-000070,HD,2022,2022-03-23,True,en,HD_000035495022000070.full.txt.gz,HD_000035495022000070.mdna.txt.gz,52,US,ok
0000354950-21-000089,HD,2021,2021-03-24,True,en,HD_000035495021000089.full.txt.gz,HD_000035495021000089.mdna.txt.gz,52,US,ok
0000354950-20-000015,HD,2020,2020-03-25,True,en,HD_000035495020000015.full.txt.gz,HD_000035495020000015.mdna.txt.gz,52,US,ok
0000354950-19-000010,HD,2019,2019-03-28,True,en,HD_000035495019000010.full.txt.gz,HD_000035495019000010.mdna.txt.gz,52,US,ok
0000354950-18-000019,HD,2018,2018-03-22,True,en,HD_000035495018000019.full.txt.gz,HD_000035495018000019.mdna.txt.gz,52,US,ok
0000354950-17-000005,HD,2017,2017-03-23,True,en,HD_000035495017000005.full.txt.gz,HD_000035495017000005.mdna.txt.gz,52,US,ok
0000354950-16-000060,HD,2016,2016-03-24,True,en,HD_000035495016000060.full.txt.gz,HD_000035495016000060.mdna.txt.gz,52,US,ok
0000354950-15-000008,HD,2015,2015-03-26,True,en,HD_000035495015000008.full.txt.gz,HD_000035495015000008.mdna.txt.gz,52,US,ok
0000060667-24-000033,LOW,2024,2024-03-25,True,en,LOW_000006066724000033.full.txt.gz,LOW_000006066724000033.mdna.txt.gz,52,US,ok
0000060667-23-000034,LOW,2023,2023-03-27,True,en,LOW_000006066723000034.full.txt.gz,LOW_000006066723000034.mdna.txt.gz,52,US,ok
0000060667-22-000038,LOW,2022,2022-03-21,True,en,LOW_000006066722000038.full.txt.gz,LOW_000006066722000038.mdna.txt.gz,52,US,ok
0000060667-21-000026,LOW,2021,2021-03-22,True,en,LOW_000006066721000026.full.txt.gz,LOW_000006066721000026.mdna.txt.gz,52,US,ok
0000060667-20-000036,LOW,2020,2020-03-23,True,en,LOW_000006066720000036.full.txt.gz,LOW_000006066720000036.mdna.txt.gz,52,US,ok
0000060667-19-000042,LOW,2019,2019-04-01,True,en,LOW_000006066719000042.full.txt.gz,LOW_000006066719000042.mdna.txt.gz,52,US,ok
0000060667-18-000051,LOW,2018,2018-04-02,True,en,LOW_000006066718000051.full.txt.gz,LOW_000006066718000051.mdna.txt.gz,52,US,ok
0000060667-17-000076,LOW,2017,2017-04-04,False,en,LOW_000006066717000076.full.txt.gz,LOW_000006066717000076.mdna.txt.gz,52,US,ok
0000060667-16-000276,LOW,2016,2016-03-28,True,en,LOW_000006066716000276.full.txt.gz,LOW_000006066716000276.mdna.txt.gz,52,US,ok
0000060667-15-000057,LOW,2015,2015-03-31,True,en,LOW_000006066715000057.full.txt.gz,LOW_000006066715000057.mdna.txt.gz,52,US,ok
0000063908-24-000072,MCD,2023,2024-02-22,True,en,MCD_000006390824000072.full.txt.gz,MCD_000006390824000072.mdna.txt.gz,58,US,ok
0000063908-23-000012,MCD,2022,2023-02-24,True,en,MCD_000006390823000012.full.txt.gz,MCD_000006390823000012.mdna.txt.gz,58,US,ok
0000063908-22-000011,MCD,2021,2022-02-24,True,en,MCD_000006390822000011.full.txt.gz,MCD_000006390822000011.mdna.txt.gz,58,US,ok
0000063908-21-000013,MCD,2020,2021-02-23,True,en,MCD_000006390821000013.full.txt.gz,MCD_000006390821000013.mdna.txt.gz,58,US,ok
0000063908-20-000022,MCD,2019,2020-02-26,True,en,MCD_000006390820000022.full.txt.gz,MCD_000006390820000022.mdna.txt.gz,58,US,ok
0000063908-19-000010,MCD,2018,2019-02-22,False,en,MCD_000006390819000010.full.txt.gz,MCD_000006390819000010.mdna.txt.gz,58,US,ok
0000063908-18-000010,MCD,2017,2018-02-23,True,en,MCD_000006390818000010.full.txt.gz,MCD_000006390818000010.mdna.txt.gz,58,US,ok
0000063908-17-000017,MCD,2016,2017-03-01,True,en,MCD_000006390817000017.full.txt.gz,MCD_000006390817000017.mdna.txt.gz,58,US,ok
0000063908-16-000103,MCD,2015,2016-02-25,True,en,MCD_000006390816000103.full.txt.gz,MCD_000006390816000103.mdna.txt.gz,58,US,ok
0000063908-15-000016,MCD,2014,2015-02-24,True,en,MCD_000006390815000016.full.txt.gz,MCD_000006390815000016.mdna.txt.gz,58,US,ok
0000320187-24-000044,NKE,2024,2024-07-25,True,en,NKE_000032018724000044.full.txt.gz,NKE_000032018724000044.mdna.txt.gz,30,US,ok
0000320187-23-000039,NKE,2023,2023-07-20,True,en,NKE_000032018723000039.full.txt.gz,NKE_000032018723000039.mdna.txt.gz,30,US,ok
0000320187-22-000038,NKE,2022,2022-07-21,True,en,NKE_000032018722000038.full.txt.gz,NKE_000032018722000038.mdna.txt.gz,30,US,ok
0000320187-21-000028,NKE,2021,2021-07-20,True,en,NKE_000032018721000028.full.txt.gz,NKE_000032018721000028.mdna.txt.gz,30,US,ok
0000320187-20-000047,NKE,2020,2020-07-24,True,en,NKE_000032018720000047.full.txt.gz,NKE_000032018720000047.mdna.txt.gz,30,US,ok
0000320187-19-000051,NKE,2019,2019-07-23,True,en,NKE_000032018719000051.full.txt.gz,NKE_000032018719000051.mdna.txt.gz,30,US,ok
0000320187-18-000142,NKE,2018,2018-07-24,True,en,NKE_000032018718000142.full.txt.gz,NKE_000032018718000142.mdna.txt.gz,30,US,ok
0000320187-17-000090,NKE,2017,2017-07-20,True,en,NKE_000032018717000090.full.txt.gz,NKE_000032018717000090.mdna.txt.gz,30,US,ok
0000320187-16-000336,NKE,2016,2016-07-21,True,en,NKE_000032018716000336.full.txt.gz,NKE_000032018716000336.mdna.txt.gz,30,US,ok
0000320187-15-000113,NKE,2015,2015-07-23,True,en,NKE_000032018715000113.full.txt.gz,NKE_000032018715000113.mdna.txt.gz,30,US,ok
0001744489-24-000276,DIS,2024,2024-11-14,False,en,DIS_000174448924000276.full.txt.gz,DIS_000174448924000276.mdna.txt.gz,79,US,ok
0001744489-23-000216,DIS,2023,2023-11-21,True,en,DIS_000174448923000216.full.txt.gz,DIS_000174448923000216.mdna.txt.gz,79,US,ok
0001744489-22-000213,DIS,2022,2022-11-29,True,en,DIS_000174448922000213.full.txt.gz,DIS_000174448922000213.mdna.txt.gz,79,US,ok
0001744489-21-000220,DIS,2021,2021-11-24,True,en,DIS_000174448921000220.full.txt.gz,DIS_000174448921000220.mdna.txt.gz,79,US,ok
0001744489-20-000197,DIS,2020,2020-11-25,True,en,DIS_000174448920000197.full.txt.gz,DIS_000174448920000197.mdna.txt.gz,79,US,ok
0001744489-19-000225,DIS,2019,2019-11-20,True,en,DIS_000174448919000225.full.txt.gz,DIS_000174448919000225.mdna.txt.gz,79,US,ok
0001001039-18-000187,DIS,2018,2018-11-21,True,en,DIS_000100103918000187.full.txt.gz,DIS_000100103918000187.mdna.txt.gz,79,US,ok
0001001039-17-000198,DIS,2017,2017-11-22,True,en,DIS_000100103917000198.full.txt.gz,DIS_000100103917000198.mdna.txt.gz,79,US,ok
0001001039-16-000516,DIS,2016,2016-11-23,True,en,DIS_000100103916000516.full.txt.gz,DIS_000100103916000516.mdna.txt.gz,79,US,ok
0001001039-15-000255,DIS,2015,2015-11-25,True,en,DIS_000100103915000255.full.txt.gz,DIS_000100103915000255.mdna.txt.gz,79,US,ok
0001065280-24-000030,NFLX,2023,2024-01-26,True,en,NFLX_000106528024000030.full.txt.gz,NFLX_000106528024000030.mdna.txt.gz,78,US,ok
0001065280-23-000035,NFLX,2022,2023-01-26,True,en,NFLX_000106528023000035.full.txt.gz,NFLX_000106528023000035.mdna.txt.gz,78,US,ok
0001065280-22-000036,NFLX,2021,2022-01-27,True,en,NFLX_000106528022000036.full.txt.gz,NFLX_000106528022000036.mdna.txt.gz,78,US,ok
0001065280-21-000040,NFLX,2020,2021-01-28,True,en,NFLX_000106528021000040.full.txt.gz,NFLX_000106528021000040.mdna.txt.gz,78,US,ok
0001065280-20-000040,NFLX,2019,2020-01-29,True,en,NFLX_000106528020000040.full.txt.gz,NFLX_000106528020000040.mdna.txt.gz,78,US,ok
0001065280-19-000043,NFLX,2018,2019-01-29,True,en,NFLX_000106528019000043.full.txt.gz,NFLX_000106528019000043.mdna.txt.gz,78,US,ok
0001065280-18-000069,NFLX,2017,2018-01-29,True,en,NFLX_000106528018000069.full.txt.gz,NFLX_000106528018000069.mdna.txt.gz,78,US,ok
0001628280-17-000496,NFLX,2016,2017-01-27,True,en,NFLX_000162828017000496.full.txt.gz,NFLX_000162828017000496.mdna.txt.gz,78,US,ok
0001065280-16-000047,NFLX,2015,2016-01-28,True,en,NFLX_000106528016000047.full.txt.gz,NFLX_000106528016000047.mdna.txt.gz,78,US,ok
0001065280-15-000006,NFLX,2014,2015-01-29,True,en,NFLX_000106528015000006.full.txt.gz,NFLX_000106528015000006.mdna.txt.gz,78,US,ok
0001166691-24-000011,CMCSA,2023,2024-01-31,True,en,CMCSA_000116669124000011.full.txt.gz,CMCSA_000116669124000011.mdna.txt.gz,48,US,ok
0001166691-23-000010,CMCSA,2022,2023-02-03,True,en,CMCSA_000116669123000010.full.txt.gz,CMCSA_000116669123000010.mdna.txt.gz,48,US,ok
0001166691-22-000009,CMCSA,2021,2022-02-02,True,en,CMCSA_000116669122000009.full.txt.gz,CMCSA_000116669122000009.mdna.txt.gz,48,US,ok
0001166691-21-000008,CMCSA,2020,2021-02-03,True,en,CMCSA_000116669121000008.full.txt.gz,CMCSA_000116669121000008.mdna.txt.gz,48,US,ok
0001166691-20-000008,CMCSA,2019,2020-01-30,True,en,CMCSA_000116669120000008.full.txt.gz,CMCSA_000116669120000008.mdna.txt.gz,48,US,ok
0001166691-19-000005,CMCSA,2018,2019-01-31,True,en,CMCSA_000116669119000005.full.txt.gz,CMCSA_000116669119000005.mdna.txt.gz,48,US,ok
0001166691-18-000004,CMCSA,2017,2018-01-31,True,en,CMCSA_000116669118000004.full.txt.gz,CMCSA_000116669118000004.mdna.txt.gz,48,US,ok
0001193125-17-030512,CMCSA,2016,2017-02-03,True,en,CMCSA_000119312517030512.full.txt.gz,CMCSA_000119312517030512.mdna.txt.gz,48,US,ok
0001193125-16-452423,CMCSA,2015,2016-02-05,True,en,CMCSA_000119312516452423.full.txt.gz,CMCSA_000119312516452423.mdna.txt.gz,48,US,ok
0001193125-15-068526,CMCSA,2014,2015-02-27,True,en,CMCSA_000119312515068526.full.txt.gz,CMCSA_000119312515068526.mdna.txt.gz,48,US,ok
0000093410-24-000013,CVX,2023,2024-02-26,True,en,CVX_000009341024000013.full.txt.gz,CVX_000009341024000013.mdna.txt.gz,29,US,ok
0000093410-23-000009,CVX,2022,2023-02-23,True,en,CVX_000009341023000009.full.txt.gz,CVX_000009341023000009.mdna.txt.gz,29,US,ok
0000093410-22-000019,CVX,2021,2022-02-24,True,en,CVX_000009341022000019.full.txt.gz,CVX_000009341022000019.mdna.txt.gz,29,US,ok
0000093410-21-000009,CVX,2020,2021-02-25,True,en,CVX_000009341021000009.full.txt.gz,CVX_000009341021000009.mdna.txt.gz,29,US,ok
0000093410-20-000010,CVX,2019,2020-02-21,True,en,CVX_000009341020000010.full.txt.gz,CVX_000009341020000010.mdna.txt.gz,29,US,ok
0000093410-19-000008,CVX,2018,2019-02-22,True,en,CVX_000009341019000008.full.txt.gz,CVX_000009341019000008.mdna.txt.gz,29,US,ok
0000093410-18-000010,CVX,2017,2018-02-22,True,en,CVX_000009341018000010.full.txt.gz,CVX_000009341018000010.mdna.txt.gz,29,US,ok
0000093410-17-000013,CVX,2016,2017-02-23,True,en,CVX_000009341017000013.full.txt.gz,CVX_000009341017000013.mdna.txt.gz,29,US,ok
0000093410-16-000049,CVX,2015,2016-02-25,True,en,CVX_000009341016000049.full.txt.gz,CVX_000009341016000049.mdna.txt.gz,29,US,ok
0000093410-15-000010,CVX,2014,2015-02-20,True,en,CVX_000009341015000010.full.txt.gz,CVX_000009341015000010.mdna.txt.gz,29,US,ok
0000034088-24-000018,XOM,2023,2024-02-28,True,en,XOM_000003408824000018.full.txt.gz,XOM_000003408824000018.mdna.txt.gz,29,US,ok
0000034088-23-000020,XOM,2022,2023-02-22,True,en,XOM_000003408823000020.full.txt.gz,XOM_000003408823000020.mdna.txt.gz,29,US,ok
0000034088-22-000011,XOM,2021,2022-02-23,True,en,XOM_000003408822000011.full.txt.gz,XOM_000003408822000011.mdna.txt.gz,29,US,ok
0000034088-21-000012,XOM,2020,2021-02-24,True,en,XOM_000003408821000012.full.txt.gz,XOM_000003408821000012.mdna.txt.gz,29,US,ok
0000034088-20-000016,XOM,2019,2020-02-26,True,en,XOM_000003408820000016.full.txt.gz,XOM_000003408820000016.mdna.txt.gz,29,US,ok
0000034088-19-000010,XOM,2018,2019-02-27,True,en,XOM_000003408819000010.full.txt.gz,XOM_000003408819000010.mdna.txt.gz,29,US,ok
0000034088-18-000015,XOM,2017,2018-02-28,True,en,XOM_000003408818000015.full.txt.gz,XOM_000003408818000015.mdna.txt.gz,29,US,ok
0000034088-17-000017,XOM,2016,2017-02-22,True,en,XOM_000003408817000017.full.txt.gz,XOM_000003408817000017.mdna.txt.gz,29,US,ok
0000034088-16-000065,XOM,2015,2016-02-24,True,en,XOM_000003408816000065.full.txt.gz,XOM_000003408816000065.mdna.txt.gz,29,US,ok
0000034088-15-000013,XOM,2014,2015-02-25,True,en,XOM_000003408815000013.full.txt.gz,XOM_000003408815000013.mdna.txt.gz,29,US,ok
0000018230-24-000009,CAT,2023,2024-02-16,False,en,CAT_000001823024000009.full.txt.gz,CAT_000001823024000009.mdna.txt.gz,35,US,ok
0000018230-23-000011,CAT,2022,2023-02-15,False,en,CAT_000001823023000011.full.txt.gz,CAT_000001823023000011.mdna.txt.gz,35,US,ok
0000018230-22-000050,CAT,2021,2022-02-16,False,en,CAT_000001823022000050.full.txt.gz,CAT_000001823022000050.mdna.txt.gz,35,US,ok
0000018230-21-000063,CAT,2020,2021-02-17,False,en,CAT_000001823021000063.full.txt.gz,CAT_000001823021000063.mdna.txt.gz,35,US,ok
0000018230-20-000056,CAT,2019,2020-02-19,True,en,CAT_000001823020000056.full.txt.gz,CAT_000001823020000056.mdna.txt.gz,35,US,ok
0000018230-19-000034,CAT,2018,2019-02-14,True,en,CAT_000001823019000034.full.txt.gz,CAT_000001823019000034.mdna.txt.gz,35,US,ok
0000018230-18-000042,CAT,2017,2018-02-15,True,en,CAT_000001823018000042.full.txt.gz,CAT_000001823018000042.mdna.txt.gz,35,US,ok
0000018230-17-000041,CAT,2016,2017-02-15,True,en,CAT_000001823017000041.full.txt.gz,CAT_000001823017000041.mdna.txt.gz,35,US,ok
0000018230-16-000410,CAT,2015,2016-02-16,True,en,CAT_000001823016000410.full.txt.gz,CAT_000001823016000410.mdna.txt.gz,35,US,ok
0000018230-15-000061,CAT,2014,2015-02-17,True,en,CAT_000001823015000061.full.txt.gz,,35,US,ok
0000012927-24-000010,BA,2023,2024-01-31,True,en,BA_000001292724000010.full.txt.gz,BA_000001292724000010.mdna.txt.gz,37,US,ok
0000012927-23-000007,BA,2022,2023-01-27,True,en,BA_000001292723000007.full.txt.gz,BA_000001292723000007.mdna.txt.gz,37,US,ok
0000012927-22-000010,BA,2021,2022-01-31,False,en,BA_000001292722000010.full.txt.gz,BA_000001292722000010.mdna.txt.gz,37,US,ok
0000012927-21-000011,BA,2020,2021-02-01,True,en,BA_000001292721000011.full.txt.gz,BA_000001292721000011.mdna.txt.gz,37,US,ok
0000012927-20-000014,BA,2019,2020-01-31,True,en,BA_000001292720000014.full.txt.gz,BA_000001292720000014.mdna.txt.gz,37,US,ok
0000012927-19-000010,BA,2018,2019-02-08,True,en,BA_000001292719000010.full.txt.gz,BA_000001292719000010.mdna.txt.gz,37,US,ok
0000012927-18-000007,BA,2017,2018-02-12,True,en,BA_000001292718000007.full.txt.gz,BA_000001292718000007.mdna.txt.gz,37,US,ok
0000012927-17-000006,BA,2016,2017-02-08,True,en,BA_000001292717000006.full.txt.gz,BA_000001292717000006.mdna.txt.gz,37,US,ok
0000012927-16-000099,BA,2015,2016-02-10,False,en,BA_000001292716000099.full.txt.gz,BA_000001292716000099.mdna.txt.gz,37,US,ok
0000012927-15-000011,BA,2014,2015-02-12,True,en,BA_000001292715000011.full.txt.gz,BA_000001292715000011.mdna.txt.gz,37,US,ok
0000773840-24-000014,HON,2023,2024-02-16,True,en,HON_000077384024000014.full.txt.gz,HON_000077384024000014.mdna.txt.gz,37,US,ok
0000773840-23-000013,HON,2022,2023-02-10,True,en,HON_000077384023000013.full.txt.gz,HON_000077384023000013.mdna.txt.gz,37,US,ok
0000773840-22-000018,HON,2021,2022-02-11,True,en,HON_000077384022000018.full.txt.gz,HON_000077384022000018.mdna.txt.gz,37,US,ok
0000773840-21-000015,HON,2020,2021-02-12,True,en,HON_000077384021000015.full.txt.gz,HON_000077384021000015.mdna.txt.gz,37,US,ok
0000773840-20-000009,HON,2019,2020-02-14,True,en,HON_000077384020000009.full.txt.gz,HON_000077384020000009.mdna.txt.gz,37,US,ok
0000930413-19-000366,HON,2018,2019-02-08,True,en,HON_000093041319000366.full.txt.gz,HON_000093041319000366.mdna.txt.gz,37,US,ok
0000930413-18-000292,HON,2017,2018-02-09,True,en,HON_000093041318000292.full.txt.gz,HON_000093041318000292.mdna.txt.gz,37,US,ok
0000930413-17-000391,HON,2016,2017-02-10,True,en,HON_000093041317000391.full.txt.gz,HON_000093041317000391.mdna.txt.gz,37,US,ok
0000930413-16-005457,HON,2015,2016-02-12,True,en,HON_000093041316005457.full.txt.gz,HON_000093041316005457.mdna.txt.gz,37,US,ok
0000930413-15-000621,HON,2014,2015-02-13,True,en,HON_000093041315000621.full.txt.gz,HON_000093041315000621.mdna.txt.gz,37,US,ok
0000066740-24-000016,MMM,2023,2024-02-07,False,en,MMM_000006674024000016.full.txt.gz,MMM_000006674024000016.mdna.txt.gz,38,US,ok
0000066740-23-000014,MMM,2022,2023-02-08,True,en,MMM_000006674023000014.full.txt.gz,MMM_000006674023000014.mdna.txt.gz,38,US,ok
0000066740-22-000010,MMM,2021,2022-02-09,True,en,MMM_000006674022000010.full.txt.gz,MMM_000006674022000010.mdna.txt.gz,38,US,ok
0001558370-21-000737,MMM,2020,2021-02-04,True,en,MMM_000155837021000737.full.txt.gz,MMM_000155837021000737.mdna.txt.gz,38,US,ok
0001558370-20-000581,MMM,2019,2020-02-06,True,en,MMM_000155837020000581.full.txt.gz,MMM_000155837020000581.mdna.txt.gz,38,US,ok
0001558370-19-000470,MMM,2018,2019-02-07,True,en,MMM_000155837019000470.full.txt.gz,MMM_000155837019000470.mdna.txt.gz,38,US,ok
0001558370-18-000535,MMM,2017,2018-02-08,True,en,MMM_000155837018000535.full.txt.gz,MMM_000155837018000535.mdna.txt.gz,38,US,ok
0001558370-17-000479,MMM,2016,2017-02-09,True,en,MMM_000155837017000479.full.txt.gz,MMM_000155837017000479.mdna.txt.gz,38,US,ok
0001558370-16-003162,MMM,2015,2016-02-11,True,en,MMM_000155837016003162.full.txt.gz,MMM_000155837016003162.mdna.txt.gz,38,US,ok
0001104659-15-009560,MMM,2014,2015-02-12,True,en,MMM_000110465915009560.full.txt.gz,MMM_000110465915009560.mdna.txt.gz,38,US,ok
0001090727-24-000008,UPS,2023,2024-02-20,True,en,UPS_000109072724000008.full.txt.gz,UPS_000109072724000008.mdna.txt.gz,42,US,ok
0001090727-23-000006,UPS,2022,2023-02-21,False,en,UPS_000109072723000006.full.txt.gz,UPS_000109072723000006.mdna.txt.gz,42,US,ok
0001090727-22-000007,UPS,2021,2022-02-22,False,en,UPS_000109072722000007.full.txt.gz,UPS_000109072722000007.mdna.txt.gz,42,US,ok
0001090727-21-000013,UPS,2020,2021-02-22,True,en,UPS_000109072721000013.full.txt.gz,UPS_000109072721000013.mdna.txt.gz,42,US,ok
0001090727-20-000005,UPS,2019,2020-02-20,True,en,UPS_000109072720000005.full.txt.gz,UPS_000109072720000005.mdna.txt.gz,42,US,ok
0001090727-19-000006,UPS,2018,2019-02-21,True,en,UPS_000109072719000006.full.txt.gz,UPS_000109072719000006.mdna.txt.gz,42,US,ok
0001090727-18-000009,UPS,2017,2018-02-21,True,en,UPS_000109072718000009.full.txt.gz,UPS_000109072718000009.mdna.txt.gz,42,US,ok
0001090727-17-000011,UPS,2016,2017-02-21,False,en,UPS_000109072717000011.full.txt.gz,UPS_000109072717000011.mdna.txt.gz,42,US,ok
0001090727-16-000053,UPS,2015,2016-02-24,True,en,UPS_000109072716000053.full.txt.gz,UPS_000109072716000053.mdna.txt.gz,42,US,ok
0001090727-15-000008,UPS,2014,2015-02-27,True,en,UPS_000109072715000008.full.txt.gz,UPS_000109072715000008.mdna.txt.gz,42,US,ok
0000037996-24-000009,F,2023,2024-02-07,False,en,F_000003799624000009.full.txt.gz,F_000003799624000009.mdna.txt.gz,37,US,ok
0000037996-23-000012,F,2022,2023-02-03,False,en,F_000003799623000012.full.txt.gz,F_000003799623000012.mdna.txt.gz,37,US,ok
0000037996-22-000013,F,2021,2022-02-03,True,en,F_000003799622000013.full.txt.gz,F_000003799622000013.mdna.txt.gz,37,US,ok
0000037996-21-000012,F,2020,2021-02-04,True,en,F_000003799621000012.full.txt.gz,F_000003799621000012.mdna.txt.gz,37,US,ok
0000037996-20-000010,F,2019,2020-02-05,True,en,F_000003799620000010.full.txt.gz,F_000003799620000010.mdna.txt.gz,37,US,ok
0000037996-19-000012,F,2018,2019-02-21,True,en,F_000003799619000012.full.txt.gz,F_000003799619000012.mdna.txt.gz,37,US,ok
0000037996-18-000015,F,2017,2018-02-08,True,en,F_000003799618000015.full.txt.gz,F_000003799618000015.mdna.txt.gz,37,US,ok
0000037996-17-000013,F,2016,2017-02-09,False,en,F_000003799617000013.full.txt.gz,F_000003799617000013.mdna.txt.gz,37,US,ok
0000037996-16-000092,F,2015,2016-02-11,False,en,F_000003799616000092.full.txt.gz,F_000003799616000092.mdna.txt.gz,37,US,ok
0000037996-15-000013,F,2014,2015-02-13,False,en,F_000003799615000013.full.txt.gz,F_000003799615000013.mdna.txt.gz,37,US,ok
0001467858-24-000031,GM,2023,2024-01-30,True,en,GM_000146785824000031.full.txt.gz,GM_000146785824000031.mdna.txt.gz,37,US,ok
0001467858-23-000029,GM,2022,2023-01-31,True,en,GM_000146785823000029.full.txt.gz,GM_000146785823000029.mdna.txt.gz,37,US,ok
0001467858-22-000034,GM,2021,2022-02-02,False,en,GM_000146785822000034.full.txt.gz,GM_000146785822000034.mdna.txt.gz,37,US,ok
0001467858-21-000037,GM,2020,2021-02-10,True,en,GM_000146785821000037.full.txt.gz,GM_000146785821000037.mdna.txt.gz,37,US,ok
0001467858-20-000028,GM,2019,2020-02-05,True,en,GM_000146785820000028.full.txt.gz,GM_000146785820000028.mdna.txt.gz,37,US,ok
0001467858-19-000033,GM,2018,2019-02-06,True,en,GM_000146785819000033.full.txt.gz,GM_000146785819000033.mdna.txt.gz,37,US,ok
0001467858-18-000022,GM,2017,2018-02-06,True,en,GM_000146785818000022.full.txt.gz,GM_000146785818000022.mdna.txt.gz,37,US,ok
0001467858-17-000028,GM,2016,2017-02-07,True,en,GM_000146785817000028.full.txt.gz,GM_000146785817000028.mdna.txt.gz,37,US,ok
0001467858-16-000255,GM,2015,2016-02-03,True,en,GM_000146785816000255.full.txt.gz,GM_000146785816000255.mdna.txt.gz,37,US,ok
0001467858-15-000036,GM,2014,2015-02-04,True,en,GM_000146785815000036.full.txt.gz,GM_000146785815000036.mdna.txt.gz,37,US,ok
0000732712-24-000010,VZ,2023,2024-02-09,False,en,VZ_000073271224000010.full.txt.gz,VZ_000073271224000010.mdna.txt.gz,48,US,ok
0000732712-23-000012,VZ,2022,2023-02-10,True,en,VZ_000073271223000012.full.txt.gz,VZ_000073271223000012.mdna.txt.gz,48,US,ok
0000732712-22-000008,VZ,2021,2022-02-11,True,en,VZ_000073271222000008.full.txt.gz,VZ_000073271222000008.mdna.txt.gz,48,US,ok
0000732712-21-000012,VZ,2020,2021-02-25,True,en,VZ_000073271221000012.full.txt.gz,VZ_000073271221000012.mdna.txt.gz,48,US,ok
0000732712-20-000014,VZ,2019,2020-02-21,True,en,VZ_000073271220000014.full.txt.gz,,48,US,ok
0000732712-19-000012,VZ,2018,2019-02-15,True,en,VZ_000073271219000012.full.txt.gz,,48,US,ok
0000732712-18-000009,VZ,2017,2018-02-23,True,en,VZ_000073271218000009.full.txt.gz,,48,US,ok
0001193125-17-050292,VZ,2016,2017-02-21,True,en,VZ_000119312517050292.full.txt.gz,,48,US,ok
0001193125-16-473367,VZ,2015,2016-02-23,True,en,VZ_000119312516473367.full.txt.gz,,48,US,ok
0001193125-15-057710,VZ,2014,2015-02-23,True,en,VZ_000119312515057710.full.txt.gz,,48,US,ok
0000732717-24-000009,T,2023,2024-02-23,True,en,T_000073271724000009.full.txt.gz,T_000073271724000009.mdna.txt.gz,48,US,ok
0000732717-23-000011,T,2022,2023-02-13,True,en,T_000073271723000011.full.txt.gz,T_000073271723000011.mdna.txt.gz,48,US,ok
0000732717-22-000015,T,2021,2022-02-16,False,en,T_000073271722000015.full.txt.gz,T_000073271722000015.mdna.txt.gz,48,US,ok
0000732717-21-000012,T,2020,2021-02-25,True,en,T_000073271721000012.full.txt.gz,T_000073271721000012.mdna.txt.gz,48,US,ok
0001562762-20-000064,T,2019,2020-02-20,False,en,T_000156276220000064.full.txt.gz,T_000156276220000064.mdna.txt.gz,48,US,ok
0001193125-19-045608,T,2018,2019-02-20,True,en,T_000119312519045608.full.txt.gz,,48,US,ok
0000732717-18-000009,T,2017,2018-02-20,True,en,T_000073271718000009.full.txt.gz,,48,US,ok
0000732717-17-000021,T,2016,2017-02-17,True,en,T_000073271717000021.full.txt.gz,,48,US,ok
0000732717-16-000147,T,2015,2016-02-18,True,en,T_000073271716000147.full.txt.gz,,48,US,ok
0000732717-15-000016,T,2014,2015-02-20,True,en,T_000073271715000016.full.txt.gz,,48,US,ok
0001326160-24-000037,DUK,2023,2024-02-23,True,en,DUK_000132616024000037.full.txt.gz,DUK_000132616024000037.mdna.txt.gz,49,US,ok
0001326160-23-000073,DUK,2022,2023-02-27,False,en,DUK_000132616023000073.full.txt.gz,DUK_000132616023000073.mdna.txt.gz,49,US,ok
0001326160-22-000072,DUK,2021,2022-02-24,True,en,DUK_000132616022000072.full.txt.gz,DUK_000132616022000072.mdna.txt.gz,49,US,ok
0001326160-21-000063,DUK,2020,2021-02-25,True,en,DUK_000132616021000063.full.txt.gz,DUK_000132616021000063.mdna.txt.gz,49,US,ok
0001326160-20-000034,DUK,2019,2020-02-20,True,en,DUK_000132616020000034.full.txt.gz,DUK_000132616020000034.mdna.txt.gz,49,US,ok
0001326160-19-000057,DUK,2018,2019-02-28,True,en,DUK_000132616019000057.full.txt.gz,DUK_000132616019000057.mdna.txt.gz,49,US,ok
0001326160-18-000034,DUK,2017,2018-02-21,True,en,DUK_000132616018000034.full.txt.gz,DUK_000132616018000034.mdna.txt.gz,49,US,ok
0001326160-17-000016,DUK,2016,2017-02-24,True,en,DUK_000132616017000016.full.txt.gz,DUK_000132616017000016.mdna.txt.gz,49,US,ok
0001326160-16-000221,DUK,2015,2016-02-25,True,en,DUK_000132616016000221.full.txt.gz,DUK_000132616016000221.mdna.txt.gz,49,US,ok
0001326160-15-000008,DUK,2014,2015-02-28,False,en,DUK_000132616015000008.full.txt.gz,DUK_000132616015000008.mdna.txt.gz,49,US,ok
0000753308-24-000008,NEE,2023,2024-02-16,True,en,NEE_000075330824000008.full.txt.gz,NEE_000075330824000008.mdna.txt.gz,49,US,ok
0000753308-23-000019,NEE,2022,2023-02-17,True,en,NEE_000075330823000019.full.txt.gz,NEE_000075330823000019.mdna.txt.gz,49,US,ok
0000753308-22-000014,NEE,2021,2022-02-18,False,en,NEE_000075330822000014.full.txt.gz,NEE_000075330822000014.mdna.txt.gz,49,US,ok
0000753308-21-000014,NEE,2020,2021-02-12,True,en,NEE_000075330821000014.full.txt.gz,NEE_000075330821000014.mdna.txt.gz,49,US,ok
0000753308-20-000021,NEE,2019,2020-02-14,True,en,NEE_000075330820000021.full.txt.gz,NEE_000075330820000021.mdna.txt.gz,49,US,ok
0000753308-19-000039,NEE,2018,2019-02-15,True,en,NEE_000075330819000039.full.txt.gz,NEE_000075330819000039.mdna.txt.gz,49,US,ok
0000753308-18-000013,NEE,2017,2018-02-16,True,en,NEE_000075330818000013.full.txt.gz,NEE_000075330818000013.mdna.txt.gz,49,US,ok
0000753308-17-000060,NEE,2016,2017-02-23,True,en,NEE_000075330817000060.full.txt.gz,NEE_000075330817000060.mdna.txt.gz,49,US,ok
0000753308-16-000337,NEE,2015,2016-02-19,True,en,NEE_000075330816000337.full.txt.gz,NEE_000075330816000337.mdna.txt.gz,49,US,ok
0000753308-15-000079,NEE,2014,2015-02-20,True,en,NEE_000075330815000079.full.txt.gz,NEE_000075330815000079.mdna.txt.gz,49,US,ok
0000092122-24-000009,SO,2023,2024-02-14,True,en,SO_000009212224000009.full.txt.gz,SO_000009212224000009.mdna.txt.gz,49,US,ok
0000092122-23-000012,SO,2022,2023-02-15,True,en,SO_000009212223000012.full.txt.gz,SO_000009212223000012.mdna.txt.gz,49,US,ok
0000092122-22-000003,SO,2021,2022-02-16,True,en,SO_000009212222000003.full.txt.gz,SO_000009212222000003.mdna.txt.gz,49,US,ok
0000092122-21-000006,SO,2020,2021-02-17,True,en,SO_000009212221000006.full.txt.gz,SO_000009212221000006.mdna.txt.gz,49,US,ok
0000092122-20-000017,SO,2019,2020-02-19,True,en,SO_000009212220000017.full.txt.gz,SO_000009212220000017.mdna.txt.gz,49,US,ok
0000092122-19-000006,SO,2018,2019-02-19,True,en,SO_000009212219000006.full.txt.gz,SO_000009212219000006.mdna.txt.gz,49,US,ok
0000092122-18-000012,SO,2017,2018-02-21,False,en,SO_000009212218000012.full.txt.gz,SO_000009212218000012.mdna.txt.gz,49,US,ok
0000092122-17-000007,SO,2016,2017-02-22,False,en,SO_000009212217000007.full.txt.gz,SO_000009212217000007.mdna.txt.gz,49,US,ok
0000092122-16-000126,SO,2015,2016-02-26,True,en,SO_000009212216000126.full.txt.gz,SO_000009212216000126.mdna.txt.gz,49,US,ok
0000092122-15-000015,SO,2014,2015-03-02,False,en,SO_000009212215000015.full.txt.gz,SO_000009212215000015.mdna.txt.gz,49,US,ok
