doc_id,finbert_net
0000320193-24-000123,0.005636691641158
0000320193-23-000106,-0.1631513830728917
0000320193-22-000108,0.0514140300599209
0000320193-21-000105,0.1790421729462898
0000320193-20-000096,-0.0079999627150166
0000320193-19-000119,-0.0426440975290669
0000320193-18-000145,0.1091570277884602
0000320193-17-000070,-0.0307834043656475
0001628280-16-020309,0.045656267250888
0001193125-15-356351,0.1493788030394353
0000950170-24-087843,0.2474805806441942
0000950170-23-035122,0.106795565104112
0001564590-22-026876,0.3039546981290914
0001564590-21-039151,0.2841513998084701
0001564590-20-034944,0.4024066226230934
0001564590-19-027952,0.4274373872741125
0001564590-18-019062,0.317435627868399
0001564590-17-014900,-0.0438552779145538
0001193125-16-662209,0.0029877381352707
0001193125-15-272806,0.2488549906667322
0001018724-24-000008,0.0944471734402766
0001018724-23-000004,0.0530691793043372
0001018724-22-000005,0.0527505914873509
0001018724-21-000004,0.0667908030305989
0001018724-20-000004,0.082637184697669
0001018724-19-000004,0.1001840593316592
0001018724-18-000005,0.0861409288225695
0001018724-17-000011,0.0984389523020945
0001018724-16-000172,0.0694656284921802
0001018724-15-000006,0.0641126082860864
0001652044-24-000022,0.0992139326105825
0001652044-23-000016,0.0320427684974856
0001652044-22-000019,0.1877957783825695
0001652044-21-000010,0.1297554371482692
0001652044-20-000008,0.1585157811804674
0001652044-19-000004,0.2366290781018324
0001652044-18-000007,0.3046346712135709
0001652044-17-000008,0.2752554503199644
0001652044-16-000012,0.2409497089101933
0001288776-15-000008,0.2596376146562397
0001326801-24-000012,0.0597105361986905
0001326801-23-000013,-0.037795858674217
0001326801-22-000018,0.0421737610967829
0001326801-21-000014,0.0750370612228289
0001326801-20-000013,0.1214114810340106
0001326801-19-000009,0.2208799978042952
0001326801-18-000009,0.185914817424491
0001326801-17-000007,0.1961248651100322
0001326801-16-000043,0.1424139899434521
0001326801-15-000006,0.2006980713712982
0001045810-24-000029,0.0915553152142092
0001045810-23-000017,-0.0531232026405632
0001045810-22-000036,0.0446601248858496
0001045810-21-000010,0.0405376102379523
0001045810-20-000010,-0.033009980029998
0001045810-19-000023,0.0715318140829913
0001045810-18-000010,0.1072904514172114
0001045810-17-000027,0.030036386612337
0001045810-16-000205,-0.0207259068102575
0001045810-15-000036,-0.0732376015884801
0000050863-24-000010,0.3607845583325252
0000050863-23-000006,0.3133621656987816
0000050863-22-000007,0.428398925832007
0000050863-21-000010,0.3410692093730904
0000050863-20-000011,0.4059480438521132
0000050863-19-000007,0.5158049533283338
0000050863-18-000007,0.2644339267723262
0000050863-17-000012,0.0883460560091771
0000050863-16-000105,-0.0197090973425656
0000050863-15-000015,0.050786062630359
0000858877-24-000017,-0.0523681883746758
0000858877-23-000023,0.1625851138099096
0000858877-22-000013,0.0062257635756395
0000858877-21-000013,0.0529165082634426
0000858877-20-000010,-0.1145472115231677
0000858877-19-000012,0.0134069443051703
0000858877-18-000011,-0.0197698730137199
0000858877-17-000016,-0.214323893582914
0000858877-16-000117,-0.0216028858721256
0000858877-15-000070,-0.0492205226980149
0000950170-24-075605,0.0037658502184785
0000950170-23-028914,0.0446025133505463
0001564590-22-023675,0.0354766968032345
0001564590-21-033616,-0.019661876282189
0001564590-20-030125,-0.0203112980932928
0001564590-19-023119,0.0093437756365165
0001193125-18-201034,-0.0003999865869991
0001193125-17-214833,0.0663013752014376
0001193125-16-628942,0.0823752501211129
0001193125-15-235239,0.0776275271154008
0000051143-24-000012,-0.1194866413320414
0001558370-23-002376,-0.1158669700962491
0001558370-22-001584,-0.1324425765336491
0001558370-21-001489,-0.1300719998287968
0001558370-20-001334,0.2339190042694099
0001047469-19-000712,0.2620338746905327
0001047469-18-001117,0.28190908302552997
0001047469-17-001061,0.3408997923485003
0001047469-16-010329,0.2993297614576295
0001047469-15-001106,0.3605007602949627
0001108524-24-000005,-0.047872097387444225
0001108524-23-000011,-0.005510352130513639
0001108524-22-000013,0.028256712204311044
0001108524-22-000008,-0.0017680381727404892
0001108524-20-000014,0.1178724883752875
0001108524-19-000009,0.1380875497078523
0001108524-18-000011,0.061993854932952674
0001108524-17-000006,0.07824372046859934
0001108524-16-000053,0.0529107807809487
0001108524-15-000008,0.022877773409709333
0000019617-24-000225,0.1503021737281233
0000019617-23-000231,0.08325375796295703
0000019617-22-000272,0.15878045277437194
0000019617-21-000236,0.19255943945143372
0000019617-20-000257,0.22822183874668553
0000019617-19-000054,0.22752695869188755
0000019617-18-000057,0.15295518854632972
0000019617-17-000314,0.199405201242771
0000019617-16-000902,0.09089530964614824
0000019617-15-000272,0.10387025049189105
0000070858-24-000122,0.07159725715173408
0000070858-23-000092,0.05124055587686598
0000070858-22-000062,0.08269157049944624
0000070858-21-000023,0.07042562762973831
0000070858-20-000011,0.04704318637959659
0000070858-19-000012,0.04603132628137246
0000070858-18-000009,0.11386198573745787
0000070858-17-000013,0.07617103466764093
0000070858-16-000137,-0.007506398372352123
0000070858-15-000008,-0.053872584984637796
0000072971-24-000064,-0.009870507991872729
0000072971-23-000071,-0.005008124036248773
0000072971-22-000096,0.009702050858177245
0000072971-21-000197,0.02724116009660065
0000072971-20-000217,-0.042057201077695935
0000072971-19-000227,-0.035415422080550346
0000072971-18-000272,-0.0323691866802983
0000072971-17-000278,-0.0252784736151807
0000072971-16-001045,-0.009486599543597549
0000072971-15-000449,-0.010677489133086056
0000886982-24-000006,-0.06400733234127984
0000886982-23-000003,-0.02272675438085571
0001193125-22-052682,0.04355818033218384
0001193125-21-049380,0.045302989075426014
0001193125-20-043853,-0.01897476309677586
0001193125-19-050198,0.01607080820482224
0001193125-18-056383,0.051351222288794816
0001193125-17-056804,-0.03537218004697934
0001193125-16-470289,-0.040040589864365754
0001193125-15-056785,-0.025789365454111247
0000004962-24-000013,0.32531677360646427
0000004962-23-000006,0.27612819454167037
0000004962-22-000008,0.2182737442990765
0000004962-21-000013,-0.07931399076944218
0000004962-20-000030,0.19236586548388004
0000004962-19-000018,0.2557765947538428
0000004962-18-000032,0.10442320077912882
0001193125-17-047588,0.033341951959300786
0001193125-16-469798,0.05433967711171135
0001193125-15-059931,0.18082858168520033
0001403161-24-000058,0.006144818572793156
0001403161-23-000099,0.015092753018252551
0001403161-22-000081,0.006891342629678547
0001403161-21-000060,0.05131567812059075
0001403161-20-000070,-0.0797102671675384
0001403161-19-000050,-0.010955421614926308
0001403161-18-000055,0.030219165408052504
0001403161-17-000044,-0.03989546211902052
0001403161-16-000058,0.005984680973924696
0001403161-15-000013,0.07858395697316155
0001141391-24-000022,0.07623707619030029
0001141391-23-000020,0.08147582618519664
0001141391-22-000023,0.07431091656442732
0001141391-21-000018,-0.03589924690779298
0001141391-20-000032,0.04285513862967491
0001141391-19-000013,0.07254012434044853
0001141391-18-000009,0.037214253223501144
0001141391-17-000014,0.08134935798356309
0001141391-16-000085,0.0655567427049391
0001141391-15-000011,0.09137564067263156
0000086312-24-000012,0.15198462517000735
0000086312-23-000011,0.04334922153269872
0000086312-22-000013,0.08781610743142665
0000086312-21-000011,-0.1442389355087653
0000086312-20-000011,0.07021757605951279
0000086312-19-000009,0.08736263777595013
0001047469-18-000812,0.03556086568161845
0001047469-17-000695,-0.0884308714652434
0001047469-16-010107,-0.0020933506544679402
0001047469-15-000743,0.018738966761156918
0000200406-24-000013,0.12854229499818756
0000200406-23-000016,0.0637362937675789
0000200406-22-000022,0.2032402837788686
0000200406-21-000008,0.013827400957234203
0000200406-20-000010,0.12412382437614725
0000200406-19-000009,0.13743044855305925
0000200406-18-000005,0.06995018540881574
0000200406-17-000006,0.005136324833147228
0000200406-16-000071,0.00834952871548012
0000200406-15-000004,0.02112298480467871
0000078003-24-000039,-0.006512064181733877
0000078003-23-000024,0.0030075317644514144
0000078003-22-000027,0.04358345341868699
0000078003-21-000038,0.015152171275112779
0000078003-20-000014,0.13128151481738315
0000078003-19-000015,0.10423980417195708
0000078003-18-000027,0.12399980457732454
0000078003-17-000014,0.12743747048312798
0000078003-16-000077,0.08848965721437707
0000078003-15-000014,0.07962177261244506
0001628280-24-006850,0.2310443142708391
0001628280-23-005061,0.2380392588931136
0000310158-22-000003,0.22484926951350645
0000310158-21-000004,0.20672036327654497
0000310158-20-000005,0.14041579094249756
0000310158-19-000014,0.24608015187084675
0000310158-18-000005,0.04290116949938238
0000310158-17-000010,-0.019074916287790983
0000310158-16-000063,-0.0106601955415681
0000310158-15-000005,-0.015644414157141
0000731766-24-000081,0.14421461639135624
0000731766-23-000008,0.13676327997527551
0000731766-22-000008,0.11253479693055232
0000731766-21-000013,0.10067500459728762
0000731766-20-000006,0.15501631003918878
0000731766-19-000005,0.11887611163547263
0000731766-18-000005,0.14419806766090915
0000731766-17-000009,0.12125901740277185
0000731766-16-000058,0.18965092109283432
0000731766-15-000007,0.19796297731809318
0000318154-24-000011,0.05591331858187914
0000318154-23-000017,0.07429166551912203
0000318154-22-000010,0.07796057797269895
0000318154-21-000010,0.07584158167941496
0000318154-20-000017,0.04700024090707302
0000318154-19-000008,0.05645513307070359
0000318154-18-000004,0.13025317147839816
0000318154-17-000004,0.1668507677107118
0000318154-16-000031,0.13735126762650907
0000318154-15-000005,0.08373978321673349
0000080424-24-000083,0.1927318488387391
0000080424-23-000073,0.13516751948045566
0000080424-22-000064,0.014313029199838638
0000080424-21-000100,0.10392259270651266
0000080424-20-000053,0.12807449568994345
0000080424-19-000050,0.08002765958663076
0000080424-18-000055,0.1283285202155821
0000080424-17-000047,0.09268831695895642
0000080424-16-000212,0.07769758105743677
0000080424-15-000070,0.011620107826311142
0000021344-24-000009,0.023901420920155944
0000021344-23-000011,-0.0055662166979163884
0000021344-22-000009,0.016918928395025432
0000021344-21-000008,0.1385962566593662
0000021344-20-000006,0.11138423872413114
0000021344-19-000014,0.11422335151582956
0000021344-18-000008,0.1249813931970857
0000021344-17-000009,0.13535270849708467
0000021344-16-000050,0.16635834680404515
0000021344-15-000005,0.13741820078575984
0000077476-24-000008,-0.00836093194782734
0000077476-23-000007,0.006330445692874491
0000077476-22-000010,0.17500240803929046
0000077476-21-000007,0.07047233644640073
0000077476-20-000015,0.16479379965458066
0000077476-19-000017,0.04500506778713316
0000077476-18-000012,0.03713949972530827
0000077476-17-000010,0.026641461183317006
0000077476-16-000066,0.04491975254844874
0000077476-15-000012,0.12792789041530342
0000104169-24-000056,0.20242172771599143
0000104169-23-000020,0.049881057897582654
0000104169-22-000012,0.18779825573321432
0000104169-21-000033,0.1588950135698542
0000104169-20-000011,0.014421125897206366
0000104169-19-000016,0.029081082460470496
0000104169-18-000028,0.040302642381284386
0000104169-17-000021,0.061997686978429556
0000104169-16-000079,0.05222226484678685
0000104169-15-000011,0.055921010933816434
0000909832-24-000049,0.11474991012946703
0000909832-23-000042,0.06044196463772096
0000909832-22-000021,-0.04297192541638478
0000909832-21-000014,0.017305406955895067
0000909832-20-000017,0.01148547943701189
0000909832-19-000019,0.04602021885016028
0000909832-18-000013,0.06402702005580067
0000909832-17-000014,0.09375891602598131
0000909832-16-000032,0.06803612692747266
0000909832-15-000014,0.10525605217553675
0000354950-24-000062,-0.02219046577741217
0000354950-23-000059,0.0904825463710325
0000354950-22-000070,0.04584230393351566
0000354950-21-000089,0.09684145616712782
0000354950-20-000015,-0.0012846647352204625
0000354950-19-000010,0.09382168508525338
0000354950-18-000019,0.08215646813650838
0000354950-17-000005,0.10431909096427262
0000354950-16-000060,0.0920045147719793
0000354950-15-000008,0.08508937326492742
0000060667-24-000033,-0.09673241654354799
0000060667-23-000034,-0.017668702441733332
0000060667-22-000038,0.09061024467227981
0000060667-21-000026,0.21516110481228679
0000060667-20-000036,0.05713056582491845
0000060667-19-000042,0.026526460400782527
0000060667-18-000051,0.14455666666151956
0000060667-17-000076,0.24555744187207892
0000060667-16-000276,0.23425698751118035
0000060667-15-000057,0.15764799630036577
0000063908-24-000072,0.34060667080106216
0000063908-23-000012,0.13829347976716236
0000063908-22-000011,0.36719145871931685
0000063908-21-000013,-0.026946084557566793
0000063908-20-000022,0.31012716388795525
0000063908-19-000010,0.3560654489020817
0000063908-18-000010,0.35873955758987
0000063908-17-000017,0.2749559532874264
0000063908-16-000103,0.20248769368743524
0000063908-15-000016,0.19648357797414065
0000320187-24-000044,0.03980606012511998
0000320187-23-000039,0.2850815357244574
0000320187-22-000038,0.13334438296267762
0000320187-21-000028,0.31176853596465665
0000320187-20-000047,-0.07397624853998423
0000320187-19-000051,0.3434282684396021
0000320187-18-000142,0.3224998097284697
0000320187-17-000090,0.3976021507498808
0000320187-16-000336,0.45106330591486765
0000320187-15-000113,0.47135712796123697
0001744489-24-000276,0.013112033735960722
0001744489-23-000216,0.004344430319033563
0001744489-22-000213,0.10981455536559225
0001744489-21-000220,-0.1914767515496351
0001744489-20-000197,-0.17598791296826677
0001744489-19-000225,0.15347150097135454
0001001039-18-000187,-0.04868618030101061
0001001039-17-000198,-0.11087641258724033
0001001039-16-000516,0.09116584656527266
0001001039-15-000255,0.13789234730182215
0001065280-24-000030,0.011245607141111242
0001065280-23-000035,-0.03266379538947692
0001065280-22-000036,-0.009675685978053431
0001065280-21-000040,0.023742247046606175
0001065280-20-000040,0.12365699978236923
0001065280-19-000043,0.2273114774795249
0001065280-18-000069,0.2216512908251025
0001628280-17-000496,0.13431606913683936
0001065280-16-000047,0.09658339647576213
0001065280-15-000006,0.08187689537880942
0001166691-24-000011,-0.026689128652215004
0001166691-23-000010,-0.06334723762003705
0001166691-22-000009,-0.009311251214239747
0001166691-21-000008,-0.19671378068625928
0001166691-20-000008,-0.07941784783499316
0001166691-19-000005,0.002716583670116961
0001166691-18-000004,0.03388260826701298
0001193125-17-030512,0.06942484351107851
0001193125-16-452423,0.03409974668640643
0001193125-15-068526,0.1454954045987688
0000093410-24-000013,0.027458442645147442
0000093410-23-000009,0.1891315371962264
0000093410-22-000019,0.25186113063478843
0000093410-21-000009,-0.12797382096061483
0000093410-20-000010,-0.07578231014311314
0000093410-19-000008,0.10910348798148334
0000093410-18-000010,-0.03029646891867742
0000093410-17-000013,-0.12252648860681802
0000093410-16-000049,0.04939834802644327
0000093410-15-000010,-0.013122140895575285
0000034088-24-000018,0.34731329904636365
0000034088-23-000020,0.3115049714036286
0000034088-22-000011,0.2889976937323809
0000034088-21-000012,0.2094054933451116
0000034088-20-000016,0.21402987704845144
0000034088-19-000010,0.2603248625132255
0000034088-18-000015,0.26714436143171044
0000034088-17-000017,0.18912258435506374
0000034088-16-000065,0.2515974464803003
0000034088-15-000013,0.16501230150228366
0000018230-24-000009,0.2652098320191726
0000018230-23-000011,0.2304033649386838
0000018230-22-000050,0.17640106346458195
0000018230-21-000063,-0.46585152748739345
0000018230-20-000056,-0.20842697842279448
0000018230-19-000034,0.24915300546679645
0000018230-18-000042,0.3486950784549117
0000018230-17-000041,-0.44117810075636954
0000018230-16-000410,-0.5207852974673733
0000018230-15-000061,0.08309770242543892
0000012927-24-000010,0.04418160525150597
0000012927-23-000007,0.009997564344666898
0000012927-22-000010,-0.08127584849018604
0000012927-21-000011,-0.11867368891369551
0000012927-20-000014,0.04001733257202431
0000012927-19-000010,0.2059073073230684
0000012927-18-000007,0.034258696632459756
0000012927-17-000006,-0.02089457487454638
0000012927-16-000099,0.04665664494037628
0000012927-15-000011,0.10548842231975869
0000773840-24-000014,-0.23309860843233765
0000773840-23-000013,-0.24532560530118644
0000773840-22-000018,-0.1642188058560714
0000773840-21-000015,-0.1940482276142575
0000773840-20-000009,0.10536132301203907
0000930413-19-000366,0.3278273911564611
0000930413-18-000292,0.19915243999566884
0000930413-17-000391,0.1162605009553954
0000930413-16-005457,0.19705525877187027
0000930413-15-000621,0.2852752444287762
0000066740-24-000016,-0.1337026858981699
0000066740-23-000014,-0.10080677671357989
0000066740-22-000010,0.013551836537662893
0001558370-21-000737,-0.028682290695142002
0001558370-20-000581,0.028224260846618564
0001558370-19-000470,0.09573754887562246
0001558370-18-000535,0.1855862426199019
0001558370-17-000479,0.005186621102038771
0001558370-16-003162,0.01230830474756658
0001104659-15-009560,0.16892209686106072
0001090727-24-000008,-0.16123672876972706
0001090727-23-000006,-0.02534300556173548
0001090727-22-000007,0.3222526279930025
0001090727-21-000013,0.22048881627386435
0001090727-20-000005,0.06845704730600119
0001090727-19-000006,0.19812880140263586
0001090727-18-000009,0.13407154799904675
0001090727-17-000011,0.14323593700304627
0001090727-16-000053,0.06715708301635459
0001090727-15-000008,0.04035305307246745
0000037996-24-000009,-0.07461901345290244
0000037996-23-000012,-0.06033608708530665
0000037996-22-000013,-0.04870145675493404
0000037996-21-000012,-0.21086353745078668
0000037996-20-000010,-0.15140969021944328
0000037996-19-000012,-0.09488234161166474
0000037996-18-000015,-0.030079605185892432
0000037996-17-000013,0.09913557371590287
0000037996-16-000092,0.09084408028284088
0000037996-15-000013,0.01996709413127974
0001467858-24-000031,0.07634366206359118
0001467858-23-000029,0.030368104688823224
0001467858-22-000034,0.05130575308576226
0001467858-21-000037,0.0122864631540142
0001467858-20-000028,-0.02898277054540813
0001467858-19-000033,0.0072259882185608144
0001467858-18-000022,-0.0049693786911666395
0001467858-17-000028,0.06512730155605823
0001467858-16-000255,0.08889774325769395
0001467858-15-000036,0.05523497121175751
0000732712-24-000010,-0.005694256082642823
0000732712-23-000012,0.12435016020433977
0000732712-22-000008,0.1085977311595343
0000732712-21-000012,0.05915673567913473
0000732712-20-000014,0.18644669157918542
0000732712-19-000012,0.17542243618052453
0000732712-18-000009,0.22444465070031583
0001193125-17-050292,0.19305799997411668
0001193125-16-473367,0.20835964332101867
0001193125-15-057710,0.2094702898990363
0000732717-24-000009,0.10107989423209801
0000732717-23-000011,0.0176654428220354
0000732717-22-000015,0.07044692770810798
0000732717-21-000012,-0.15287101289490237
0001562762-20-000064,0.011420832097064704
0001193125-19-045608,0.18998526216251777
0000732717-18-000009,0.1912840465316549
0000732717-17-000021,0.17763716311194003
0000732717-16-000147,0.17274971385952084
0000732717-15-000016,0.13901283633662387
0001326160-24-000037,0.26845509035978465
0001326160-23-000073,0.17482364937197417
0001326160-22-000072,0.16263015430187808
0001326160-21-000063,0.055421771919354795
0001326160-20-000034,0.03776685439515859
0001326160-19-000057,0.05566587270470336
0001326160-18-000034,0.1101884853397496
0001326160-17-000016,0.11356059177312999
0001326160-16-000221,0.10595091338269412
0001326160-15-000008,0.03079777956707403
0000753308-24-000008,0.06907460968242958
0000753308-23-000019,0.07778879346791655
0000753308-22-000014,0.10008401249302551
0000753308-21-000014,0.029717625679913907
0000753308-20-000021,0.0001554891746491194
0000753308-19-000039,0.04900588980177417
0000753308-18-000013,0.07245781547622755
0000753308-17-000060,0.0861828076466918
0000753308-16-000337,0.11716240331763401
0000753308-15-000079,0.09386053706984968
0000092122-24-000009,0.07389470343012362
0000092122-23-000012,0.19003590300446377
0000092122-22-000003,0.17870029985439032
0000092122-21-000006,-0.015207235547713936
0000092122-20-000017,-0.0398074395628646
0000092122-19-000006,0.02330516716465354
0000092122-18-000012,0.028572840315755455
0000092122-17-000007,-0.011770271570421756
0000092122-16-000126,0.09256936149671674
0000092122-15-000015,0.0991873943572864
