doc_id,shares_out,shares_src,split_factor,shares_adj,book_equity,equity_src
0000004962-24-000013,723869787.0,dei,1.0,723869787.0,28057000000,se
0000004962-23-000006,744192702.0,dei,1.0,744192702.0,24711000000,se
0000004962-22-000008,759354994.0,dei,1.0,759354994.0,22177000000,se
0000004962-21-000013,805588980.0,dei,1.0,805588980.0,22984000000,se
0000004962-20-000030,808040664.0,dei,1.0,808040664.0,23071000000,se
0000004962-19-000018,843368671.0,dei,1.0,843368671.0,22290000000,se
0000004962-18-000032,860278838.0,dei,1.0,860278838.0,18227000000,se
0001193125-17-047588,901270758.0,dei,1.0,901270758.0,20501000000,se
0001193125-16-469798,964045452.0,dei,1.0,964045452.0,20673000000,se
0001193125-15-059931,1019175304.0,dei,1.0,1019175304.0,20673000000,se
0000012927-24-000010,610135205.0,dei,1.0,610135205.0,-17233000000,se
0000012927-23-000007,598239585.0,dei,1.0,598239585.0,-15883000000,se
0000012927-22-000010,582999765.0,dei,1.0,582999765.0,-14999000000,se
0000012927-21-000011,582996860.0,dei,1.0,582996860.0,-18316000000,se
0000012927-20-000014,563152208.0,dei,1.0,563152208.0,-8617000000,se
0000012927-19-000010,564985109.0,dei,1.0,564985109.0,339000000,se
0000012927-18-000007,588490313.0,dei,1.0,588490313.0,355000000,se
0000012927-17-000006,612478643.0,dei,1.0,612478643.0,817000000,se
0000012927-16-000099,662503822.0,dei,1.0,662503822.0,6335000000,se
0000012927-15-000011,704387613.0,dei,1.0,704387613.0,8665000000,se
0000018230-24-000009,499377269.0,dei,1.0,499377269.0,19494000000,se_incl_nci_minus_mi
0000018230-23-000011,516345490.0,dei,1.0,516345490.0,15869000000,se_incl_nci_minus_mi
0000018230-22-000050,535888051.0,dei,1.0,535888051.0,16484000000,se_incl_nci_minus_mi
0000018230-21-000063,545303847.0,dei,1.0,545303847.0,15331000000,se_incl_nci_minus_mi
0000018230-20-000056,550082610.0,dei,1.0,550082610.0,14588000000,se_incl_nci_minus_mi
0000018230-19-000034,575542738.0,dei,1.0,575542738.0,14039000000,se_incl_nci_minus_mi
0000018230-18-000042,597625772.0,dei,1.0,597625772.0,13697000000,se_incl_nci_minus_mi
0000018230-17-000041,586486024.0,dei,1.0,586486024.0,13137000000,se_incl_nci_minus_mi
0000018230-16-000410,582321890.0,dei,1.0,582321890.0,14809000000,se_incl_nci_minus_mi
0000018230-15-000061,606166559.0,dei,1.0,606166559.0,16746000000,se_incl_nci_minus_mi
0000019617-24-000225,2880371498.0,dei,1.0,2880371498.0,327878000000,se
0000019617-23-000231,2943355459.0,dei,1.0,2943355459.0,292332000000,se
0000019617-22-000272,2952808970.0,dei,1.0,2952808970.0,294127000000,se
0000019617-21-000236,3051506436.0,dei,1.0,3051506436.0,279354000000,se
0000019617-20-000257,3073976616.0,dei,1.0,3073976616.0,261330000000,se
0000019617-19-000054,3274241726.0,dei,1.0,3274241726.0,256515000000,se
0000019617-18-000057,3431958491.0,dei,1.0,3431958491.0,255693000000,se
0000019617-17-000314,3571963160.0,dei,1.0,3571963160.0,254190000000,se
0000019617-16-000902,3670264897.0,dei,1.0,3670264897.0,247573000000,se
0000019617-15-000272,3728312555.0,dei,1.0,3728312555.0,232065000000,se
0000021344-24-000009,4312456168.0,dei,1.0,4312456168.0,25941000000,se
0000021344-23-000011,4326691783.0,dei,1.0,4326691783.0,24105000000,se
0000021344-22-000009,4335473308.0,dei,1.0,4335473308.0,22999000000,se
0000021344-21-000008,4309311676.0,dei,1.0,4309311676.0,19299000000,se
0000021344-20-000006,4290276067.0,dei,1.0,4290276067.0,18981000000,se
0000021344-19-000014,4275340031.0,dei,1.0,4275340031.0,16981000000,se
0000021344-18-000008,4265906533.0,dei,1.0,4265906533.0,17072000000,se
0000021344-17-000009,4293461702.0,dei,1.0,4293461702.0,23062000000,se
0000021344-16-000050,4329497778.0,dei,1.0,4329497778.0,25554000000,se
0000021344-15-000005,4366243616.0,dei,1.0,4366243616.0,30320000000,se
0000034088-24-000018,3967844307.0,dei,1.0,3967844307.0,204802000000,se
0000034088-23-000020,4070984988.0,dei,1.0,4070984988.0,195049000000,se
0000034088-22-000011,4233592429.0,dei,1.0,4233592429.0,168577000000,se
0000034088-21-000012,4233483160.0,dei,1.0,4233483160.0,157150000000,se
0000034088-20-000016,4232190744.0,dei,1.0,4232190744.0,191650000000,se
0000034088-19-000010,4234802431.0,dei,1.0,4234802431.0,191794000000,se
0000034088-18-000015,4237462159.0,dei,1.0,4237462159.0,187688000000,se
0000034088-17-000017,4146513819.0,dei,1.0,4146513819.0,167325000000,se
0000034088-16-000065,4152756609.0,dei,1.0,4152756609.0,170811000000,se
0000034088-15-000013,4194690266.0,dei,1.0,4194690266.0,174399000000,se
0000037996-24-000009,3998000000.0,wavg_basic,1.0,3998000000.0,42773000000,se
0000037996-23-000012,4014000000.0,wavg_basic,1.0,4014000000.0,43242000000,se
0000037996-22-000013,3991000000.0,wavg_basic,1.0,3991000000.0,48519000000,se
0000037996-21-000012,3973000000.0,wavg_basic,1.0,3973000000.0,30690000000,se
0000037996-20-000010,3972000000.0,wavg_basic,1.0,3972000000.0,33185000000,se
0000037996-19-000012,3974000000.0,wavg_basic,1.0,3974000000.0,35932000000,se
0000037996-18-000015,3975000000.0,wavg_basic,1.0,3975000000.0,34890000000,se
0000037996-17-000013,3973000000.0,wavg_basic,1.0,3973000000.0,29170000000,se
0000037996-16-000092,3969000000.0,wavg_basic,1.0,3969000000.0,28642000000,se
0000037996-15-000013,3912000000.0,wavg_basic,1.0,3912000000.0,24805000000,se
0000050863-24-000010,4228000000.0,dei,1.0,4228000000.0,105590000000,se
0000050863-23-000006,4137000000.0,dei,1.0,4137000000.0,101423000000,se
0000050863-22-000007,4072000000.0,dei,1.0,4072000000.0,95391000000,se
0000050863-21-000010,4063000000.0,dei,1.0,4063000000.0,81038000000,se
0000050863-20-000011,4277000000.0,dei,1.0,4277000000.0,77504000000,se
0000050863-19-000007,4497000000.0,dei,1.0,4497000000.0,74563000000,se
0000050863-18-000007,4668000000.0,dei,1.0,4668000000.0,69019000000,se
0000050863-17-000012,4728000000.0,dei,1.0,4728000000.0,66226000000,se
0000050863-16-000105,4724000000.0,dei,1.0,4724000000.0,61085000000,se
0000050863-15-000015,4736000000.0,dei,1.0,4736000000.0,55865000000,se
0000051143-24-000012,916744848.0,dei,1.0,916744848.0,22533000000,se
0001558370-23-002376,907105611.0,dei,1.0,907105611.0,21944000000,se
0001558370-22-001584,899309986.0,dei,1.0,899309986.0,18901000000,se
0001558370-21-001489,893594090.0,dei,1.046,934699418.14,20597000000,se
0001558370-20-001334,888408023.0,dei,1.046,929274792.0580001,20841000000,se
0001047469-19-000712,889866256.0,dei,1.046,930800103.776,16796000000,se
0001047469-18-001117,921167894.0,dei,1.046,963541617.1240001,17594000000,se
0001047469-17-001061,943212551.0,dei,1.046,986600328.3460001,18246000000,se
0001047469-16-010329,988424172.0,dei,1.046,1033891683.9120001,14262000000,se
0001047469-15-001106,988424172.0,dei,1.046,1033891683.9120001,11868000000,se
0000060667-24-000033,572184243.0,dei,1.0,572184243.0,-15050000000,se
0000060667-23-000034,596356261.0,dei,1.0,596356261.0,-14254000000,se
0000060667-22-000038,661561297.0,dei,1.0,661561297.0,-4816000000,se
0000060667-21-000026,717256852.0,dei,1.0,717256852.0,1437000000,se
0000060667-20-000036,754948648.0,dei,1.0,754948648.0,1972000000,se
0000060667-19-000042,795922717.0,dei,1.0,795922717.0,3644000000,se
0000060667-18-000051,825766281.0,dei,1.0,825766281.0,5873000000,se
0000060667-17-000076,857332918.0,dei,1.0,857332918.0,6434000000,se
0000060667-16-000276,897438629.0,dei,1.0,897438629.0,7654000000,se
0000060667-15-000057,951704640.0,dei,1.0,951704640.0,9968000000,se
0000063908-24-000072,722051488.0,dei,1.0,722051488.0,-4706700000,se
0000063908-23-000012,731496951.0,dei,1.0,731496951.0,-6003400000,se
0000063908-22-000011,743584718.0,dei,1.0,743584718.0,-4601000000,se
0000063908-21-000013,745572145.0,dei,1.0,745572145.0,-7824900000,se
0000063908-20-000022,745446655.0,dei,1.0,745446655.0,-8210300000,se
0000063908-19-000010,765317332.0,dei,1.0,765317332.0,-6258400000,se
0000063908-18-000010,794497880.0,dei,1.0,794497880.0,-3268000000,se
0000063908-17-000017,818993182.0,dei,1.0,818993182.0,-2204300000,se
0000063908-16-000103,901607888.0,dei,1.0,901607888.0,7087900000,se
0000063908-15-000016,961118669.0,dei,1.0,961118669.0,12853400000,se
0000066740-24-000016,552700000.0,dei,1.196,661029200.0,4807000000,se
0000066740-23-000014,550500000.0,dei,1.196,658398000.0,14722000000,se
0000066740-22-000010,571100000.0,dei,1.196,683035600.0,15046000000,se
0001558370-21-000737,579100000.0,dei,1.196,692603600.0,12867000000,se
0001558370-20-000581,575600000.0,dei,1.196,688417600.0,10063000000,se
0001558370-19-000470,575800000.0,dei,1.196,688656800.0,9796000000,se
0001558370-18-000535,595500000.0,dei,1.196,712218000.0,11563000000,se
0001558370-17-000479,596200000.0,dei,1.196,713055200.0,10298000000,se
0001558370-16-003162,605038186.0,dei,1.196,723625670.456,11708000000,se
0001104659-15-009560,634749706.0,dei,1.196,759160648.3759999,13109000000,se
0000070858-24-000122,7872657542.0,dei,1.0,7872657542.0,291646000000,se
0000070858-23-000092,8003839222.0,dei,1.0,8003839222.0,273197000000,se
0000070858-22-000062,8069801301.0,dei,1.0,8069801301.0,270066000000,se
0000070858-21-000023,8633185862.0,dei,1.0,8633185862.0,272924000000,se
0000070858-20-000011,8728530308.0,dei,1.0,8728530308.0,264810000000,se
0000070858-19-000012,9658759764.0,dei,1.0,9658759764.0,265325000000,se
0000070858-18-000009,10243688896.0,dei,1.0,10243688896.0,267146000000,se
0000070858-17-000013,10025121972.0,dei,1.0,10025121972.0,266840000000,se
0000070858-16-000137,10325631017.0,dei,1.0,10325631017.0,256205000000,se
0000070858-15-000008,10519566829.0,dei,1.0,10519566829.0,243471000000,se
0000072971-24-000064,3577443489.0,dei,1.0,3577443489.0,185735000000,se
0000072971-23-000071,3793867540.0,dei,1.0,3793867540.0,179889000000,se
0000072971-22-000096,3814556833.0,dei,1.0,3814556833.0,187606000000,se
0000072971-21-000197,4134106677.0,dei,1.0,4134106677.0,184887000000,se
0000072971-20-000217,4099887226.0,dei,1.0,4099887226.0,187146000000,se
0000072971-19-000227,4549421815.0,dei,1.0,4549421815.0,196166000000,se
0000072971-18-000272,4877753899.0,dei,1.0,4877753899.0,206936000000,se
0000072971-17-000278,5003367904.0,dei,1.0,5003367904.0,199581000000,se
0000072971-16-001045,5076712397.0,dei,1.0,5076712397.0,192998000000,se
0000072971-15-000449,5152280886.0,dei,1.0,5152280886.0,184394000000,se
0000077476-24-000008,1374429271.0,dei,1.0,1374429271.0,18503000000,se
0000077476-23-000007,1377251316.0,dei,1.0,1377251316.0,17149000000,se
0000077476-22-000010,1383451400.0,dei,1.0,1383451400.0,16043000000,se
0000077476-21-000007,1379608641.0,dei,1.0,1379608641.0,13454000000,se
0000077476-20-000015,1389544618.0,dei,1.0,1389544618.0,14786000000,se
0000077476-19-000017,1404686108.0,dei,1.0,1404686108.0,14518000000,se
0000077476-18-000012,1419908267.0,dei,1.0,1419908267.0,11045000000,se
0000077476-17-000010,1427214232.0,dei,1.0,1427214232.0,11246000000,se
0000077476-16-000066,1445412743.0,dei,1.0,1445412743.0,12068000000,se
0000077476-15-000012,1482368514.0,dei,1.0,1482368514.0,17578000000,se
0000078003-24-000039,5646778425.0,dei,1.0,5646778425.0,89014000000,se
0000078003-23-000024,5619074621.0,dei,1.0,5619074621.0,95661000000,se
0000078003-22-000027,5623346471.0,dei,1.0,5623346471.0,77201000000,se
0000078003-21-000038,5577629491.0,dei,1.0,5577629491.0,63238000000,se
0000078003-20-000014,5547639005.0,dei,1.054,5847211511.27,63143000000,se
0000078003-19-000015,5551804790.0,dei,1.054,5851602248.66,63407000000,se
0000078003-18-000027,5952864751.0,dei,1.054,6274319447.554,71308000000,se
0000078003-17-000014,5951872174.0,dei,1.054,6273273271.396,59544000000,se
0000078003-16-000077,6184139991.0,dei,1.054,6518083550.514,64720000000,se
0000078003-15-000014,6128855392.0,dei,1.054,6459813583.168,71301000000,se
0000080424-24-000083,2354050987.0,dei,1.0,2354050987.0,50287000000,se_incl_nci_minus_mi
0000080424-23-000073,2357306187.0,dei,1.0,2357306187.0,46777000000,se_incl_nci_minus_mi
0000080424-22-000064,2389553883.0,dei,1.0,2389553883.0,46589000000,se_incl_nci_minus_mi
0000080424-21-000100,2427424874.0,dei,1.0,2427424874.0,46378000000,se_incl_nci_minus_mi
0000080424-20-000053,2486086692.0,dei,1.0,2486086692.0,46521000000,se_incl_nci_minus_mi
0000080424-19-000050,2502259668.0,dei,1.0,2502259668.0,47194000000,se_incl_nci_minus_mi
0000080424-18-000055,2488011390.0,dei,1.0,2488011390.0,52293000000,se_incl_nci_minus_mi
0000080424-17-000047,2550014230.0,dei,1.0,2550014230.0,55184000000,se_incl_nci_minus_mi
0000080424-16-000212,2668751125.0,dei,1.0,2668751125.0,57341000000,se_incl_nci_minus_mi
0000080424-15-000070,2712561733.0,dei,1.0,2712561733.0,62419000000,se_incl_nci_minus_mi
0000086312-24-000012,229125844.0,dei,1.0,229125844.0,24921000000,se
0000086312-23-000011,232094271.0,dei,1.0,232094271.0,21560000000,se
0000086312-22-000013,241500732.0,dei,1.0,241500732.0,28887000000,se
0000086312-21-000011,252214355.0,dei,1.0,252214355.0,29201000000,se
0000086312-20-000011,255030905.0,dei,1.0,255030905.0,25943000000,se
0000086312-19-000009,263391034.0,dei,1.0,263391034.0,22894000000,se
0001047469-18-000812,271427959.0,dei,1.0,271427959.0,23731000000,se
0001047469-17-000695,279685489.0,dei,1.0,279685489.0,23221000000,se
0001047469-16-010107,294977349.0,dei,1.0,294977349.0,23598000000,se
0001047469-15-000743,321368580.0,dei,1.0,321368580.0,24836000000,se_incl_nci_minus_mi
0000092122-24-000009,1091015113.0,dei,1.0,1091015113.0,31444000000,se
0000092122-23-000012,1088907919.0,dei,1.0,1088907919.0,30408000000,se
0000092122-22-000003,1060226587.0,dei,1.0,1060226587.0,27874000000,se
0000092122-21-000006,1056609660.0,dei,1.0,1056609660.0,27972000000,se
0000092122-20-000017,1054228409.0,dei,1.0,1054228409.0,27505000000,se
0000092122-19-000006,1034564279.0,dei,1.0,1034564279.0,24723000000,se
0000092122-18-000012,1008159482.0,dei,1.0,1008159482.0,24167000000,se
0000092122-17-000007,991051161.0,dei,1.0,991051161.0,24758000000,se
0000092122-16-000126,912846995.0,dei,1.0,912846995.0,20592000000,se
0000092122-15-000015,909877898.0,dei,1.0,909877898.0,19949000000,se
0000093410-24-000013,1857269160.0,dei,1.0,1857269160.0,160957000000,se
0000093410-23-000009,1906674044.0,dei,1.0,1906674044.0,159282000000,se
0000093410-22-000019,1947553346.0,dei,1.0,1947553346.0,139067000000,se
0000093410-21-000009,1926376764.0,dei,1.0,1926376764.0,131688000000,se
0000093410-20-000010,1879324765.0,dei,1.0,1879324765.0,144213000000,se
0000093410-19-000008,1900062760.0,dei,1.0,1900062760.0,154554000000,se
0000093410-18-000010,1910253256.0,dei,1.0,1910253256.0,148124000000,se
0000093410-17-000013,1893102970.0,dei,1.0,1893102970.0,145556000000,se
0000093410-16-000049,1883156295.0,dei,1.0,1883156295.0,152716000000,se
0000093410-15-000010,1880180422.0,dei,1.0,1880180422.0,155028000000,se
0000104169-24-000056,8058048674.0,dei,1.0,8058048674.0,83861000000,se
0000104169-23-000020,2695655933.0,dei,3.0,8086967799.0,76693000000,se
0000104169-22-000012,2751779629.0,dei,3.0,8255338887.0,83253000000,se
0000104169-21-000033,2817071695.0,dei,3.0,8451215085.0,80925000000,se
0000104169-20-000011,2832277220.0,dei,3.0,8496831660.0,74669000000,se
0000104169-19-000016,2869684230.0,dei,3.0,8609052690.0,72496000000,se
0000104169-18-000028,2950696818.0,dei,3.0,8852090454.0,77869000000,se
0000104169-17-000021,3033009079.0,dei,3.0,9099027237.0,77798000000,se
0000104169-16-000079,3144335104.0,dei,3.0,9433005312.0,80546000000,se
0000104169-15-000011,3226062652.0,dei,3.0,9678187956.0,81394000000,se
0000200406-24-000013,2408767228.0,dei,1.0,2408767228.0,71228000000,se
0000200406-23-000016,2604286303.0,dei,1.0,2604286303.0,76804000000,se_incl_nci_minus_mi
0000200406-22-000022,2629268158.0,dei,1.0,2629268158.0,74023000000,se_incl_nci_minus_mi
0000200406-21-000008,2628679824.0,dei,1.0,2628679824.0,63278000000,se_incl_nci_minus_mi
0000200406-20-000010,2634721257.0,dei,1.0,2634721257.0,59471000000,se_incl_nci_minus_mi
0000200406-19-000009,2663138579.0,dei,1.0,2663138579.0,59752000000,se_incl_nci_minus_mi
0000200406-18-000005,2682901553.0,dei,1.0,2682901553.0,60160000000,se_incl_nci_minus_mi
0000200406-17-000006,2713346602.0,dei,1.0,2713346602.0,70418000000,se_incl_nci_minus_mi
0000200406-16-000071,2759359192.0,dei,1.0,2759359192.0,71150000000,se_incl_nci_minus_mi
0000200406-15-000004,2780488708.0,dei,1.0,2780488708.0,69752000000,se_incl_nci_minus_mi
0001628280-24-006850,2532643872.0,dei,1.0,2532643872.0,37581000000,se
0001628280-23-005061,2538592467.0,dei,1.0,2538592467.0,45991000000,se
0000310158-22-000003,2527733606.0,dei,1.0,2527733606.0,38184000000,se
0000310158-21-000004,2530315668.0,dei,1.048,2651770820.064,25317000000,se
0000310158-20-000005,2536268760.0,dei,1.048,2658009660.48,25907000000,se
0000310158-19-000014,2581220308.0,dei,1.048,2705118882.784,26701000000,se
0000310158-18-000005,2696190502.0,dei,1.048,2825607646.096,34336000000,se
0000310158-17-000010,2745571067.0,dei,1.048,2877358478.216,40088000000,se
0000310158-16-000063,2775258591.0,dei,1.048,2908471003.368,44676000000,se
0000310158-15-000005,2838192933.0,dei,1.048,2974426193.784,48647000000,se
0000318154-24-000011,535918901.0,dei,1.0,535918901.0,6232000000,se
0000318154-23-000017,533976238.0,dei,1.0,533976238.0,3661000000,se
0000318154-22-000010,557029370.0,dei,1.0,557029370.0,6700000000,se
0000318154-21-000010,577566383.0,dei,1.0,577566383.0,9409000000,se
0000318154-20-000017,589806819.0,dei,1.0,589806819.0,9673000000,se
0000318154-19-000008,622278034.0,dei,1.0,622278034.0,12500000000,se
0000318154-18-000004,720562246.0,dei,1.0,720562246.0,25241000000,se
0000318154-17-000004,736452791.0,dei,1.0,736452791.0,29875000000,se
0000318154-16-000031,752091038.0,dei,1.0,752091038.0,28083000000,se
0000318154-15-000005,758861306.0,dei,1.0,758861306.0,25778000000,se
0000320187-24-000044,1517600000.0,wavg_basic,1.0,1517600000.0,14430000000,se
0000320187-23-000039,1551600000.0,wavg_basic,1.0,1551600000.0,14004000000,se
0000320187-22-000038,1578800000.0,wavg_basic,1.0,1578800000.0,15281000000,se
0000320187-21-000028,1573000000.0,wavg_basic,1.0,1573000000.0,12767000000,se
0000320187-20-000047,1558800000.0,wavg_basic,1.0,1558800000.0,8055000000,se
0000320187-19-000051,1579700000.0,wavg_basic,1.0,1579700000.0,9040000000,se
0000320187-18-000142,1623800000.0,wavg_basic,1.0,1623800000.0,9812000000,se
0000320187-17-000090,1657800000.0,wavg_basic,1.0,1657800000.0,12407000000,se
0000320187-16-000336,855351589.0,dei,2.0,1710703178.0,12258000000,se
0000320187-15-000113,855351589.0,dei,2.0,1710703178.0,12707000000,se
0000320193-24-000123,15115823000.0,dei,1.0,15115823000.0,56950000000,se
0000320193-23-000106,15552752000.0,dei,1.0,15552752000.0,62146000000,se
0000320193-22-000108,15908118000.0,dei,1.0,15908118000.0,50672000000,se
0000320193-21-000105,16406397000.0,dei,1.0,16406397000.0,63090000000,se
0000320193-20-000096,17001802000.0,dei,1.0,17001802000.0,65339000000,se
0000320193-19-000119,4443265000.0,dei,4.0,17773060000.0,90488000000,se
0000320193-18-000145,4745398000.0,dei,4.0,18981592000.0,107147000000,se
0000320193-17-000070,5134312000.0,dei,4.0,20537248000.0,134047000000,se
0001628280-16-020309,5332313000.0,dei,4.0,21329252000.0,128249000000,se
0001193125-15-356351,5575331000.0,dei,4.0,22301324000.0,119355000000,se
0000354950-24-000062,991015773.0,dei,1.0,991015773.0,1044000000,se
0000354950-23-000059,1014955506.0,dei,1.0,1014955506.0,1562000000,se
0000354950-22-000070,1033349933.0,dei,1.0,1033349933.0,-1696000000,se
0000354950-21-000089,1077069383.0,dei,1.0,1077069383.0,3299000000,se
0000354950-20-000015,1074741592.0,dei,1.0,1074741592.0,-3116000000,se
0000354950-19-000010,1103903507.0,dei,1.0,1103903507.0,-1878000000,se
0000354950-18-000019,1157269522.0,dei,1.0,1157269522.0,1454000000,se
0000354950-17-000005,1202918166.0,dei,1.0,1202918166.0,4333000000,se
0000354950-16-000060,1252951007.0,dei,1.0,1252951007.0,6316000000,se
0000354950-15-000008,1307394094.0,dei,1.0,1307394094.0,9322000000,se
0000731766-24-000081,921934109.0,dei,1.0,921934109.0,88756000000,se_incl_nci_minus_mi
0000731766-23-000008,932846602.0,dei,1.0,932846602.0,77772000000,se_incl_nci_minus_mi
0000731766-22-000008,940899146.0,dei,1.0,940899146.0,71760000000,se_incl_nci_minus_mi
0000731766-21-000013,945319404.0,dei,1.0,945319404.0,65491000000,se_incl_nci_minus_mi
0000731766-20-000006,948573372.0,dei,1.0,948573372.0,57616000000,se_incl_nci_minus_mi
0000731766-19-000005,959538515.0,dei,1.0,959538515.0,51696000000,se_incl_nci_minus_mi
0000731766-18-000005,967662919.0,dei,1.0,967662919.0,47776000000,se_incl_nci_minus_mi
0000731766-17-000009,951165192.0,dei,1.0,951165192.0,38274000000,se_incl_nci_minus_mi
0000731766-16-000058,950673998.0,dei,1.0,950673998.0,33020000000,se
0000731766-15-000007,953695161.0,dei,1.0,953695161.0,32454000000,se
0000732712-24-000010,4204272443.0,dei,1.0,4204272443.0,92430000000,se_incl_nci_minus_mi
0000732712-23-000012,4199882937.0,dei,1.0,4199882937.0,91144000000,se_incl_nci_minus_mi
0000732712-22-000008,4197823662.0,dei,1.0,4197823662.0,81790000000,se_incl_nci_minus_mi
0000732712-21-000012,4138148588.0,dei,1.0,4138148588.0,67842000000,se_incl_nci_minus_mi
0000732712-20-000014,4135863778.0,dei,1.0,4135863778.0,61395000000,se_incl_nci_minus_mi
0000732712-19-000012,4132045883.0,dei,1.0,4132045883.0,53145000000,se_incl_nci_minus_mi
0000732712-18-000009,4079486153.0,dei,1.0,4079486153.0,43096000000,se_incl_nci_minus_mi
0001193125-17-050292,4076731752.0,dei,1.0,4076731752.0,22524000000,se_incl_nci_minus_mi
0001193125-16-473367,4073840949.0,dei,1.0,4073840949.0,16428000000,se_incl_nci_minus_mi
0001193125-15-057710,4155408208.0,dei,1.0,4155408208.0,12298000000,se_incl_nci_minus_mi
0000732717-24-000009,7152792253.0,dei,1.0,7152792253.0,103297000000,se_incl_nci_minus_mi
0000732717-23-000011,7129870323.0,dei,1.0,7129870323.0,97500000000,se_incl_nci_minus_mi
0000732717-22-000015,7142892741.0,dei,1.324,9457189989.084,166332000000,se_incl_nci_minus_mi
0000732717-21-000012,7131763496.0,dei,1.324,9442454868.704,161673000000,se_incl_nci_minus_mi
0001562762-20-000064,7172884070.0,dei,1.324,9496898508.68,184221000000,se_incl_nci_minus_mi
0001193125-19-045608,7285000000.0,dei,1.324,9645340000.0,184089000000,se_incl_nci_minus_mi
0000732717-18-000009,6142000000.0,dei,1.324,8132008000.0,140861000000,se_incl_nci_minus_mi
0000732717-17-000021,6142000000.0,dei,1.324,8132008000.0,123135000000,se_incl_nci_minus_mi
0000732717-16-000147,6151000000.0,dei,1.324,8143924000.0,122671000000,se_incl_nci_minus_mi
0000732717-15-000016,5190000000.0,dei,1.324,6871560000.0,86370000000,se_incl_nci_minus_mi
0000753308-24-000008,2052429154.0,dei,1.0,2052429154.0,47468000000,se
0000753308-23-000019,1987495306.0,dei,1.0,1987495306.0,39229000000,se
0000753308-22-000014,1962744998.0,dei,1.0,1962744998.0,37202000000,se
0000753308-21-000014,1959874682.0,dei,1.0,1959874682.0,36513000000,se
0000753308-20-000021,488965893.0,dei,4.0,1955863572.0,37005000000,se
0000753308-19-000039,478167505.0,dei,4.0,1912670020.0,34144000000,se
0000753308-18-000013,470793941.0,dei,4.0,1883175764.0,28208000000,se
0000753308-17-000060,467581899.0,dei,4.0,1870327596.0,24341000000,se
0000753308-16-000337,460599691.0,dei,4.0,1842398764.0,22574000000,se
0000753308-15-000079,443453049.0,dei,4.0,1773812196.0,19916000000,se
0000773840-24-000014,652181812.0,dei,1.0116635,659788534.564262,15856000000,se
0000773840-23-000013,668140252.0,dei,1.0116635,675933105.829202,16697000000,se
0000773840-22-000018,685818771.0,dei,1.0116635,693817818.2355585,18569000000,se
0000773840-21-000015,695501159.0,dei,1.0116635,703613136.7679965,17549000000,se
0000773840-20-000009,712599803.0,dei,1.0116635,720911210.8022906,18494000000,se
0000930413-19-000366,729085890.0,dei,1.0116635,737589583.278015,18180000000,se
0000930413-18-000292,752002033.0,dei,1.0555211360519998,793754040.1855735,17276000000,se
0000930413-17-000391,761194241.0,dei,1.0555211360519998,803456610.0165597,19369000000,se
0000930413-16-005457,769322910.0,dei,1.0611452056419017,816363317.5369762,18283000000,se
0000930413-15-000621,782663047.0,dei,1.0611452056419017,830519139.9571325,17657000000,se
0000950170-24-087843,7433038381.0,dei,1.0,7433038381.0,268477000000,se
0000950170-23-035122,7429763722.0,dei,1.0,7429763722.0,206223000000,se
0001564590-22-026876,7457891872.0,dei,1.0,7457891872.0,166542000000,se
0001564590-21-039151,7514891248.0,dei,1.0,7514891248.0,141988000000,se
0001564590-20-034944,7567652935.0,dei,1.0,7567652935.0,118304000000,se
0001564590-19-027952,7635409400.0,dei,1.0,7635409400.0,102330000000,se
0001564590-18-019062,7668217316.0,dei,1.0,7668217316.0,82718000000,se
0001564590-17-014900,7702243979.0,dei,1.0,7702243979.0,72394000000,se
0001193125-16-662209,7792515573.0,dei,1.0,7792515573.0,71997000000,se
0001193125-15-272806,7997980969.0,dei,1.0,7997980969.0,80083000000,se
0000858877-24-000017,3990734794.0,dei,1.0,3990734794.0,45457000000,se
0000858877-23-000023,4054857783.0,dei,1.0,4054857783.0,44353000000,se
0000858877-22-000013,4108844167.0,dei,1.0,4108844167.0,39773000000,se
0000858877-21-000013,4217735917.0,dei,1.0,4217735917.0,41275000000,se
0000858877-20-000010,4233425297.0,dei,1.0,4233425297.0,37920000000,se
0000858877-19-000012,4245290230.0,dei,1.0,4245290230.0,33571000000,se
0000858877-18-000011,4571334136.0,dei,1.0,4571334136.0,43204000000,se
0000858877-17-000016,4951955851.0,dei,1.0,4951955851.0,66137000000,se
0000858877-16-000117,5014353833.0,dei,1.0,5014353833.0,63586000000,se
0000858877-15-000070,5061293291.0,dei,1.0,5061293291.0,59698000000,se
0000886982-24-000006,325562747.0,dei,1.0,325562747.0,116905000000,se
0000886982-23-000003,335423289.0,dei,1.0,335423289.0,117189000000,se
0001193125-22-052682,337922970.0,dei,1.0,337922970.0,109926000000,se
0001193125-21-049380,345794361.0,dei,1.0,345794361.0,95932000000,se
0001193125-20-043853,345672769.0,dei,1.0,345672769.0,90265000000,se
0001193125-19-050198,368272261.0,dei,1.0,368272261.0,90185000000,se
0001193125-18-056383,379887039.0,dei,1.0,379887039.0,82243000000,se
0001193125-17-056804,398377814.0,dei,1.0,398377814.0,86893000000,se
0001193125-16-470289,422349543.0,dei,1.0,422349543.0,86728000000,se
0001193125-15-056785,435621157.0,dei,1.0,435621157.0,82797000000,se
0000909832-24-000049,443073537.0,dei,1.0,443073537.0,23622000000,se
0000909832-23-000042,442740572.0,dei,1.0,442740572.0,25058000000,se
0000909832-22-000021,442604145.0,dei,1.0,442604145.0,20642000000,se
0000909832-21-000014,441823811.0,dei,1.0,441823811.0,17564000000,se
0000909832-20-000017,441228027.0,dei,1.0,441228027.0,18284000000,se
0000909832-19-000019,439656950.0,dei,1.0,439656950.0,15243000000,se
0000909832-18-000013,438208376.0,dei,1.0,438208376.0,12799000000,se
0000909832-17-000014,436989606.0,dei,1.0,436989606.0,10778000000,se
0000909832-16-000032,437126569.0,dei,1.0,437126569.0,12079000000,se
0000909832-15-000014,437406636.0,dei,1.0,437406636.0,10617000000,se
0001001039-18-000187,1488670964.0,dei,1.0,1488670964.0,48773000000,se
0001001039-17-000198,1510312194.0,dei,1.0,1510312194.0,41315000000,se
0001001039-16-000516,1591460982.0,dei,1.0,1591460982.0,43265000000,se
0001001039-15-000255,1653177887.0,dei,1.0,1653177887.0,44525000000,se
0001018724-24-000008,10387381291.0,dei,1.0,10387381291.0,201875000000,se
0001018724-23-000004,10247259757.0,dei,1.0,10247259757.0,146043000000,se
0001018724-22-000005,508844410.0,dei,20.0,10176888200.0,138245000000,se
0001018724-21-000004,503564743.0,dei,20.0,10071294860.0,93404000000,se
0001018724-20-000004,497810444.0,dei,20.0,9956208880.0,62060000000,se
0001018724-19-000004,491202890.0,dei,20.0,9824057800.0,43549000000,se
0001018724-18-000005,484107183.0,dei,20.0,9682143660.0,27709000000,se
0001018724-17-000011,477170618.0,dei,20.0,9543412360.0,19285000000,se
0001018724-16-000172,470842035.0,dei,20.0,9416840700.0,13384000000,se
0001018724-15-000006,464383939.0,dei,20.0,9287678780.0,10741000000,se
0001045810-24-000029,2500000000.0,dei,10.0,25000000000.0,42978000000,se
0001045810-23-000017,2470000000.0,dei,10.0,24700000000.0,22101000000,se
0001045810-22-000036,2510000000.0,dei,10.0,25100000000.0,26612000000,se
0001045810-21-000010,620000000.0,dei,40.0,24800000000.0,16893000000,se
0001045810-20-000010,612000000.0,dei,40.0,24480000000.0,12204000000,se
0001045810-19-000023,606000000.0,dei,40.0,24240000000.0,9342000000,se
0001045810-18-000010,604636210.0,dei,40.0,24185448400.0,7471000000,se
0001045810-17-000027,588632086.0,dei,40.0,23545283440.0,5762000000,se
0001045810-16-000205,541641088.0,dei,40.0,21665643520.0,4469000000,se
0001045810-15-000036,549840211.0,dei,40.0,21993608440.0,4417982000,se
0001065280-24-000030,432759584.0,dei,10.0,4327595840.0,20588313000,se
0001065280-23-000035,445346776.0,dei,10.0,4453467760.0,20777401000,se
0001065280-22-000036,443963107.0,dei,10.0,4439631070.0,15849248000,se
0001065280-21-000040,442895261.0,dei,10.0,4428952610.0,11065240000,se
0001065280-20-000040,438806649.0,dei,10.0,4388066490.0,7582157000,se
0001065280-19-000043,436598597.0,dei,10.0,4365985970.0,5238765000,se
0001065280-18-000069,433948461.0,dei,10.0,4339484610.0,3581956000,se
0001628280-17-000496,430411593.0,dei,10.0,4304115930.0,2679800000,se
0001065280-16-000047,428081221.0,dei,10.0,4280812210.0,2223426000,se
0001065280-15-000006,60498082.0,dei,70.0,4234865740.0,1857708000,se
0001090727-24-000008,859000000.0,wavg_basic,1.0,859000000.0,17306000000,se
0001090727-23-000006,871000000.0,wavg_basic,1.0,871000000.0,19786000000,se
0001090727-22-000007,874000000.0,wavg_basic,1.0,874000000.0,14253000000,se
0001090727-21-000013,867000000.0,wavg_basic,1.0,867000000.0,657000000,se
0001090727-20-000005,864000000.0,wavg_basic,1.0,864000000.0,3267000000,se
0001090727-19-000006,866000000.0,wavg_basic,1.0,866000000.0,3021000000,se
0001090727-18-000009,871000000.0,wavg_basic,1.0,871000000.0,1000000000,se
0001090727-17-000011,883000000.0,wavg_basic,1.0,883000000.0,405000000,se
0001090727-16-000053,901000000.0,wavg_basic,1.0,901000000.0,2470000000,se
0001090727-15-000008,916000000.0,wavg_basic,1.0,916000000.0,2141000000,se
0001108524-24-000005,970000000.0,dei,1.0,970000000.0,59646000000,se
0001108524-23-000011,1000000000.0,dei,1.0,1000000000.0,58359000000,se
0001108524-22-000013,990000000.0,dei,1.0,990000000.0,58131000000,se
0001108524-22-000008,985000000.0,dei,1.0,985000000.0,57054000000,se
0001108524-20-000014,895000000.0,dei,1.0,895000000.0,33885000000,se
0001108524-19-000009,771000000.0,dei,1.0,771000000.0,15605000000,se
0001108524-18-000011,731500000.0,dei,1.0,731500000.0,9388496000,se
0001108524-17-000006,707500000.0,dei,1.0,707500000.0,7500127000,se
0001108524-16-000053,670900000.0,dei,1.0,670900000.0,5002869000,se
0001108524-15-000008,650600000.0,dei,1.0,650600000.0,3975183000,se
0001141391-24-000022,944000000.0,wavg_basic,1.0,944000000.0,6929000000,se
0001141391-23-000020,968000000.0,wavg_basic,1.0,968000000.0,6298000000,se
0001141391-22-000023,988000000.0,wavg_basic,1.0,988000000.0,7312000000,se
0001141391-21-000018,1002000000.0,wavg_basic,1.0,1002000000.0,6391000000,se
0001141391-20-000032,1017000000.0,wavg_basic,1.0,1017000000.0,5893000000,se
0001141391-19-000013,1041000000.0,wavg_basic,1.0,1041000000.0,5395000000,se
0001141391-18-000009,1067000000.0,wavg_basic,1.0,1067000000.0,5468000000,se
0001141391-17-000014,1098000000.0,wavg_basic,1.0,1098000000.0,5656000000,se
0001141391-16-000085,1134000000.0,wavg_basic,1.0,1134000000.0,6028000000,se
0001141391-15-000011,1165000000.0,wavg_basic,1.0,1165000000.0,6790000000,se
0001166691-24-000011,4122000000.0,wavg_basic,1.067,4398174000.0,82703000000,se
0001166691-23-000010,4406000000.0,wavg_basic,1.067,4701202000.0,80943000000,se
0001166691-22-000009,4584000000.0,wavg_basic,1.067,4891128000.0,96092000000,se
0001166691-21-000008,4574000000.0,wavg_basic,1.067,4880458000.0,90323000000,se
0001166691-20-000008,4548000000.0,wavg_basic,1.067,4852716000.0,82726000000,se
0001166691-19-000005,4584000000.0,wavg_basic,1.067,4891128000.0,71613000000,se
0001166691-18-000004,4708000000.0,wavg_basic,1.067,5023436000.0,68606000000,se
0001193125-17-030512,2410000000.0,wavg_basic,2.134,5142940000.0,53943000000,se
0001193125-16-452423,2486000000.0,wavg_basic,2.134,5305124000.0,52269000000,se
0001193125-15-068526,2583000000.0,wavg_basic,2.134,5512122000.0,52711000000,se
0001288776-15-000008,675935000.0,wavg_basic,20.0,13518700000.0,104500000000,se
0001326160-24-000037,770811446.0,dei,1.0,770811446.0,49112000000,se
0001326160-23-000073,770080285.0,dei,1.0,770080285.0,49322000000,se
0001326160-22-000072,769358344.0,dei,1.0,769358344.0,49296000000,se
0001326160-21-000063,768663580.0,dei,1.0,768663580.0,47964000000,se
0001326160-20-000034,733321965.0,dei,1.0,733321965.0,46822000000,se
0001326160-19-000057,727010882.0,dei,1.0,727010882.0,43817000000,se
0001326160-18-000034,700092667.0,dei,1.0,700092667.0,41739000000,se
0001326160-17-000016,699607929.0,dei,1.0,699607929.0,41033000000,se
0001326160-16-000221,688377923.0,dei,1.0,688377923.0,39727000000,se
0001326160-15-000008,707544168.0,dei,1.0,707544168.0,40875000000,se
0001326801-24-000012,2574000000.0,wavg_basic,1.0,2574000000.0,153168000000,se
0001326801-23-000013,2687000000.0,wavg_basic,1.0,2687000000.0,125713000000,se
0001326801-22-000018,2815000000.0,wavg_basic,1.0,2815000000.0,124879000000,se
0001326801-21-000014,2851000000.0,wavg_basic,1.0,2851000000.0,128290000000,se
0001326801-20-000013,2854000000.0,wavg_basic,1.0,2854000000.0,101054000000,se
0001326801-19-000009,2890000000.0,wavg_basic,1.0,2890000000.0,84127000000,se
0001326801-18-000009,2901000000.0,wavg_basic,1.0,2901000000.0,74347000000,se
0001326801-17-000007,2863000000.0,wavg_basic,1.0,2863000000.0,59194000000,se
0001326801-16-000043,2803000000.0,wavg_basic,1.0,2803000000.0,44218000000,se
0001326801-15-000006,2614000000.0,wavg_basic,1.0,2614000000.0,36096000000,se
0000950170-24-075605,2755860000.0,dei,1.0,2755860000.0,8704000000,se
0000950170-23-028914,2714259000.0,dei,1.0,2714259000.0,1073000000,se
0001564590-22-023675,2664926000.0,dei,1.0,2664926000.0,-6220000000,se
0001564590-21-033616,2792000000.0,dei,1.0,2792000000.0,5238000000,se
0001564590-20-030125,3068682000.0,dei,1.0,3068682000.0,12074000000,se
0001564590-19-023119,3335819000.0,dei,1.0,3335819000.0,21785000000,se
0001193125-18-201034,3981155000.0,dei,1.0,3981155000.0,45726000000,se
0001193125-17-214833,4136682000.0,dei,1.0,4136682000.0,53860000000,se
0001193125-16-628942,4122730000.0,dei,1.0,4122730000.0,47289000000,se
0001193125-15-235239,4336077000.0,dei,1.0,4336077000.0,48663000000,se
0001403161-24-000058,,,1.0,,39137000000,se_incl_nci_minus_mi
0001403161-23-000099,,,1.0,,38733000000,se_incl_nci_minus_mi
0001403161-22-000081,,,1.0,,35581000000,se_incl_nci_minus_mi
0001403161-21-000060,,,1.0,,37589000000,se_incl_nci_minus_mi
0001403161-20-000070,,,1.0,,36210000000,se_incl_nci_minus_mi
0001403161-19-000050,,,1.0,,34684000000,se_incl_nci_minus_mi
0001403161-18-000055,,,1.0,,34006000000,se_incl_nci_minus_mi
0001403161-17-000044,,,1.0,,32760000000,se_incl_nci_minus_mi
0001403161-16-000058,,,1.0,,32912000000,se_incl_nci_minus_mi
0001403161-15-000013,,,1.0,,29842000000,se_incl_nci_minus_mi
0001467858-24-000031,1154433287.0,dei,1.0,1154433287.0,64286000000,se
0001467858-23-000029,1394637226.0,dei,1.0,1394637226.0,67792000000,se
0001467858-22-000034,1453021337.0,dei,1.0,1453021337.0,59744000000,se
0001467858-21-000037,1440912820.0,dei,1.0,1440912820.0,45030000000,se
0001467858-20-000028,1429002063.0,dei,1.0,1429002063.0,41792000000,se
0001467858-19-000033,1409478926.0,dei,1.0,1409478926.0,38860000000,se
0001467858-18-000022,1402630363.0,dei,1.0,1402630363.0,35001000000,se
0001467858-17-000028,1497964557.0,dei,1.0,1497964557.0,43836000000,se
0001467858-16-000255,1544492608.0,dei,1.0,1544492608.0,39871000000,se
0001467858-15-000036,1610365961.0,dei,1.0,1610365961.0,35457000000,se
0001652044-24-000022,12460000000.0,bs_shares,1.0,12460000000.0,283379000000,se
0001652044-23-000016,12849000000.0,bs_shares,1.0,12849000000.0,256144000000,se
0001652044-22-000019,662121000.0,bs_shares,20.0,13242420000.0,251635000000,se
0001652044-21-000010,675222000.0,bs_shares,20.0,13504440000.0,222544000000,se
0001652044-20-000008,688335000.0,bs_shares,20.0,13766700000.0,201442000000,se
0001652044-19-000004,695556000.0,bs_shares,20.0,13911120000.0,177628000000,se
0001652044-18-000007,694783000.0,bs_shares,20.0,13895660000.0,152502000000,se
0001652044-17-000008,691293000.0,bs_shares,20.0,13825860000.0,139036000000,se
0001652044-16-000012,687348000.0,bs_shares,20.0,13746960000.0,120331000000,se
0001744489-24-000276,1810939306.0,dei,1.0,1810939306.0,100696000000,se
0001744489-23-000216,1830315921.0,dei,1.0,1830315921.0,99277000000,se
0001744489-22-000213,1823591988.0,dei,1.0,1823591988.0,95008000000,se
0001744489-21-000220,1817655948.0,dei,1.0,1817655948.0,88553000000,se
0001744489-20-000197,1810485037.0,dei,1.0,1810485037.0,83583000000,se
0001744489-19-000225,1802398289.0,dei,1.0,1802398289.0,88877000000,se
