ticker,group
ACB,VN30
ANV,VN100
BAF,VN100
BCM,VN100
BID,VN30
BMP,VN100
BSI,VN100
BSR,VN30
BVH,VN100
BWE,VN100
CII,VN100
CMG,VN100
CTD,VN100
CTG,VN30
CTR,VN100
CTS,VN100
DBC,VN100
DCM,VN100
DGW,VN100
DIG,VN100
DPM,VN100
DSE,VN100
DXG,VN100
EIB,VN100
EVF,VN100
FPT,VN30
FRT,VN100
FTS,VN100
GAS,VN30
GEE,VN100
GEX,VN100
GMD,VN100
GVR,VN30
HAG,VN100
HCM,VN100
HDB,VN30
HDG,VN100
HHV,VN100
HPG,VN30
HSG,VN100
HT1,VN100
KBC,VN100
KDC,VN100
KDH,VN100
KOS,VN100
LPB,VN30
MBB,VN30
MCH,VN30
MSB,VN100
MSN,VN30
MWG,VN30
NAB,VN100
NKG,VN100
NLG,VN100
NT2,VN100
NVL,VN100
OCB,VN100
PAN,VN100
PC1,VN100
PDR,VN100
PHR,VN100
PLX,VN100
PNJ,VN100
POW,VN100
PVD,VN100
PVT,VN100
REE,VN100
SAB,VN30
SBT,VN100
SHB,VN30
SIP,VN100
SJS,VN100
SSB,VN30
SSI,VN30
STB,VN30
TAL,VN100
TCB,VN30
TCH,VN100
TCX,VN30
TPB,VN100
VCB,VN30
VCG,VN100
VCI,VN100
VCK,VN100
VGC,VN100
VHC,VN100
VHM,VN30
VIB,VN30
VIC,VN30
VIX,VN100
VJC,VN30
VND,VN100
VNM,VN30
VPB,VN30
VPI,VN100
VPL,VN30
VPX,VN100
VRE,VN30
VSC,VN100
VTP,VN100
