phien,T1 Tiêu cực (n=167),T2 Trung tính (n=166),T3 Tích cực (n=167)
-10,-0.008,-0.131,-0.012
-9,-0.27,-0.145,0.174
-8,-0.242,-0.149,0.138
-7,0.092,-0.271,0.119
-6,0.088,-0.465,0.366
-5,0.059,-0.701,0.354
-4,0.161,-0.623,0.449
-3,0.329,-0.477,0.557
-2,0.378,-0.471,0.461
-1,0.698,-0.27,0.5
0,0.672,-0.362,0.271
1,0.668,-0.39,0.248
2,0.634,-0.422,0.17
3,0.611,-0.426,0.232
4,0.495,-0.473,0.123
5,0.444,-0.416,0.233
6,0.328,-0.359,0.18
7,0.154,-0.387,0.16
8,0.252,-0.302,0.303
9,0.244,-0.195,0.09
10,0.141,-0.06,0.157
