doc_id,ticker,event_date,day0,lag_8k_202,overlap,car_0_3
0000320193-24-000123,AAPL,2024-11-01,2024-11-01,-1.0,True,-0.0618430921577429
0000320193-23-000106,AAPL,2023-11-02,2023-11-03,0.0,True,0.0119632672932782
0000320193-22-000108,AAPL,2022-10-27,2022-10-28,0.0,True,0.0180481162792867
0000320193-21-000105,AAPL,2021-10-28,2021-10-29,0.0,True,-0.0267416045804962
0000320193-20-000096,AAPL,2020-10-29,2020-10-30,0.0,True,-0.0557741844378226
0000320193-19-000119,AAPL,2019-10-30,2019-10-31,0.0,True,0.0388030016096953
0000320193-18-000145,AAPL,2018-11-05,2018-11-05,,False,-0.0334030641749103
0000320193-17-000070,AAPL,2017-11-03,2017-11-03,-1.0,True,0.0398516887801748
0001628280-16-020309,AAPL,2016-10-26,2016-10-27,-1.0,True,-0.0270468111952807
0001193125-15-356351,AAPL,2015-10-28,2015-10-29,-1.0,True,0.0181690976977869
0000950170-24-087843,MSFT,2024-07-30,2024-07-31,0.0,True,-0.0014576187081199
0000950170-23-035122,MSFT,2023-07-27,2023-07-28,-2.0,True,-0.0074501736013484
0001564590-22-026876,MSFT,2022-07-28,2022-07-29,-2.0,True,-0.0033224731534299
0001564590-21-039151,MSFT,2021-07-29,2021-07-30,-2.0,True,0.0029763514765008
0001564590-20-034944,MSFT,2020-07-31,2020-07-31,,False,0.0098968683332808
0001564590-19-027952,MSFT,2019-08-01,2019-08-02,,False,0.0110119299960195
0001564590-18-019062,MSFT,2018-08-03,2018-08-03,,False,-0.0016762102801092
0001564590-17-014900,MSFT,2017-08-02,2017-08-03,,False,0.0065905465409251
0001193125-16-662209,MSFT,2016-07-28,2016-07-29,,False,0.0193948247868718
0001193125-15-272806,MSFT,2015-07-31,2015-08-03,,False,0.0123173507030815
0001018724-24-000008,AMZN,2024-02-01,2024-02-02,0.0,True,0.0410651341671968
0001018724-23-000004,AMZN,2023-02-02,2023-02-03,0.0,True,-0.0890642675446498
0001018724-22-000005,AMZN,2022-02-03,2022-02-04,0.0,True,0.1351657733179067
0001018724-21-000004,AMZN,2021-02-03,2021-02-03,-1.0,True,-0.0456288725098386
0001018724-20-000004,AMZN,2020-01-31,2020-01-31,-1.0,True,0.0762162046632683
0001018724-19-000004,AMZN,2019-02-01,2019-02-01,-1.0,True,-0.0676594259058586
0001018724-18-000005,AMZN,2018-02-02,2018-02-02,-1.0,True,0.1053364162826625
0001018724-17-000011,AMZN,2017-02-09,2017-02-10,,False,0.0036047053241082
0001018724-16-000172,AMZN,2016-01-29,2016-01-29,-1.0,True,-0.2001631417157917
0001018724-15-000006,AMZN,2015-01-30,2015-01-30,-1.0,True,0.1581466867112444
0001652044-24-000022,GOOGL,2024-01-31,2024-01-31,-1.0,True,-0.0568955268303122
0001652044-23-000016,GOOGL,2023-02-03,2023-02-03,-1.0,True,-0.050594586695779
0001652044-22-000019,GOOGL,2022-02-02,2022-02-02,-1.0,True,0.0306306079177194
0001652044-21-000010,GOOGL,2021-02-03,2021-02-03,-1.0,True,0.0565193065880769
0001652044-20-000008,GOOGL,2020-02-04,2020-02-04,-1.0,True,-0.0375470701083133
0001652044-19-000004,GOOGL,2019-02-05,2019-02-05,-1.0,True,-0.0265801117702956
0001652044-18-000007,GOOGL,2018-02-06,2018-02-06,,False,-0.0005864438338261
0001652044-17-000008,GOOGL,2017-02-02,2017-02-03,,False,0.0053671364699874
0001652044-16-000012,GOOGL,2016-02-11,2016-02-12,,False,-0.0511668360954602
0001288776-15-000008,GOOGL,2015-02-07,2015-02-09,,False,0.0092655676563011
0001326801-24-000012,META,2024-02-02,2024-02-02,-1.0,True,0.1600815591936669
0001326801-23-000013,META,2023-02-02,2023-02-02,-1.0,True,0.2353728073578156
0001326801-22-000018,META,2022-02-03,2022-02-03,-1.0,True,-0.3160689752042095
0001326801-21-000014,META,2021-01-28,2021-01-28,-1.0,True,-0.0419513808909072
0001326801-20-000013,META,2020-01-30,2020-01-30,-1.0,True,-0.0692658328830273
0001326801-19-000009,META,2019-01-31,2019-02-01,-1.0,True,0.0153573361750836
0001326801-18-000009,META,2018-02-01,2018-02-02,-1.0,True,-0.0025365610221823
0001326801-17-000007,META,2017-02-03,2017-02-03,-2.0,True,0.0185285446833119
0001326801-16-000043,META,2016-01-28,2016-01-29,-1.0,True,0.0148462294154317
0001326801-15-000006,META,2015-01-29,2015-01-30,-1.0,True,-0.0464941765048142
0001045810-24-000029,NVDA,2024-02-21,2024-02-22,0.0,True,0.1222080456196501
0001045810-23-000017,NVDA,2023-02-24,2023-02-27,-2.0,True,-0.0110597741625728
0001045810-22-000036,NVDA,2022-03-18,2022-03-18,,False,0.0018974131531162
0001045810-21-000010,NVDA,2021-02-26,2021-03-01,-2.0,True,-0.087864949073764
0001045810-20-000010,NVDA,2020-02-20,2020-02-21,,False,0.024845879950163
0001045810-19-000023,NVDA,2019-02-21,2019-02-22,,False,-0.0047231796012528
0001045810-18-000010,NVDA,2018-02-28,2018-03-01,,False,-0.015444649446504
0001045810-17-000027,NVDA,2017-03-01,2017-03-02,,False,-0.0435072456807743
0001045810-16-000205,NVDA,2016-03-16,2016-03-17,,False,-0.004154288987686
0001045810-15-000036,NVDA,2015-03-11,2015-03-12,,False,-0.0125092863948727
0000050863-24-000010,INTC,2024-01-25,2024-01-26,0.0,True,-0.1239780060763548
0000050863-23-000006,INTC,2023-01-26,2023-01-27,0.0,True,-0.0436131561667063
0000050863-22-000007,INTC,2022-01-26,2022-01-27,0.0,True,-0.0929521341915065
0000050863-21-000010,INTC,2021-01-22,2021-01-22,-1.0,True,-0.1154525717986061
0000050863-20-000011,INTC,2020-01-23,2020-01-24,0.0,True,0.0685767239996559
0000050863-19-000007,INTC,2019-02-01,2019-02-01,,False,0.0493979988087121
0000050863-18-000007,INTC,2018-02-16,2018-02-16,,False,0.012220332769583
0000050863-17-000012,INTC,2017-02-17,2017-02-17,,False,-0.0148819613960076
0000050863-16-000105,INTC,2016-02-12,2016-02-12,,False,-0.0134754713759524
0000050863-15-000015,INTC,2015-02-13,2015-02-13,,False,-0.0053204179084687
0000858877-24-000017,CSCO,2024-09-05,2024-09-06,,False,-0.0045033055402084
0000858877-23-000023,CSCO,2023-09-07,2023-09-08,,False,-0.01475751210474
0000858877-22-000013,CSCO,2022-09-08,2022-09-09,,False,-0.0170208398951518
0000858877-21-000013,CSCO,2021-09-09,2021-09-10,,False,-0.017407794836142
0000858877-20-000010,CSCO,2020-09-03,2020-09-04,,False,0.0016270368503361
0000858877-19-000012,CSCO,2019-09-05,2019-09-06,,False,0.022638408167692
0000858877-18-000011,CSCO,2018-09-06,2018-09-07,,False,-0.0159845820366923
0000858877-17-000016,CSCO,2017-09-07,2017-09-08,,False,-0.0005746387193984
0000858877-16-000117,CSCO,2016-09-08,2016-09-09,,False,0.005335552974116
0000858877-15-000070,CSCO,2015-09-08,2015-09-09,,False,-0.0154435673999044
0000950170-24-075605,ORCL,2024-06-20,2024-06-21,,False,-0.0299629196756199
0000950170-23-028914,ORCL,2023-06-20,2023-06-21,,False,-0.040181440138501
0001564590-22-023675,ORCL,2022-06-21,2022-06-21,,False,-0.017243034811076
0001564590-21-033616,ORCL,2021-06-21,2021-06-22,,False,-0.0098856635704926
0001564590-20-030125,ORCL,2020-06-22,2020-06-23,,False,0.0176688204117998
0001564590-19-023119,ORCL,2019-06-21,2019-06-24,-2.0,True,0.0190377701564867
0001193125-18-201034,ORCL,2018-06-22,2018-06-25,-3.0,True,0.0113950926698982
0001193125-17-214833,ORCL,2017-06-27,2017-06-28,,False,-0.031941193820129
0001193125-16-628942,ORCL,2016-06-22,2016-06-23,,False,0.0055471784292014
0001193125-15-235239,ORCL,2015-06-25,2015-06-26,,False,-0.0068027109564915
0000051143-24-000012,IBM,2024-02-26,2024-02-26,,False,-0.0122716516263879
0001558370-23-002376,IBM,2023-02-28,2023-03-01,,False,-0.0081650971855427
0001558370-22-001584,IBM,2022-02-22,2022-02-23,,False,-0.0179309273680281
0001558370-21-001489,IBM,2021-02-23,2021-02-24,,False,-0.0001537422210337
0001558370-20-001334,IBM,2020-02-25,2020-02-26,,False,-0.0406069429600123
0001047469-19-000712,IBM,2019-02-26,2019-02-27,,False,-0.0085866428295722
0001047469-18-001117,IBM,2018-02-27,2018-02-28,,False,0.0094449667522028
0001047469-17-001061,IBM,2017-02-28,2017-03-01,,False,-0.002905949183228
0001047469-16-010329,IBM,2016-02-23,2016-02-24,,False,-0.0107886536762254
0001047469-15-001106,IBM,2015-02-24,2015-02-25,,False,-0.0213793069322321
0001108524-24-000005,CRM,2024-03-06,2024-03-07,,False,-0.0133770702443394
0001108524-23-000011,CRM,2023-03-08,2023-03-09,,False,0.0271633482847656
0001108524-22-000013,CRM,2022-03-11,2022-03-11,,False,-0.0074664672015007
0001108524-22-000008,CRM,2022-02-24,2022-02-25,,False,-0.0015219503927546
0001108524-20-000014,CRM,2020-03-05,2020-03-06,,False,-0.0083516368072323
0001108524-19-000009,CRM,2019-03-08,2019-03-08,,False,-0.0195996860431409
0001108524-18-000011,CRM,2018-03-09,2018-03-12,,False,0.0104218745556426
0001108524-17-000006,CRM,2017-03-06,2017-03-07,,False,0.0153597316887971
0001108524-16-000053,CRM,2016-03-04,2016-03-07,,False,0.0023196918395505
0001108524-15-000008,CRM,2015-03-05,2015-03-06,,False,0.0163915962903782
0000019617-24-000225,JPM,2024-02-16,2024-02-20,,False,0.012807520297906
0000019617-23-000231,JPM,2023-02-21,2023-02-22,,False,0.0154206839559576
0000019617-22-000272,JPM,2022-02-22,2022-02-23,,False,-0.0804460860965933
0000019617-21-000236,JPM,2021-02-23,2021-02-24,,False,-0.0119231915123363
0000019617-20-000257,JPM,2020-02-25,2020-02-26,,False,-0.0250924790461846
0000019617-19-000054,JPM,2019-02-26,2019-02-27,,False,-0.0087627963988436
0000019617-18-000057,JPM,2018-02-27,2018-02-28,,False,-0.0135493907290564
0000019617-17-000314,JPM,2017-02-28,2017-03-01,,False,0.0020495976640503
0000019617-16-000902,JPM,2016-02-23,2016-02-24,,False,-0.0034246519221861
0000019617-15-000272,JPM,2015-02-24,2015-02-25,,False,0.0154094967757376
0000070858-24-000122,BAC,2024-02-20,2024-02-21,,False,-0.0328556828512534
0000070858-23-000092,BAC,2023-02-22,2023-02-23,,False,0.0032796277357401
0000070858-22-000062,BAC,2022-02-22,2022-02-23,,False,-0.0506239514834001
0000070858-21-000023,BAC,2021-02-24,2021-02-25,,False,-0.0147754557110066
0000070858-20-000011,BAC,2020-02-19,2020-02-20,,False,-0.0045600327684664
0000070858-19-000012,BAC,2019-02-26,2019-02-27,,False,-0.0026559972347907
0000070858-18-000009,BAC,2018-02-22,2018-02-23,,False,0.0027757045957808
0000070858-17-000013,BAC,2017-02-23,2017-02-24,,False,0.0101059987628243
0000070858-16-000137,BAC,2016-02-24,2016-02-25,,False,0.0564924700201344
0000070858-15-000008,BAC,2015-02-25,2015-02-26,,False,-0.0243907733324723
0000072971-24-000064,WFC,2024-02-20,2024-02-21,,False,0.0255922543495106
0000072971-23-000071,WFC,2023-02-21,2023-02-22,,False,0.0114118033850923
0000072971-22-000096,WFC,2022-02-22,2022-02-23,,False,-0.0584321416203932
0000072971-21-000197,WFC,2021-02-23,2021-02-24,,False,-0.0110553111183614
0000072971-20-000217,WFC,2020-02-27,2020-02-27,,False,-0.0417477678303448
0000072971-19-000227,WFC,2019-02-27,2019-02-28,,False,0.0039823874813684
0000072971-18-000272,WFC,2018-03-01,2018-03-02,,False,-0.0355585555508044
0000072971-17-000278,WFC,2017-03-01,2017-03-02,,False,-0.0144574251970347
0000072971-16-001045,WFC,2016-02-24,2016-02-25,,False,-0.0032207954436728
0000072971-15-000449,WFC,2015-02-25,2015-02-26,,False,0.0042137091740011
0000886982-24-000006,GS,2024-02-23,2024-02-23,,False,0.0160708912663365
0000886982-23-000003,GS,2023-02-24,2023-02-24,,False,-0.031825189044722
0001193125-22-052682,GS,2022-02-25,2022-02-25,,False,-0.0274485570573963
0001193125-21-049380,GS,2021-02-20,2021-02-22,,False,0.0494505720797579
0001193125-20-043853,GS,2020-02-21,2020-02-21,,False,0.0324505260399775
0001193125-19-050198,GS,2019-02-26,2019-02-26,,False,0.0022781663475574
0001193125-18-056383,GS,2018-02-24,2018-02-26,,False,-0.0045316963535913
0001193125-17-056804,GS,2017-02-25,2017-02-27,,False,-0.0007653340047107
0001193125-16-470289,GS,2016-02-20,2016-02-22,,False,-0.0083828946181168
0001193125-15-056785,GS,2015-02-21,2015-02-23,,False,0.0063052351911471
0000004962-24-000013,AXP,2024-02-09,2024-02-12,,False,-0.0025124308606472
0000004962-23-000006,AXP,2023-02-10,2023-02-13,,False,-0.0121079303018338
0000004962-22-000008,AXP,2022-02-11,2022-02-14,,False,0.0294484221999773
0000004962-21-000013,AXP,2021-02-12,2021-02-16,,False,0.0219805198487207
0000004962-20-000030,AXP,2020-02-13,2020-02-14,,False,0.0173062502012362
0000004962-19-000018,AXP,2019-02-13,2019-02-14,,False,-0.0213059125698869
0000004962-18-000032,AXP,2018-02-16,2018-02-20,,False,0.0143417260087197
0001193125-17-047588,AXP,2017-02-17,2017-02-21,,False,-0.0110892460706481
0001193125-16-469798,AXP,2016-02-19,2016-02-22,,False,0.0096843291614197
0001193125-15-059931,AXP,2015-02-24,2015-02-25,,False,0.0173337681077914
0001403161-24-000058,V,2024-11-13,2024-11-14,,False,0.0133402208963332
0001403161-23-000099,V,2023-11-15,2023-11-16,,False,0.0099372665634356
0001403161-22-000081,V,2022-11-16,2022-11-17,,False,-0.0120304793742963
0001403161-21-000060,V,2021-11-18,2021-11-19,,False,0.0065695510404223
0001403161-20-000070,V,2020-11-19,2020-11-20,,False,0.003109731590748
0001403161-19-000050,V,2019-11-14,2019-11-15,,False,0.004199839676401
0001403161-18-000055,V,2018-11-16,2018-11-19,,False,-0.0042126794005803
0001403161-17-000044,V,2017-11-17,2017-11-17,,False,-0.0095689453015243
0001403161-16-000058,V,2016-11-15,2016-11-16,,False,0.0320512300213985
0001403161-15-000013,V,2015-11-19,2015-11-20,,False,-0.0174362410705202
0001141391-24-000022,MA,2024-02-13,2024-02-14,,False,-0.0230884841099678
0001141391-23-000020,MA,2023-02-14,2023-02-15,,False,-0.0056508148875867
0001141391-22-000023,MA,2022-02-11,2022-02-11,,False,0.031491914457027
0001141391-21-000018,MA,2021-02-12,2021-02-12,,False,-0.0078839546252792
0001141391-20-000032,MA,2020-02-14,2020-02-14,,False,0.0244273746148089
0001141391-19-000013,MA,2019-02-13,2019-02-13,,False,-0.014265821138344
0001141391-18-000009,MA,2018-02-14,2018-02-15,,False,-0.0060787198975772
0001141391-17-000014,MA,2017-02-15,2017-02-15,,False,-0.0041644278895475
0001141391-16-000085,MA,2016-02-12,2016-02-12,,False,-0.0047559428396065
0001141391-15-000011,MA,2015-02-13,2015-02-13,,False,0.0121492303499816
0000086312-24-000012,TRV,2024-02-15,2024-02-15,,False,0.008549249225109
0000086312-23-000011,TRV,2023-02-16,2023-02-16,,False,0.0203025374254866
0000086312-22-000013,TRV,2022-02-17,2022-02-17,,False,0.0203432777950917
0000086312-21-000011,TRV,2021-02-11,2021-02-11,,False,0.0098464983998252
0000086312-20-000011,TRV,2020-02-13,2020-02-13,,False,-0.004779401567025
0000086312-19-000009,TRV,2019-02-14,2019-02-14,,False,0.0039841720370257
0001047469-18-000812,TRV,2018-02-15,2018-02-15,,False,-0.0189318389191268
0001047469-17-000695,TRV,2017-02-16,2017-02-16,,False,0.0047894756381949
0001047469-16-010107,TRV,2016-02-11,2016-02-11,,False,-0.0028544737170074
0001047469-15-000743,TRV,2015-02-12,2015-02-12,,False,-0.0114363309165215
0000200406-24-000013,JNJ,2024-02-16,2024-02-20,,False,0.0303006843473779
0000200406-23-000016,JNJ,2023-02-16,2023-02-17,,False,0.0125761065392948
0000200406-22-000022,JNJ,2022-02-17,2022-02-18,,False,-0.0393846695817142
0000200406-21-000008,JNJ,2021-02-22,2021-02-23,,False,-0.0112879893232294
0000200406-20-000010,JNJ,2020-02-18,2020-02-19,,False,0.0025358495407523
0000200406-19-000009,JNJ,2019-02-20,2019-02-21,,False,-0.0001383093794284
0000200406-18-000005,JNJ,2018-02-21,2018-02-22,,False,0.0090827166002436
0000200406-17-000006,JNJ,2017-02-27,2017-02-28,,False,0.0110946509760803
0000200406-16-000071,JNJ,2016-02-24,2016-02-25,,False,-0.0023704533867875
0000200406-15-000004,JNJ,2015-02-24,2015-02-24,,False,0.0259202611967897
0000078003-24-000039,PFE,2024-02-22,2024-02-23,,False,-0.0095666951883483
0000078003-23-000024,PFE,2023-02-23,2023-02-24,,False,-0.0392844293824119
0000078003-22-000027,PFE,2022-02-24,2022-02-25,,False,0.0359644384262161
0000078003-21-000038,PFE,2021-02-25,2021-02-26,,False,0.0213093428699516
0000078003-20-000014,PFE,2020-02-27,2020-02-28,,False,0.0391189096158616
0000078003-19-000015,PFE,2019-02-28,2019-03-01,,False,-0.0355328692205242
0000078003-18-000027,PFE,2018-02-22,2018-02-23,,False,0.0126011984128562
0000078003-17-000014,PFE,2017-02-23,2017-02-24,,False,0.0006390365016824
0000078003-16-000077,PFE,2016-02-29,2016-03-01,,False,-0.0277289453607384
0000078003-15-000014,PFE,2015-02-27,2015-03-02,,False,0.0018120396776519
0001628280-24-006850,MRK,2024-02-26,2024-02-27,,False,-0.0230276218131222
0001628280-23-005061,MRK,2023-02-24,2023-02-27,,False,-0.0321615924141142
0000310158-22-000003,MRK,2022-02-25,2022-02-28,,False,0.0111076698995072
0000310158-21-000004,MRK,2021-02-25,2021-02-26,,False,-0.0124318690778026
0000310158-20-000005,MRK,2020-02-26,2020-02-27,,False,0.0148567889712629
0000310158-19-000014,MRK,2019-02-27,2019-02-28,,False,0.0064658857808474
0000310158-18-000005,MRK,2018-02-27,2018-02-28,,False,0.0029431924357816
0000310158-17-000010,MRK,2017-02-28,2017-03-01,,False,0.0018251910173522
0000310158-16-000063,MRK,2016-02-26,2016-02-29,,False,0.0060532506343234
0000310158-15-000005,MRK,2015-02-27,2015-03-02,,False,-0.0079536991845569
0000731766-24-000081,UNH,2024-02-28,2024-02-29,,False,-0.052147045776789
0000731766-23-000008,UNH,2023-02-24,2023-02-27,,False,-0.0129432085760697
0000731766-22-000008,UNH,2022-02-15,2022-02-16,,False,-0.0077789053401781
0000731766-21-000013,UNH,2021-03-01,2021-03-02,,False,0.0521626781081781
0000731766-20-000006,UNH,2020-02-14,2020-02-18,,False,0.0195323861292947
0000731766-19-000005,UNH,2019-02-12,2019-02-13,,False,0.0101635669456364
0000731766-18-000005,UNH,2018-02-13,2018-02-14,,False,-0.025024025943151
0000731766-17-000009,UNH,2017-02-08,2017-02-09,,False,0.0001812731856325
0000731766-16-000058,UNH,2016-02-09,2016-02-10,,False,0.0128047532288159
0000731766-15-000007,UNH,2015-02-10,2015-02-11,,False,-0.0187831458116775
0000318154-24-000011,AMGN,2024-02-14,2024-02-15,,False,-0.0215144302678694
0000318154-23-000017,AMGN,2023-02-09,2023-02-10,,False,0.0013795455235284
0000318154-22-000010,AMGN,2022-02-16,2022-02-17,,False,0.0265130471230738
0000318154-21-000010,AMGN,2021-02-09,2021-02-09,,False,0.0056841053645485
0000318154-20-000017,AMGN,2020-02-12,2020-02-13,,False,-0.0174486449101025
0000318154-19-000008,AMGN,2019-02-13,2019-02-14,,False,-0.0134118231078468
0000318154-18-000004,AMGN,2018-02-13,2018-02-14,,False,0.0217705089610029
0000318154-17-000004,AMGN,2017-02-14,2017-02-15,,False,0.0175971686743841
0000318154-16-000031,AMGN,2016-02-16,2016-02-16,,False,-0.0023568051982624
0000318154-15-000005,AMGN,2015-02-19,2015-02-20,,False,-0.0035704177780554
0000080424-24-000083,PG,2024-08-05,2024-08-06,,False,0.0068226918544479
0000080424-23-000073,PG,2023-08-04,2023-08-07,,False,0.0072901075737853
0000080424-22-000064,PG,2022-08-05,2022-08-08,,False,-0.0021032396957027
0000080424-21-000100,PG,2021-08-06,2021-08-09,,False,0.0097223792217573
0000080424-20-000053,PG,2020-08-06,2020-08-07,,False,0.0122330102252039
0000080424-19-000050,PG,2019-08-06,2019-08-07,,False,0.0108024951239499
0000080424-18-000055,PG,2018-08-07,2018-08-08,,False,-0.0027468053466056
0000080424-17-000047,PG,2017-08-07,2017-08-08,,False,0.0046075518254204
0000080424-16-000212,PG,2016-08-09,2016-08-10,,False,0.0077860179497116
0000080424-15-000070,PG,2015-08-07,2015-08-10,,False,0.0046141702162181
0000021344-24-000009,KO,2024-02-20,2024-02-21,,False,-0.0069824625791856
0000021344-23-000011,KO,2023-02-21,2023-02-22,,False,0.0038505981614354
0000021344-22-000009,KO,2022-02-22,2022-02-23,,False,-0.0095851814603446
0000021344-21-000008,KO,2021-02-25,2021-02-26,,False,0.000519742755471
0000021344-20-000006,KO,2020-02-24,2020-02-25,,False,-0.0510762491186341
0000021344-19-000014,KO,2019-02-21,2019-02-22,,False,-0.0257417920182654
0000021344-18-000008,KO,2018-02-23,2018-02-26,,False,0.0020078566169603
0000021344-17-000009,KO,2017-02-24,2017-02-27,,False,0.0149864791245907
0000021344-16-000050,KO,2016-02-25,2016-02-26,,False,-0.0226984001427182
0000021344-15-000005,KO,2015-02-25,2015-02-26,,False,0.0223807325289111
0000077476-24-000008,PEP,2024-02-08,2024-02-09,1.0,True,-0.0323280385274413
0000077476-23-000007,PEP,2023-02-08,2023-02-09,1.0,True,0.024669122864762
0000077476-22-000010,PEP,2022-02-09,2022-02-10,1.0,True,-0.0300665660457675
0000077476-21-000007,PEP,2021-02-10,2021-02-11,1.0,True,-0.0253165301535326
0000077476-20-000015,PEP,2020-02-13,2020-02-13,0.0,True,-0.005372420123597
0000077476-19-000017,PEP,2019-02-15,2019-02-19,0.0,True,0.0035811875726071
0000077476-18-000012,PEP,2018-02-13,2018-02-14,0.0,True,-0.0305616367568822
0000077476-17-000010,PEP,2017-02-15,2017-02-16,0.0,True,0.023826359212868
0000077476-16-000066,PEP,2016-02-11,2016-02-12,0.0,True,-0.0091105486681156
0000077476-15-000012,PEP,2015-02-12,2015-02-13,-1.0,True,-0.0197008492060045
0000104169-24-000056,WMT,2024-03-15,2024-03-18,,False,0.0026915650248227
0000104169-23-000020,WMT,2023-03-17,2023-03-20,,False,0.0010591987901088
0000104169-22-000012,WMT,2022-03-18,2022-03-21,,False,-0.0200565286199684
0000104169-21-000033,WMT,2021-03-19,2021-03-22,,False,0.0200988284594525
0000104169-20-000011,WMT,2020-03-20,2020-03-23,,False,-0.1264589073323076
0000104169-19-000016,WMT,2019-03-28,2019-03-29,,False,-0.0122398215722356
0000104169-18-000028,WMT,2018-03-30,2018-04-03,,False,0.0042145056331405
0000104169-17-000021,WMT,2017-03-31,2017-04-03,,False,-0.0063075572185451
0000104169-16-000079,WMT,2016-03-30,2016-03-31,,False,0.0011308285586454
0000104169-15-000011,WMT,2015-04-01,2015-04-02,,False,-0.0048956433746761
0000909832-24-000049,COST,2024-10-08,2024-10-09,,False,-0.0196686854068814
0000909832-23-000042,COST,2023-10-10,2023-10-11,,False,0.0128556098651359
0000909832-22-000021,COST,2022-10-05,2022-10-05,,False,0.002832639245252
0000909832-21-000014,COST,2021-10-06,2021-10-06,,False,-0.0018849489618621
0000909832-20-000017,COST,2020-10-06,2020-10-07,,False,0.020791440365494
0000909832-19-000019,COST,2019-10-10,2019-10-11,,False,-0.0132909827361716
0000909832-18-000013,COST,2018-10-26,2018-10-26,,False,0.0040562720892155
0000909832-17-000014,COST,2017-10-18,2017-10-18,,False,0.021463424032923
0000909832-16-000032,COST,2016-10-11,2016-10-12,,False,-0.0113806190526374
0000909832-15-000014,COST,2015-10-13,2015-10-14,,False,-0.0071449011336976
0000354950-24-000062,HD,2024-03-13,2024-03-14,,False,-0.0023740868948588
0000354950-23-000059,HD,2023-03-15,2023-03-16,,False,-0.0271666898099465
0000354950-22-000070,HD,2022-03-23,2022-03-24,,False,-0.0294920281929573
0000354950-21-000089,HD,2021-03-24,2021-03-25,,False,0.0323064754516066
0000354950-20-000015,HD,2020-03-25,2020-03-26,,False,-0.0177607203480462
0000354950-19-000010,HD,2019-03-28,2019-03-29,,False,0.0266740957129227
0000354950-18-000019,HD,2018-03-22,2018-03-23,,False,0.0118559004231032
0000354950-17-000005,HD,2017-03-23,2017-03-24,,False,-0.0130499544879133
0000354950-16-000060,HD,2016-03-24,2016-03-28,,False,0.0094207140176803
0000354950-15-000008,HD,2015-03-26,2015-03-27,,False,-0.0019684608290315
0000060667-24-000033,LOW,2024-03-25,2024-03-26,,False,-0.0221554451458507
0000060667-23-000034,LOW,2023-03-27,2023-03-28,,False,0.0102380925898718
0000060667-22-000038,LOW,2022-03-21,2022-03-22,,False,-0.0861791163942925
0000060667-21-000026,LOW,2021-03-22,2021-03-23,,False,0.0460998123831699
0000060667-20-000036,LOW,2020-03-23,2020-03-24,,False,0.108004810292163
0000060667-19-000042,LOW,2019-04-01,2019-04-02,,False,0.0457992774756352
0000060667-18-000051,LOW,2018-04-02,2018-04-03,,False,0.0311480878737333
0000060667-17-000076,LOW,2017-04-04,2017-04-04,,False,0.0039644696866135
0000060667-16-000276,LOW,2016-03-28,2016-03-29,,False,0.0032182008360016
0000060667-15-000057,LOW,2015-03-31,2015-04-01,,False,-0.0171973346441773
0000063908-24-000072,MCD,2024-02-22,2024-02-23,,False,0.0010397046004697
0000063908-23-000012,MCD,2023-02-24,2023-02-27,,False,0.0184275862768252
0000063908-22-000011,MCD,2022-02-24,2022-02-25,,False,-0.0253881593165147
0000063908-21-000013,MCD,2021-02-23,2021-02-24,,False,-0.0119730010549597
0000063908-20-000022,MCD,2020-02-26,2020-02-27,,False,-0.023466841429933
0000063908-19-000010,MCD,2019-02-22,2019-02-22,,False,-0.0028803740158257
0000063908-18-000010,MCD,2018-02-23,2018-02-26,,False,-0.0195287942307142
0000063908-17-000017,MCD,2017-03-01,2017-03-02,,False,-0.0022768438272593
0000063908-16-000103,MCD,2016-02-25,2016-02-26,,False,-0.0153792404624044
0000063908-15-000016,MCD,2015-02-24,2015-02-25,,False,0.0620547554202412
0000320187-24-000044,NKE,2024-07-25,2024-07-26,,False,0.0468189333949837
0000320187-23-000039,NKE,2023-07-20,2023-07-21,,False,0.0127436608387918
0000320187-22-000038,NKE,2022-07-21,2022-07-22,,False,-0.0360777271261943
0000320187-21-000028,NKE,2021-07-20,2021-07-21,,False,0.0095512855233507
0000320187-20-000047,NKE,2020-07-24,2020-07-27,,False,-0.0259116139883505
0000320187-19-000051,NKE,2019-07-23,2019-07-24,,False,0.0030285566302792
0000320187-18-000142,NKE,2018-07-24,2018-07-25,,False,0.0077891433784782
0000320187-17-000090,NKE,2017-07-20,2017-07-21,,False,-0.0153863678133551
0000320187-16-000336,NKE,2016-07-21,2016-07-22,,False,-0.0175253358645661
0000320187-15-000113,NKE,2015-07-23,2015-07-24,,False,0.001356939827429
0001744489-24-000276,DIS,2024-11-14,2024-11-14,0.0,True,0.1102383154236177
0001744489-23-000216,DIS,2023-11-21,2023-11-22,,False,-0.0185253763957726
0001744489-22-000213,DIS,2022-11-29,2022-11-30,,False,0.0049830853797129
0001744489-21-000220,DIS,2021-11-24,2021-11-26,,False,-0.0163772749450388
0001744489-20-000197,DIS,2020-11-25,2020-11-27,,False,0.0159566377313344
0001744489-19-000225,DIS,2019-11-20,2019-11-21,,False,0.0243676103650829
0001001039-18-000187,DIS,2018-11-21,2018-11-23,,False,-0.005628345020405
0001001039-17-000198,DIS,2017-11-22,2017-11-24,,False,0.0220472766073743
0001001039-16-000516,DIS,2016-11-23,2016-11-25,,False,0.0136814551888297
0001001039-15-000255,DIS,2015-11-25,2015-11-27,,False,-0.0381667148211619
0001065280-24-000030,NFLX,2024-01-26,2024-01-29,-3.0,True,-0.0111322889188576
0001065280-23-000035,NFLX,2023-01-26,2023-01-27,,False,-0.0469671713849771
0001065280-22-000036,NFLX,2022-01-27,2022-01-28,,False,0.0711311526867274
0001065280-21-000040,NFLX,2021-01-28,2021-01-29,,False,-0.0079611426715319
0001065280-20-000040,NFLX,2020-01-29,2020-01-30,,False,0.0694018292668346
0001065280-19-000043,NFLX,2019-01-29,2019-01-30,,False,0.0022948765614948
0001065280-18-000069,NFLX,2018-01-29,2018-01-30,,False,0.005119733552452
0001628280-17-000496,NFLX,2017-01-27,2017-01-30,,False,-0.0238323650307203
0001065280-16-000047,NFLX,2016-01-28,2016-01-29,,False,-0.0634477211581176
0001065280-15-000006,NFLX,2015-01-29,2015-01-30,,False,0.0078825275809686
0001166691-24-000011,CMCSA,2024-01-31,2024-02-01,,False,-0.0652852479785368
0001166691-23-000010,CMCSA,2023-02-03,2023-02-06,,False,-0.0406126817483812
0001166691-22-000009,CMCSA,2022-02-02,2022-02-03,,False,-0.0014424735452414
0001166691-21-000008,CMCSA,2021-02-03,2021-02-04,,False,0.0225511458366935
0001166691-20-000008,CMCSA,2020-01-30,2020-01-31,,False,-0.0042432768061427
0001166691-19-000005,CMCSA,2019-01-31,2019-02-01,,False,0.0034852696264226
0001166691-18-000004,CMCSA,2018-01-31,2018-02-01,,False,-0.0169501479546914
0001193125-17-030512,CMCSA,2017-02-03,2017-02-06,,False,-0.0089702745979662
0001193125-16-452423,CMCSA,2016-02-05,2016-02-08,-2.0,True,-0.0303889113985625
0001193125-15-068526,CMCSA,2015-02-27,2015-03-02,-3.0,True,0.0167484828195979
0000093410-24-000013,CVX,2024-02-26,2024-02-27,,False,-0.0141921505943258
0000093410-23-000009,CVX,2023-02-23,2023-02-24,,False,0.0071931893712955
0000093410-22-000019,CVX,2022-02-24,2022-02-25,,False,0.1136064751343819
0000093410-21-000009,CVX,2021-02-25,2021-02-26,,False,0.0181414785700824
0000093410-20-000010,CVX,2020-02-21,2020-02-24,,False,-0.0348200203087553
0000093410-19-000008,CVX,2019-02-22,2019-02-25,,False,0.0031794353964083
0000093410-18-000010,CVX,2018-02-22,2018-02-23,,False,0.0134575114643222
0000093410-17-000013,CVX,2017-02-23,2017-02-24,,False,0.0115036930020513
0000093410-16-000049,CVX,2016-02-25,2016-02-26,,False,-0.0048017656606737
0000093410-15-000010,CVX,2015-02-20,2015-02-23,,False,-0.0083584330523613
0000034088-24-000018,XOM,2024-02-28,2024-02-29,,False,0.0130108620911738
0000034088-23-000020,XOM,2023-02-22,2023-02-23,,False,-0.0021700202173344
0000034088-22-000011,XOM,2022-02-23,2022-02-24,,False,0.0067014575577843
0000034088-21-000012,XOM,2021-02-24,2021-02-25,,False,0.001966840240749
0000034088-20-000016,XOM,2020-02-26,2020-02-27,,False,0.0169562587710494
0000034088-19-000010,XOM,2019-02-27,2019-02-28,-1.0,True,0.0105089670648264
0000034088-18-000015,XOM,2018-02-28,2018-03-01,,False,0.0036138101896874
0000034088-17-000017,XOM,2017-02-22,2017-02-23,1.0,True,0.0093891371131825
0000034088-16-000065,XOM,2016-02-24,2016-02-25,,False,-0.0362158931886177
0000034088-15-000013,XOM,2015-02-25,2015-02-26,-1.0,True,-0.0148560582784687
0000018230-24-000009,CAT,2024-02-16,2024-02-16,,False,-0.0199935078709418
0000018230-23-000011,CAT,2023-02-15,2023-02-15,,False,0.0079559735505649
0000018230-22-000050,CAT,2022-02-16,2022-02-16,,False,-0.0303894207710812
0000018230-21-000063,CAT,2021-02-17,2021-02-17,,False,0.0804831055247093
0000018230-20-000056,CAT,2020-02-19,2020-02-20,,False,0.0482504687981832
0000018230-19-000034,CAT,2019-02-14,2019-02-15,,False,0.0289549894331139
0000018230-18-000042,CAT,2018-02-15,2018-02-16,,False,-0.0066245159283201
0000018230-17-000041,CAT,2017-02-15,2017-02-16,,False,-0.019952106384305
0000018230-16-000410,CAT,2016-02-16,2016-02-17,,False,0.010765578767731
0000018230-15-000061,CAT,2015-02-17,2015-02-18,,False,-0.0190877223326248
0000012927-24-000010,BA,2024-01-31,2024-02-01,0.0,True,-0.0279606494816763
0000012927-23-000007,BA,2023-01-27,2023-01-30,-2.0,True,-0.0493991495981975
0000012927-22-000010,BA,2022-01-31,2022-01-31,,False,0.0729905034710819
0000012927-21-000011,BA,2021-02-01,2021-02-02,,False,0.0166679170868228
0000012927-20-000014,BA,2020-01-31,2020-02-03,-2.0,True,0.0527833803501525
0000012927-19-000010,BA,2019-02-08,2019-02-11,,False,-0.0105623507982351
0000012927-18-000007,BA,2018-02-12,2018-02-13,,False,-0.0057255835501657
0000012927-17-000006,BA,2017-02-08,2017-02-09,,False,0.0031013524399472
0000012927-16-000099,BA,2016-02-10,2016-02-10,,False,-0.067034796758989
0000012927-15-000011,BA,2015-02-12,2015-02-13,,False,0.0298557210838372
0000773840-24-000014,HON,2024-02-16,2024-02-20,,False,0.0077374489459736
0000773840-23-000013,HON,2023-02-10,2023-02-13,,False,-0.0099544375725383
0000773840-22-000018,HON,2022-02-11,2022-02-14,,False,-0.0027549599172928
0000773840-21-000015,HON,2021-02-12,2021-02-16,,False,0.0022132095769268
0000773840-20-000009,HON,2020-02-14,2020-02-18,,False,0.0133004819847371
0000930413-19-000366,HON,2019-02-08,2019-02-11,,False,-0.0010911430179245
0000930413-18-000292,HON,2018-02-09,2018-02-12,,False,-0.0019147275719251
0000930413-17-000391,HON,2017-02-10,2017-02-13,,False,0.0082182322902461
0000930413-16-005457,HON,2016-02-12,2016-02-16,,False,0.0023857775903289
0000930413-15-000621,HON,2015-02-13,2015-02-17,,False,0.0014117092177042
0000066740-24-000016,MMM,2024-02-07,2024-02-07,,False,-0.0015900869507157
0000066740-23-000014,MMM,2023-02-08,2023-02-09,,False,-0.008671775637546
0000066740-22-000010,MMM,2022-02-09,2022-02-10,2.0,True,-0.0197744783304228
0001558370-21-000737,MMM,2021-02-04,2021-02-05,,False,0.0166901701994237
0001558370-20-000581,MMM,2020-02-06,2020-02-07,,False,-0.0041634000968816
0001558370-19-000470,MMM,2019-02-07,2019-02-08,,False,0.0298552437549701
0001558370-18-000535,MMM,2018-02-08,2018-02-09,,False,0.0070780106803062
0001558370-17-000479,MMM,2017-02-09,2017-02-10,,False,0.0134826329916401
0001558370-16-003162,MMM,2016-02-11,2016-02-12,,False,-0.000757739708661
0001104659-15-009560,MMM,2015-02-12,2015-02-13,,False,-0.0009835358993134
0001090727-24-000008,UPS,2024-02-20,2024-02-21,,False,-0.0171042046949603
0001090727-23-000006,UPS,2023-02-21,2023-02-21,,False,0.0101011027834029
0001090727-22-000007,UPS,2022-02-22,2022-02-22,,False,-0.0052511167902246
0001090727-21-000013,UPS,2021-02-22,2021-02-23,,False,-0.0145910774388469
0001090727-20-000005,UPS,2020-02-20,2020-02-21,,False,-0.0326304450945533
0001090727-19-000006,UPS,2019-02-21,2019-02-22,,False,-0.0045860875498745
0001090727-18-000009,UPS,2018-02-21,2018-02-22,,False,-0.003220761986607
0001090727-17-000011,UPS,2017-02-21,2017-02-21,,False,-0.010452894854394
0001090727-16-000053,UPS,2016-02-24,2016-02-25,,False,-0.0078970457213322
0001090727-15-000008,UPS,2015-02-27,2015-03-02,,False,-0.0071188622290799
0000037996-24-000009,F,2024-02-07,2024-02-07,-1.0,True,0.0696815419449995
0000037996-23-000012,F,2023-02-03,2023-02-03,-1.0,True,-0.0432920564058436
0000037996-22-000013,F,2022-02-03,2022-02-04,0.0,True,-0.1238450924243586
0000037996-21-000012,F,2021-02-04,2021-02-05,0.0,True,0.010939019763561
0000037996-20-000010,F,2020-02-05,2020-02-06,-1.0,True,-0.0274179107358422
0000037996-19-000012,F,2019-02-21,2019-02-22,,False,0.0068840709099391
0000037996-18-000015,F,2018-02-08,2018-02-09,,False,0.0035421840712547
0000037996-17-000013,F,2017-02-09,2017-02-09,,False,-0.0016790729954471
0000037996-16-000092,F,2016-02-11,2016-02-11,,False,0.0393370452585766
0000037996-15-000013,F,2015-02-13,2015-02-13,,False,0.0041148075703932
0001467858-24-000031,GM,2024-01-30,2024-01-31,0.0,True,-0.0101232214186962
0001467858-23-000029,GM,2023-01-31,2023-02-01,0.0,True,0.0386755322713921
0001467858-22-000034,GM,2022-02-02,2022-02-02,-1.0,True,-0.0431201115437812
0001467858-21-000037,GM,2021-02-10,2021-02-11,0.0,True,-0.0580402116202962
0001467858-20-000028,GM,2020-02-05,2020-02-06,0.0,True,-0.0025644036761827
0001467858-19-000033,GM,2019-02-06,2019-02-07,0.0,True,-0.0267851037318084
0001467858-18-000022,GM,2018-02-06,2018-02-07,0.0,True,0.0172593779129921
0001467858-17-000028,GM,2017-02-07,2017-02-08,0.0,True,-0.0144803605319859
0001467858-16-000255,GM,2016-02-03,2016-02-04,0.0,True,-0.0045042870324732
0001467858-15-000036,GM,2015-02-04,2015-02-05,0.0,True,0.0351978980816693
0000732712-24-000010,VZ,2024-02-09,2024-02-09,,False,0.0014176803358012
0000732712-23-000012,VZ,2023-02-10,2023-02-13,,False,0.0016224148516944
0000732712-22-000008,VZ,2022-02-11,2022-02-14,,False,0.0072308623147685
0000732712-21-000012,VZ,2021-02-25,2021-02-26,,False,-0.0176057194211476
0000732712-20-000014,VZ,2020-02-21,2020-02-24,,False,-0.0049615258381674
0000732712-19-000012,VZ,2019-02-15,2019-02-19,,False,0.0270456022519315
0000732712-18-000009,VZ,2018-02-23,2018-02-26,,False,0.01495036536556
0001193125-17-050292,VZ,2017-02-21,2017-02-22,,False,0.0138923701010685
0001193125-16-473367,VZ,2016-02-23,2016-02-24,,False,-0.0075110422519144
0001193125-15-057710,VZ,2015-02-23,2015-02-24,,False,0.0161987834205873
0000732717-24-000009,T,2024-02-23,2024-02-26,,False,0.0030615498443091
0000732717-23-000011,T,2023-02-13,2023-02-14,,False,0.0173267877231265
0000732717-22-000015,T,2022-02-16,2022-02-16,,False,-0.0063290421059641
0000732717-21-000012,T,2021-02-25,2021-02-26,,False,0.0058824483115616
0001562762-20-000064,T,2020-02-20,2020-02-20,,False,0.0143488771787121
0001193125-19-045608,T,2019-02-20,2019-02-21,,False,0.0100803990021623
0000732717-18-000009,T,2018-02-20,2018-02-21,,False,-0.0015884145870512
0000732717-17-000021,T,2017-02-17,2017-02-21,,False,0.0170162724353642
0000732717-16-000147,T,2016-02-18,2016-02-19,,False,-0.0059436525515049
0000732717-15-000016,T,2015-02-20,2015-02-23,,False,0.0131424487317246
0001326160-24-000037,DUK,2024-02-23,2024-02-26,,False,-0.0095422249100344
0001326160-23-000073,DUK,2023-02-27,2023-02-27,,False,-0.0327770473621402
0001326160-22-000072,DUK,2022-02-24,2022-02-25,,False,0.0334448279107477
0001326160-21-000063,DUK,2021-02-25,2021-02-26,,False,0.0007745988771768
0001326160-20-000034,DUK,2020-02-20,2020-02-21,,False,-0.0042294406422433
0001326160-19-000057,DUK,2019-02-28,2019-03-01,,False,-0.0045981274927322
0001326160-18-000034,DUK,2018-02-21,2018-02-22,-1.0,True,0.0161497140857021
0001326160-17-000016,DUK,2017-02-24,2017-02-27,,False,0.0033172876509815
0001326160-16-000221,DUK,2016-02-25,2016-02-26,,False,-0.0516644573057126
0001326160-15-000008,DUK,2015-02-28,2015-03-02,,False,-0.0148487927156366
0000753308-24-000008,NEE,2024-02-16,2024-02-20,,False,-0.008538669578943
0000753308-23-000019,NEE,2023-02-17,2023-02-21,,False,-0.0172788872232552
0000753308-22-000014,NEE,2022-02-18,2022-02-18,,False,0.0179977871485489
0000753308-21-000014,NEE,2021-02-12,2021-02-16,,False,-0.0596775830822076
0000753308-20-000021,NEE,2020-02-14,2020-02-18,,False,-0.0088298754076112
0000753308-19-000039,NEE,2019-02-15,2019-02-19,,False,0.0182408953074608
0000753308-18-000013,NEE,2018-02-16,2018-02-20,,False,-0.0021367358510679
0000753308-17-000060,NEE,2017-02-23,2017-02-24,,False,0.0005364044178245
0000753308-16-000337,NEE,2016-02-19,2016-02-22,,False,0.0025627307704267
0000753308-15-000079,NEE,2015-02-20,2015-02-23,,False,-0.0158585341784859
0000092122-24-000009,SO,2024-02-14,2024-02-15,1.0,True,0.0123286673115463
0000092122-23-000012,SO,2023-02-15,2023-02-16,1.0,True,0.0150234578933284
0000092122-22-000003,SO,2022-02-16,2022-02-17,1.0,True,-0.0096849812841633
0000092122-21-000006,SO,2021-02-17,2021-02-18,1.0,True,-0.0010242123989414
0000092122-20-000017,SO,2020-02-19,2020-02-20,1.0,True,-0.0151322346859857
0000092122-19-000006,SO,2019-02-19,2019-02-20,1.0,True,0.0108281125728113
0000092122-18-000012,SO,2018-02-21,2018-02-21,0.0,True,0.0140861714622609
0000092122-17-000007,SO,2017-02-22,2017-02-22,0.0,True,0.0426984009585209
0000092122-16-000126,SO,2016-02-26,2016-02-29,,False,-0.016403503935684
0000092122-15-000015,SO,2015-03-02,2015-03-02,,False,-0.017869786010289
