word,freq,in_fin_negative,share_pct,nghia_trong_tai_chinh
TAX,88271,False,10.94,
COST,45990,False,5.7,
CAPITAL,43788,False,5.43,
LOSS,41928,True,5.2,
FOREIGN,38289,False,4.75,
EXPENSE,37150,False,4.61,
SERVICE,33140,False,4.11,
LIABILITY,19783,False,2.45,
LOWER,18302,False,2.27,
DECREASE,15538,False,1.93,
BOARD,14096,False,1.75,
AGAINST,13181,True,1.63,
ADVERSE,13067,True,1.62,
VICE,11513,False,1.43,
MAKE,11148,False,1.38,
CHASE,10104,False,1.25,
DEPRECIATION,9019,False,1.12,
ORDER,9000,False,1.12,
HEDGE,8579,False,1.06,
COMPETITIVE,8544,False,1.06,
EXCESS,8424,False,1.04,
CHARGE,8177,False,1.01,
COMPETITION,7500,False,0.93,
FAILURE,6738,True,0.84,
VOLATILITY,6038,True,0.75,
MIX,5809,False,0.72,
DECLINE,5114,True,0.63,
MATTER,5003,False,0.62,
PARTICULAR,4844,False,0.6,
NEGATIVE,4842,True,0.6,
DAMAGE,4822,True,0.6,
LIMIT,4744,False,0.59,
DEFAULT,4611,True,0.57,
COMPETE,4321,False,0.54,
UNFAVORABLE,4221,True,0.52,
OVERSIGHT,4014,False,0.5,
HARM,4004,True,0.5,
DIFFER,3994,False,0.5,
HELP,3981,False,0.49,
COMPLEX,3758,False,0.47,
POINT,3711,False,0.46,
COMPLAINT,3426,True,0.42,
DIFFICULT,3288,True,0.41,
DEPENDENT,3092,False,0.38,
STRESS,3072,True,0.38,
INFLATION,2897,False,0.36,
LOW,2891,False,0.36,
EVEN,2829,False,0.35,
NEED,2789,False,0.35,
FAIL,2759,True,0.34,
