,M1 nền,M2 fin_neg,M3 gen_neg,M4 đối đầu,M5 net+unc,M6 tf-idf,M7 MD&A,M8 FinBERT
Intercept,0.0030 (0.0550),-0.0022 (0.0529),0.0243 (0.0524),0.0116 (0.0504),-0.0035 (0.0571),-0.0177 (0.0764),0.0415 (0.1121),-0.0055 (0.0584)
log_mcap,-0.0007 (0.0021),-0.0006 (0.0020),-0.0007 (0.0020),-0.0005 (0.0019),-0.0006 (0.0021),-0.0006 (0.0021),-0.0017 (0.0030),-0.0003 (0.0022)
log_bm,-0.0011 (0.0015),-0.0011 (0.0015),-0.0012 (0.0015),-0.0010 (0.0015),-0.0011 (0.0015),-0.0011 (0.0015),-0.0007 (0.0016),-0.0011 (0.0015)
log_turn,0.0070 (0.0052),0.0072 (0.0051),0.0072 (0.0051),0.0078 (0.0050),0.0071 (0.0056),0.0072 (0.0051),0.0078 (0.0057),0.0067 (0.0053)
pre_alpha,-6.3726* (3.2647),-6.3944** (3.2573),-6.5123** (3.2837),-6.6576** (3.2835),-6.4067** (3.2647),-6.4334** (3.2631),-6.5124* (3.5273),-6.2904* (3.2857)
log_len,0.0009 (0.0018),0.0012 (0.0024),-0.0008 (0.0021),-0.0002 (0.0023),0.0013 (0.0024),0.0026 (0.0060),-0.0002 (0.0047),0.0008 (0.0018)
N,470,470,470,470,470,470,427,470
Adj. R2,0.0193,0.0171,0.0187,0.0174,0.0160,0.0173,0.0112,0.0180
fin_neg_z,,-0.0004 (0.0016),,-0.0018 (0.0018),,,,
gen_neg_z,,,0.0018 (0.0013),0.0025* (0.0015),,,,
fin_net_z,,,,,-0.0009 (0.0013),,,
fin_unc_z,,,,,-0.0018 (0.0026),,,
fin_neg_tfidf_z,,,,,,-0.0012 (0.0039),,
finA_neg_z,,,,,,,-0.0006 (0.0021),
finbert_net_z,,,,,,,,-0.0011 (0.0016)
