,Market-adjusted,BHAR (LM 2011),Placebo −60 phiên,"CAR[0,1]","CAR[-1,1]","CAR[0,5]","CAR[0,10]"
Intercept,0.0025 (0.0605),0.0027 (0.0611),0.0116 (0.0401),-0.0186 (0.0611),-0.0048 (0.0719),0.0369 (0.0617),0.0118 (0.1178)
fin_neg_z,0.0005 (0.0018),0.0006 (0.0018),0.0008 (0.0012),0.0002 (0.0014),0.0024 (0.0018),-0.0005 (0.0018),-0.0019 (0.0025)
log_mcap,-0.0007 (0.0021),-0.0006 (0.0021),0.0001 (0.0014),0.0006 (0.0022),0.0013 (0.0028),-0.0029 (0.0023),-0.0026 (0.0043)
log_bm,-0.0007 (0.0014),-0.0008 (0.0014),0.0019 (0.0016),-0.0008 (0.0015),0.0002 (0.0018),-0.0031* (0.0019),-0.0046* (0.0025)
log_turn,0.0076 (0.0049),0.0083 (0.0050),0.0015 (0.0029),0.0037 (0.0052),0.0099 (0.0088),0.0030 (0.0055),0.0072 (0.0077)
pre_alpha,-1.5931 (3.3446),-1.7128 (3.4718),1.4697 (1.9674),-4.9476* (2.9040),-7.4419*** (2.8817),-10.1315*** (3.5632),-14.0999*** (4.2335)
log_len,0.0011 (0.0029),0.0010 (0.0028),-0.0013 (0.0017),-0.0000 (0.0017),-0.0021 (0.0022),0.0025 (0.0023),0.0035 (0.0033)
N,470,470,470,470,470,470,470
Adj. R2,-0.0032,-0.0015,0.0263,0.0200,0.0386,0.0307,0.0687
