,fin_neg_z,gen_neg_z,fin_neg_tfidf_z
Số kỳ cắt ngang,10,10,10
const,-0.0086 (t=-0.13),-0.0059 (t=-0.08),-0.0100 (t=-0.13)
fin_neg_tfidf_z,,,-0.0012 (t=-0.65)
fin_neg_z,-0.0011 (t=-0.98),,
gen_neg_z,,-0.0004 (t=-0.27),
log_bm,-0.0022* (t=-1.89),-0.0018 (t=-1.58),-0.0017* (t=-1.86)
log_len,0.0021 (t=1.13),0.0014 (t=0.57),0.0027 (t=1.02)
log_mcap,-0.0006 (t=-0.33),-0.0005 (t=-0.22),-0.0008 (t=-0.39)
log_turn,0.0009 (t=0.14),0.0009 (t=0.13),0.0003 (t=0.05)
pre_alpha,-6.6303** (t=-2.33),-5.9087** (t=-2.16),-6.4555** (t=-2.19)
