mo_hinh,bien_phu_thuoc,bien,he_so_truoc,se_truoc,p_truoc,he_so_sau,se_sau,p_sau,N_truoc,N_sau
M2 fin_neg,car_0_3,fin_neg_z,-0.0005,0.0016,0.7462,-0.0004,0.0016,0.7926,470,470
M3 gen_neg,car_0_3,gen_neg_z,0.0025,0.0015,0.0864,0.0018,0.0013,0.1582,470,470
M4 đối đầu,car_0_3,fin_neg_z,-0.0024,0.0019,0.199,-0.0018,0.0018,0.3374,470,470
M4 đối đầu,car_0_3,gen_neg_z,0.0035,0.0016,0.0344,0.0025,0.0015,0.0819,470,470
M5 net+unc,car_0_3,fin_net_z,-0.0009,0.0013,0.5117,-0.0009,0.0013,0.5101,470,470
M5 net+unc,car_0_3,fin_unc_z,-0.0019,0.0026,0.4671,-0.0018,0.0026,0.4938,470,470
M6 tf-idf,car_0_3,fin_neg_tfidf_z,-0.0013,0.0039,0.7304,-0.0012,0.0039,0.7487,470,470
M7 MD&A,car_0_3,finA_neg_z,-0.0006,0.0021,0.7602,-0.0006,0.0021,0.7662,427,427
M8 FinBERT,car_0_3,finbert_net_z,-0.0015,0.0013,0.245,-0.0011,0.0016,0.4764,470,470
Market-adjusted,carma_0_3,fin_neg_z,0.0005,0.0018,0.789,0.0006,0.0018,0.7275,470,470
BHAR (LM 2011),bhar_0_3,fin_neg_z,0.0006,0.0018,0.7528,0.0007,0.0018,0.6924,470,470
Placebo −60 phiên,placebo_car_0_3,fin_neg_z,0.0008,0.0012,0.497,0.0008,0.0012,0.4792,470,470
"CAR[0,1]",car_0_1,fin_neg_z,0.0002,0.0014,0.8777,0.0003,0.0014,0.8495,470,470
"CAR[-1,1]",car_m1_1,fin_neg_z,0.0024,0.0018,0.1966,0.0024,0.0019,0.1878,470,470
"CAR[0,5]",car_0_5,fin_neg_z,-0.0005,0.0018,0.8019,-0.0003,0.0018,0.8621,470,470
"CAR[0,10]",car_0_10,fin_neg_z,-0.0019,0.0025,0.4602,-0.0016,0.0025,0.5183,470,470
