phien,T1 Tiêu cực (n=170),T2 Trung tính (n=169),T3 Tích cực (n=169)
-10,-0.163,-0.204,0.009
-9,-0.175,-0.243,0.123
-8,-0.122,-0.438,0.098
-7,-0.329,-0.529,0.155
-6,-0.754,-0.457,0.112
-5,-0.721,-0.667,0.2
-4,-0.756,-0.615,0.207
-3,-0.706,-0.668,-0.032
-2,-0.833,-0.698,0.032
-1,-0.694,-0.64,-0.077
0,-0.407,-0.84,-0.105
1,-0.578,-0.92,-0.3
2,-0.799,-1.111,-0.229
3,-1.126,-1.308,-0.114
4,-1.467,-1.379,-0.21
5,-1.729,-1.482,-0.58
6,-1.952,-1.384,-0.52
7,-1.863,-1.17,-0.622
8,-1.89,-1.514,-0.818
9,-1.93,-1.516,-1.073
10,-2.116,-1.626,-1.064
