term,freq,category
phát triển,3895,
công ty,2630,
quản trị,2587,
tiếp tục,2446,
thị trường,2440,
khách hàng,2378,
việt nam,2373,
kinh doanh,2219,
đầu tư,2132,
cổ đông,2108,
kinh tế,1714,
hội đồng,1662,
tập đoàn,1607,
doanh nghiệp,1579,
chiến lược,1505,
ngân hàng,1498,
đồng quản,1485,
tỷ đồng,1462,
chúng tôi,1410,
trong năm,1297,
đối tác,1230,
mục tiêu,1229,
chủ tịch,1228,
giá trị,1212,
tài chính,1184,
sản phẩm,1180,
quý cổ,1110,
so với,1096,
xây dựng,1091,
dự án,1071,
lợi nhuận,1055,
công nghệ,1024,
dịch vụ,1014,
kế hoạch,995,
hệ thống,969,
nền tảng,958,
sản xuất,946,
thực hiện,933,
báo cáo,925,
giai đoạn,863,
thông điệp,852,
triển khai,851,
thế giới,849,
doanh thu,838,
tịch hội,831,
chúng ta,831,
nỗ lực,811,
kết quả,805,
đồng hành,785,
động sản,765,
quốc tế,744,
lĩnh vực,739,
quý vị,735,
nhân viên,734,
năng lực,724,
xã hội,717,
thường niên,706,
trở thành,701,
nhà đầu,689,
nền kinh,672,
cáo thường,664,
chứng khoán,646,
đồng thời,643,
cảm ơn,634,
thương hiệu,634,
vận hành,631,
triển bền,629,
lãnh đạo,627,
đạt tỷ,626,
tổ chức,623,
đảm bảo,620,
quy mô,616,
vị thế,614,
duy trì,603,
là một,599,
trân trọng,599,
chuyển đổi,585,
bất động,567,
toàn cầu,561,
sẽ tiếp,548,
bối cảnh,538,
điệp của,537,
toàn thể,535,
với năm,530,
cán bộ,524,
cộng đồng,522,
và phát,521,
đóng góp,508,
của các,501,
không ngừng,500,
và các,496,
môi trường,489,
mô hình,486,
đội ngũ,483,
điều hành,481,
thay mặt,477,
của chủ,473,
cạnh tranh,470,
của tập,469,
tương lai,466,
đối với,464,
với các,462,
hàng và,461,
trong bối,458,
hành trình,448,
định hướng,445,
các dự,434,
giám đốc,434,
nhu cầu,430,
khu vực,429,
xuất kinh,428,
tăng so,428,
sự phát,427,
góp phần,426,
tôi xin,424,
thời gian,423,
tiêu dùng,422,
thưa quý,421,
tài sản,420,
giải pháp,418,
thương mại,415,
lao động,415,
công tác,412,
không chỉ,411,
ban lãnh,411,
bán lẻ,410,
một năm,404,
bên cạnh,403,
cũng như,395,
cam kết,395,
trên thị,393,
hỗ trợ,392,
dài hạn,387,
của công,387,
năm qua,386,
đẩy mạnh,386,
với những,383,
quý khách,383,
thông qua,381,
tổng giám,381,
với sự,381,
hợp tác,378,
động của,375,
cùng với,371,
giao dịch,369,
mang lại,369,
cung cấp,361,
của quý,361,
quốc gia,360,
chính sách,358,
trách nhiệm,358,
triển của,358,
trong nước,357,
nhà máy,356,
tại việt,355,
kiểm soát,355,
thay đổi,355,
bộ nhân,354,
trong những,353,
cho các,350,
cổ phần,347,
tác và,347,
hành cùng,343,
tất cả,340,
đồng tăng,340,
tổng công,337,
những thành,334,
nhà nước,325,
pv drilling,324,
tín dụng,321,
chi phí,320,
tịch hđqt,318,
thúc đẩy,314,
đã được,313,
trong đó,312,
lược phát,312,
là năm,312,
năm và,311,
năng lượng,309,
đầu tiên,307,
kính thưa,307,
ngày càng,305,
trước thuế,303,
của thị,302,
chỉ tiêu,301,
tầm nhìn,298,
cốt lõi,298,
hướng tới,298,
một trong,297,
tình hình,296,
thành viên,295,
sức khỏe,295,
nhân sự,294,
các công,294,
mà còn,294,
nhuận trước,289,
chính phủ,288,
định vị,287,
đông quý,286,
năm là,285,
người lao,285,
động kinh,284,
các sản,283,
trong việc,282,
trải nghiệm,280,
ứng dụng,280,
cho khách,280,
đánh giá,279,
thể cán,278,
thị phần,276,
hoàn thiện,276,
đề ra,275,
mặt hội,275,
sinh thái,274,
cơ cấu,274,
tôi tin,274,
các hoạt,272,
động lực,272,
kiến tạo,272,
khả năng,271,
tạo ra,271,
tập thể,271,
quả kinh,270,
đông và,270,
kiên định,269,
hạ tầng,269,
đây là,268,
lợi ích,264,
trị và,264,
cơ sở,264,
các chỉ,263,
phục vụ,263,
đổi số,263,
nguồn lực,263,
hệ sinh,262,
chương trình,262,
hiện đại,262,
đơn vị,261,
đáp ứng,261,
ở mức,260,
đô thị,260,
tác động,258,
ty cổ,258,
các đối,257,
và sự,257,
làm việc,256,
yếu tố,255,
các nhà,255,
trong lĩnh,254,
cuối năm,254,
tỷ lệ,254,
gửi lời,254,
tăng cường,253,
và toàn,253,
tuy nhiên,252,
các giải,250,
hợp nhất,250,
nhất việt,249,
cao năng,249,
trong suốt,245,
mức tăng,243,
phát huy,243,
cổ phiếu,243,
hạnh phúc,241,
cũng là,239,
đánh dấu,239,
trường chứng,239,
vai trò,238,
trọng tâm,237,
xin gửi,237,
tiếp theo,236,
cấu trúc,235,
nông nghiệp,232,
các doanh,230,
cạnh đó,230,
thông tin,229,
quá trình,229,
với nhiều,226,
được những,226,
và thành,225,
năm với,225,
trong thời,225,
nam long,225,
hợp với,224,
và đối,223,
vị trí,222,
văn hóa,222,
vincom retail,222,
hành và,221,
người tiêu,221,
các mục,220,
nhất trong,220,
chặng đường,220,
động và,220,
cho sự,220,
sau thuế,219,
đất nước,219,
nghiên cứu,218,
kính gửi,217,
thành lập,215,
trọng cảm,215,
sự đồng,215,
đối mặt,214,
gửi quý,212,
tốc độ,211,
sự tin,211,
sử dụng,211,
tế việt,210,
nhuận sau,210,
tại các,210,
huy động,209,
của ngân,208,
quý đối,208,
trị rủi,207,
thể hiện,206,
hành của,206,
nghiệp và,205,
quyết liệt,205,
dự báo,204,
diễn biến,204,
sản lượng,204,
trong giai,203,
biệt là,203,
hành động,202,
của nền,202,
và đồng,201,
nhiệm vụ,201,
năm trước,200,
của khách,200,
mặt với,199,
hướng đến,199,
chính là,199,
doanh của,198,
đa dạng,198,
và lợi,197,
lời cảm,197,
lạm phát,196,
đã có,196,
chính trị,196,
thành một,196,
tin rằng,195,
một số,195,
khai thác,195,
con người,194,
cả các,193,
bước vào,193,
ban điều,192,
sứ mệnh,192,
của toàn,191,
trong các,191,
tư và,191,
tham gia,190,
xu hướng,189,
nhân lực,189,
cho cổ,188,
của mình,188,
điều kiện,188,
đã luôn,188,
của chúng,188,
vĩ mô,187,
cung ứng,187,
tái cấu,187,
tiêu chuẩn,187,
hàng đối,186,
trên toàn,186,
trong tương,185,
toàn hệ,185,
giàn khoan,185,
đông nhà,184,
quả hoạt,181,
tổng tài,180,
và nâng,180,
và hiệu,177,
đã đạt,177,
tế thế,176,
sẽ là,176,
niêm yết,176,
cụ thể,175,
đông khách,175,
vững vàng,174,
năm tiếp,173,
những kết,173,
tiềm năng,173,
với việc,172,
chúc quý,172,
của tổng,172,
bước sang,172,
những năm,172,
có những,171,
chỉ số,171,
ưu hóa,171,
đầu năm,170,
trung vào,170,
nước ngoài,169,
thích ứng,169,
tối đa,169,
khát vọng,169,
dầu khí,169,
một cách,168,
khai các,168,
