doc_id,ticker,year,ts,title,url,lech_phien_cafef_tru_moddate,ngay_moddate,ngay_cafef
ACB_2016,ACB,2016.0,,,,,2017-04-07,
ACB_2017,ACB,2017.0,,,,,2018-04-11,
ACB_2018,ACB,2018.0,,,,,2019-04-11,
ACB_2019,ACB,2019.0,2020-05-13 10:16:00,ACB: Báo cáo thường niên 2019,https://cafef.vn/du-lieu/ACB-1580494/acb-bao-cao-thuong-nien-2019.chn,2.0,2020-05-11,2020-05-13
ACB_2020,ACB,2020.0,,,,,2021-04-05,
ACB_2021,ACB,2021.0,,,,,2022-04-04,
ACB_2022,ACB,2022.0,,,,,2023-03-30,
ACB_2023,ACB,2023.0,,,,,2024-03-27,
ACB_2024,ACB,2024.0,,,,,2025-03-24,
ACB_2025,ACB,2025.0,2026-03-20 17:48:00,ACB: Báo cáo thường niên năm 2025,https://cafef.vn/du-lieu/ACB-2423941/acb-bao-cao-thuong-nien-nam-2025.chn,2.0,2026-03-19,2026-03-23
ANV_2018,ANV,2018.0,,,,,2019-04-05,
ANV_2019,ANV,2019.0,,,,,2020-04-15,
BAF_2021,BAF,2021.0,,,,,2022-03-08,
BAF_2023,BAF,2023.0,,,,,2024-04-12,
BAF_2024,BAF,2024.0,2025-04-18 13:39:00,BAF: Báo cáo thường niên năm 2024,https://cafef.vn/du-lieu/BAF-2176266/baf-bao-cao-thuong-nien-nam-2024.chn,1.0,2025-04-17,2025-04-18
BAF_2025,BAF,2025.0,2026-04-20 10:06:00,BAF: Báo cáo thường niên năm 2025,https://cafef.vn/du-lieu/BAF-2670440/baf-bao-cao-thuong-nien-nam-2025.chn,1.0,2026-04-17,2026-04-20
BCM_2021,BCM,2021.0,,,,,2022-04-18,
BCM_2022,BCM,2022.0,,,,,2023-04-19,
BCM_2023,BCM,2023.0,,,,,2024-04-19,
BCM_2024,BCM,2024.0,2025-04-21 10:03:00,BCM: Báo cáo thường niên năm 2024,https://cafef.vn/du-lieu/BCM-2178537/bcm-bao-cao-thuong-nien-nam-2024.chn,0.0,2025-04-21,2025-04-21
BCM_2025,BCM,2025.0,2026-04-21 10:29:00,BCM: Báo cáo thường niên năm 2025,https://cafef.vn/du-lieu/BCM-2671666/bcm-bao-cao-thuong-nien-nam-2025.chn,1.0,2026-04-20,2026-04-21
BID_2017,BID,2017.0,,,,,2018-04-18,
BID_2018,BID,2018.0,2019-04-24 17:16:00,BID: Đường link Báo cáo thường niên năm 2018,https://cafef.vn/du-lieu/BID-1386331/bid-duong-link-bao-cao-thuong-nien-nam-2018.chn,3.0,2019-04-22,2019-04-25
BID_2020,,,2021-03-12 17:53:00,BID: Đường dẫn Báo cáo thường niên năm 2020,https://cafef.vn/du-lieu/BID-1279153/bid-duong-dan-bao-cao-thuong-nien-nam-2020.chn,,,2021-03-15
BID_2023,BID,2023.0,,,,,2024-04-17,
BID_2025,,,2026-04-20 10:07:00,BID: Báo cáo thường niên năm 2025,https://cafef.vn/du-lieu/BID-2670441/bid-bao-cao-thuong-nien-nam-2025.chn,,,2026-04-20
BMP_2016,BMP,2016.0,,,,,2017-03-29,
BMP_2017,BMP,2017.0,,,,,2018-04-11,
BMP_2019,BMP,2019.0,,,,,2020-06-17,
BMP_2021,BMP,2021.0,,,,,2022-04-15,
BMP_2023,BMP,2023.0,,,,,2024-04-15,
BMP_2024,BMP,2024.0,2025-04-15 16:00:00,BMP: Báo cáo thường niên năm 2024,https://cafef.vn/du-lieu/BMP-2173003/bmp-bao-cao-thuong-nien-nam-2024.chn,1.0,2025-04-15,2025-04-16
BMP_2025,BMP,2025.0,2026-04-14 17:20:00,BMP: Báo cáo thường niên năm 2025,https://cafef.vn/du-lieu/BMP-2666352/bmp-bao-cao-thuong-nien-nam-2025.chn,1.0,2026-04-14,2026-04-15
BSI_2017,BSI,2017.0,,,,,2018-04-12,
BSI_2018,BSI,2018.0,,,,,2019-04-17,
BSI_2019,BSI,2019.0,,,,,2020-03-17,
BSI_2020,BSI,2020.0,,,,,2021-03-23,
BSI_2021,BSI,2021.0,,,,,2022-04-12,
BSI_2023,BSI,2023.0,,,,,2024-04-12,
BSI_2024,BSI,2024.0,,,,,2025-04-10,
BSI_2025,BSI,2025.0,2026-04-17 16:54:00,BSI: Báo cáo thường niên năm 2025,https://cafef.vn/du-lieu/BSI-2669184/bsi-bao-cao-thuong-nien-nam-2025.chn,1.0,2026-04-17,2026-04-20
BSR_2018,BSR,2018.0,,,,,2019-04-11,
BSR_2019,BSR,2019.0,,,,,2020-04-09,
BSR_2020,BSR,2020.0,,,,,2021-04-12,
BSR_2021,BSR,2021.0,,,,,2022-04-06,
BSR_2022,BSR,2022.0,,,,,2023-03-28,
BSR_2023,BSR,2023.0,,,,,2024-04-10,
BSR_2024,BSR,2024.0,2025-04-11 00:00:00,BSR: Báo cáo thường niên năm 2024 và Báo cáo phát triển bền vững năm 2024,https://cafef.vn/du-lieu/BSR-2179602/bsr-bao-cao-thuong-nien-nam-2024-va-bao-cao-phat-trien-ben-vung-nam-2024.chn,1.0,2025-04-10,2025-04-11
BSR_2025,BSR,2025.0,2026-04-16 16:48:00,BSR: Báo cáo thường niên năm 2025,https://cafef.vn/du-lieu/BSR-2668118/bsr-bao-cao-thuong-nien-nam-2025.chn,5.0,2026-04-10,2026-04-17
BVH_2018,BVH,2018.0,2019-04-22 08:24:00,BVH: Link báo cáo thường niên năm 2018,https://cafef.vn/du-lieu/BVH-1270639/bvh-link-bao-cao-thuong-nien-nam-2018.chn,-10.0,2019-05-09,2019-04-22
BVH_2019,BVH,2019.0,2020-05-04 17:41:00,BVH: Link công bố báo cáo thường niên năm 2019,https://cafef.vn/du-lieu/BVH-1596538/bvh-link-cong-bo-bao-cao-thuong-nien-nam-2019.chn,1.0,2020-05-04,2020-05-05
BVH_2020,BVH,2020.0,2021-05-04 10:00:00,BVH: Link công bố báo cáo thường niên năm 2020 và giao dịch với người có liên quan,https://cafef.vn/du-lieu/BVH-1626958/bvh-link-cong-bo-bao-cao-thuong-nien-nam-2020-va-giao-dich-voi-nguoi-co-lien-quan.chn,-1.0,2021-05-05,2021-05-04
BVH_2025,BVH,2025.0,2026-04-21 00:00:00,BVH: Thông báo đường dẫn báo cáo thường niên năm 2025,https://cafef.vn/du-lieu/BVH-2672181/bvh-thong-bao-duong-dan-bao-cao-thuong-nien-nam-2025.chn,1.0,2026-04-20,2026-04-21
BWE_2024,BWE,2024.0,,,,,2025-03-24,
BWE_2025,BWE,2025.0,2026-03-17 00:00:00,BWE: Đường dẫn đăng tải Báo cáo thường niên năm 2025,https://cafef.vn/du-lieu/BWE-2421586/bwe-duong-dan-dang-tai-bao-cao-thuong-nien-nam-2025.chn,0.0,2026-03-17,2026-03-17
CII_2016,CII,2016.0,,,,,2017-04-05,
CII_2017,CII,2017.0,,,,,2018-04-12,
CII_2018,CII,2018.0,,,,,2019-04-16,
CII_2020,CII,2020.0,,,,,2021-04-05,
CII_2021,CII,2021.0,2022-04-07 10:54:00,CII: Link công bố báo cáo thường niên năm 2021,https://cafef.vn/du-lieu/CII-494306/cii-link-cong-bo-bao-cao-thuong-nien-nam-2021.chn,-2.0,2022-04-12,2022-04-07
CII_2023,,,2024-03-20 00:00:00,CII: Link công bố báo cáo thường niên năm 2023,https://cafef.vn/du-lieu/CII-1962922/cii-link-cong-bo-bao-cao-thuong-nien-nam-2023.chn,,,2024-03-20
CII_2024,CII,2024.0,2025-03-25 00:00:00,CII: Đường dẫn báo cáo thường niên năm 2024,https://cafef.vn/du-lieu/CII-2157111/cii-duong-dan-bao-cao-thuong-nien-nam-2024.chn,1.0,2025-03-24,2025-03-25
CII_2025,CII,2025.0,2026-04-15 00:00:00,CII: Thông báo đường dẫn báo cáo thường niên năm 2025,https://cafef.vn/du-lieu/CII-2666868/cii-thong-bao-duong-dan-bao-cao-thuong-nien-nam-2025.chn,1.0,2026-04-14,2026-04-15
CMG_2019,CMG,2019.0,,,,,2020-07-14,
CMG_2020,CMG,2020.0,,,,,2021-07-20,
CMG_2023,CMG,2023.0,2024-07-23 00:00:00,CMG: Nhắc nhở chậm công bố BCTN 2023,https://cafef.vn/du-lieu/CMG-2027475/cmg-nhac-nho-cham-cong-bo-bctn-2023.chn,1.0,2024-07-22,2024-07-23
CMG_2024,CMG,2024.0,2025-07-21 09:49:00,CMG: Báo cáo thường niên năm 2024,https://cafef.vn/du-lieu/CMG-2249802/cmg-bao-cao-thuong-nien-nam-2024.chn,1.0,2025-07-18,2025-07-21
CTD_2017,CTD,2017.0,,,,,2018-04-18,
CTD_2018,CTD,2018.0,,,,,2019-03-29,
CTD_2019,CTD,2019.0,,,,,2020-05-29,
CTD_2024,,,2024-10-18 00:00:00,CTD: Link công bố báo cáo thường niên năm 2024 và BC phát triển bền vững 2024,https://cafef.vn/du-lieu/CTD-2071224/ctd-link-cong-bo-bao-cao-thuong-nien-nam-2024-va-bc-phat-trien-ben-vung-2024.chn,,,2024-10-18
CTG_2017,CTG,2017.0,,,,,2018-04-17,
CTG_2018,CTG,2018.0,,,,,2019-04-19,
CTG_2019,CTG,2019.0,2020-03-26 18:01:00,CTG: Đường link báo cáo thường niên năm 2019,https://cafef.vn/du-lieu/CTG-1293523/ctg-duong-link-bao-cao-thuong-nien-nam-2019.chn,1.0,2020-03-26,2020-03-27
CTG_2021,CTG,2021.0,,,,,2022-04-19,
CTG_2022,CTG,2022.0,,,,,2023-04-19,
CTG_2023,CTG,2023.0,,,,,2024-04-17,
CTG_2024,CTG,2024.0,,,,,2025-03-25,
CTG_2025,CTG,2025.0,2026-04-20 17:09:00,CTG: Báo cáo thường niên năm 2025,https://cafef.vn/du-lieu/CTG-2671100/ctg-bao-cao-thuong-nien-nam-2025.chn,1.0,2026-04-20,2026-04-21
CTR_2019,CTR,2019.0,2020-05-05 13:30:00,CTR: Báo cáo thường niên 2019,https://cafef.vn/du-lieu/CTR-1667680/ctr-bao-cao-thuong-nien-2019.chn,2.0,2020-04-29,2020-05-05
CTR_2020,CTR,2020.0,,,,,2021-04-20,
CTR_2022,CTR,2022.0,,,,,2023-04-03,
CTR_2023,CTR,2023.0,2024-04-08 00:00:00,CTR: Công bố Báo cáo thường niên và Báo cáo phát triển bền vững 2023,https://cafef.vn/du-lieu/CTR-1973525/ctr-cong-bo-bao-cao-thuong-nien-va-bao-cao-phat-trien-ben-vung-2023.chn,0.0,2024-04-08,2024-04-08
CTR_2024,CTR,2024.0,2025-04-08 00:00:00,CTR: Báo cáo thường niên năm 2024 và Báo cáo phát triển bền vững năm 2024,https://cafef.vn/du-lieu/CTR-2167693/ctr-bao-cao-thuong-nien-nam-2024-va-bao-cao-phat-trien-ben-vung-nam-2024.chn,0.0,2025-04-08,2025-04-08
CTR_2025,CTR,2025.0,2026-04-09 17:17:00,CTR: Báo cáo thường niên năm 2025,https://cafef.vn/du-lieu/CTR-2663490/ctr-bao-cao-thuong-nien-nam-2025.chn,1.0,2026-04-09,2026-04-10
CTS_2017,CTS,2017.0,,,,,2018-03-30,
CTS_2019,CTS,2019.0,2020-03-18 17:36:00,CTS: Link công bố báo cáo thường niên 2019,https://cafef.vn/du-lieu/CTS-1720063/cts-link-cong-bo-bao-cao-thuong-nien-2019.chn,1.0,2020-03-18,2020-03-19
CTS_2020,CTS,2020.0,,,,,2021-04-12,
CTS_2021,CTS,2021.0,,,,,2022-03-29,
CTS_2022,CTS,2022.0,,,,,2023-04-10,
CTS_2024,CTS,2024.0,,,,,2025-03-26,
CTS_2025,CTS,2025.0,2026-03-27 17:35:00,CTS: Báo cáo thường niên năm 2025,https://cafef.vn/du-lieu/CTS-2582082/cts-bao-cao-thuong-nien-nam-2025.chn,1.0,2026-03-27,2026-03-30
DBC_2016,DBC,2016.0,2017-03-07 15:50:00,DBC: Báo cáo thường niên 2016,https://cafef.vn/du-lieu/DBC-1108138/dbc-bao-cao-thuong-nien-2016.chn,1.0,2017-03-07,2017-03-08
DBC_2017,DBC,2017.0,,,,,2018-03-22,
DBC_2019,DBC,2019.0,,,,,2020-03-31,
DBC_2020,DBC,2020.0,,,,,2021-04-02,
DBC_2022,DBC,2022.0,,,,,2023-04-17,
DBC_2025,DBC,2025.0,2026-04-15 11:01:00,DBC: Báo cáo thường niên năm 2025,https://cafef.vn/du-lieu/DBC-2666873/dbc-bao-cao-thuong-nien-nam-2025.chn,0.0,2026-04-15,2026-04-15
DCM_2016,DCM,2016.0,,,,,2017-04-12,
DCM_2017,DCM,2017.0,,,,,2018-04-18,
DCM_2018,DCM,2018.0,,,,,2019-04-17,
DCM_2022,DCM,2022.0,,,,,2023-03-20,
DCM_2023,DCM,2023.0,,,,,2024-03-20,
DCM_2024,DCM,2024.0,,,,,2025-03-19,
DGW_2016,DGW,2016.0,,,,,2017-04-17,
DGW_2018,DGW,2018.0,2019-04-19 17:13:00,DGW: Đường link Báo cáo thường niên năm 2018,https://cafef.vn/du-lieu/DGW-1314607/dgw-duong-link-bao-cao-thuong-nien-nam-2018.chn,1.0,2019-04-19,2019-04-22
DGW_2020,,,2021-04-20 14:31:00,DGW: Link công bố báo cáo thường niên năm 2020,https://cafef.vn/du-lieu/DGW-1517242/dgw-link-cong-bo-bao-cao-thuong-nien-nam-2020.chn,,,2021-04-20
DGW_2021,,,2022-04-19 15:42:00,DGW: Đường dẫn báo cáo thường niên năm 2021,https://cafef.vn/du-lieu/DGW-485891/dgw-duong-dan-bao-cao-thuong-nien-nam-2021.chn,,,2022-04-20
DGW_2023,DGW,2023.0,2024-04-19 00:00:00,DGW: Link công bố báo cáo thường niên năm 2023,https://cafef.vn/du-lieu/DGW-1979672/dgw-link-cong-bo-bao-cao-thuong-nien-nam-2023.chn,1.0,2024-04-17,2024-04-19
DGW_2024,,,2025-04-21 09:13:00,DGW: Báo cáo thường niên năm 2024,https://cafef.vn/du-lieu/DGW-2178492/dgw-bao-cao-thuong-nien-nam-2024.chn,,,2025-04-21
DIG_2016,DIG,2016.0,,,,,2017-04-18,
DIG_2020,,,2021-04-16 17:32:00,DIG: Đường dẫn báo cáo thường niên năm 2020,https://cafef.vn/du-lieu/DIG-1564684/dig-duong-dan-bao-cao-thuong-nien-nam-2020.chn,,,2021-04-19
DIG_2021,DIG,2021.0,,,,,2022-04-18,
DIG_2024,DIG,2024.0,2024-04-19 00:00:00,DIG: Link công bố báo cáo thường niên năm 2024,https://cafef.vn/du-lieu/DIG-1980485/dig-link-cong-bo-bao-cao-thuong-nien-nam-2024.chn,-240.0,2025-04-09,2024-04-19
DIG_2025,DIG,2025.0,,,,,2026-04-14,
DPM_2017,DPM,2017.0,2018-04-20 14:59:00,DPM: Đường link báo cáo thường niên năm 2017,https://cafef.vn/du-lieu/DPM-1232038/dpm-duong-link-bao-cao-thuong-nien-nam-2017.chn,4.0,2018-04-16,2018-04-20
DPM_2018,DPM,2018.0,,,,,2019-04-08,
DPM_2019,DPM,2019.0,2020-04-21 16:25:00,DPM: Đường link báo cáo thường niên năm 2019,https://cafef.vn/du-lieu/DPM-1557655/dpm-duong-link-bao-cao-thuong-nien-nam-2019.chn,2.0,2020-04-20,2020-04-22
DPM_2020,DPM,2020.0,2021-04-16 10:34:00,DPM: Đường link báo cáo thường niên năm 2020,https://cafef.vn/du-lieu/DPM-1426087/dpm-duong-link-bao-cao-thuong-nien-nam-2020.chn,1.0,2021-04-15,2021-04-16
DPM_2021,DPM,2021.0,2022-04-15 15:41:00,DPM: Link công bố báo cáo thường niên năm 2021,https://cafef.vn/du-lieu/DPM-488432/dpm-link-cong-bo-bao-cao-thuong-nien-nam-2021.chn,-1.0,2022-04-19,2022-04-18
DPM_2022,DPM,2022.0,2023-04-12 00:00:00,DPM: CBTT Báo cáo thường niên năm 2022,https://cafef.vn/du-lieu/DPM-270038/dpm-cbtt-bao-cao-thuong-nien-nam-2022.chn,8.0,2023-03-31,2023-04-12
DPM_2023,,,2024-04-08 00:00:00,DPM: Báo Cáo Thường Niên năm 2023,https://cafef.vn/du-lieu/DPM-1973219/dpm-bao-cao-thuong-nien-nam-2023.chn,,,2024-04-08
DPM_2024,DPM,2024.0,2025-04-16 00:00:00,DPM: Báo cáo thường niên 2024,https://cafef.vn/du-lieu/DPM-2173716/dpm-bao-cao-thuong-nien-2024.chn,4.0,2025-04-10,2025-04-16
DPM_2025,DPM,2025.0,2026-04-13 00:00:00,DPM: Link công bố Báo cáo thường niên năm 2025,https://cafef.vn/du-lieu/DPM-2665531/dpm-link-cong-bo-bao-cao-thuong-nien-nam-2025.chn,0.0,2026-04-13,2026-04-13
DSE_2021,DSE,2021.0,,,,,2022-03-23,
DSE_2023,DSE,2023.0,,,,,2024-03-18,
DXG_2016,DXG,2016.0,,,,,2017-03-29,
DXG_2018,DXG,2018.0,,,,,2019-03-12,
DXG_2019,DXG,2019.0,,,,,2020-03-02,
DXG_2020,DXG,2020.0,2021-04-12 10:54:00,DXG: Đường dẫn báo cáo thường niên năm 2020,https://cafef.vn/du-lieu/DXG-1403398/dxg-duong-dan-bao-cao-thuong-nien-nam-2020.chn,-15.0,2021-05-06,2021-04-12
DXG_2021,DXG,2021.0,,,,,2022-04-04,
DXG_2024,DXG,2024.0,2025-04-21 11:16:00,DXG: Báo cáo thường niên năm 2024,https://cafef.vn/du-lieu/DXG-2178391/dxg-bao-cao-thuong-nien-nam-2024.chn,0.0,2025-04-21,2025-04-21
EIB_2016,EIB,2016.0,,,,,2017-04-18,
EIB_2017,EIB,2017.0,,,,,2018-04-17,
EIB_2018,EIB,2018.0,,,,,2019-04-18,
EIB_2021,EIB,2021.0,,,,,2022-04-20,
EIB_2023,EIB,2023.0,,,,,2024-04-17,
EIB_2024,EIB,2024.0,2025-04-16 17:34:00,EIB: Báo cáo thường niên năm 2024,https://cafef.vn/du-lieu/EIB-2174384/eib-bao-cao-thuong-nien-nam-2024.chn,1.0,2025-04-16,2025-04-17
EIB_2025,EIB,2025.0,2026-04-17 15:49:00,EIB: Báo cáo thường niên năm 2025,https://cafef.vn/du-lieu/EIB-2669097/eib-bao-cao-thuong-nien-nam-2025.chn,1.0,2026-04-17,2026-04-20
FPT_2016,FPT,2016.0,,,,,2017-03-21,
FPT_2017,FPT,2017.0,,,,,2018-03-27,
FPT_2018,FPT,2018.0,,,,,2019-03-20,
FPT_2019,FPT,2019.0,,,,,2020-03-24,
FPT_2020,FPT,2020.0,,,,,2021-03-25,
FPT_2021,FPT,2021.0,,,,,2022-03-23,
FPT_2022,FPT,2022.0,,,,,2023-03-28,
FPT_2023,FPT,2023.0,,,,,2024-03-26,
FPT_2024,FPT,2024.0,,,,,2025-04-02,
FPT_2025,FPT,2025.0,2026-04-09 08:48:00,FPT: Báo cáo thường niên năm 2025,https://cafef.vn/du-lieu/FPT-2663254/fpt-bao-cao-thuong-nien-nam-2025.chn,1.0,2026-04-08,2026-04-09
FRT_2019,FRT,2019.0,,,,,2020-04-20,
FRT_2020,FRT,2020.0,,,,,2021-04-20,
FRT_2021,FRT,2021.0,,,,,2022-03-29,
FRT_2022,FRT,2022.0,,,,,2023-04-07,
FRT_2023,FRT,2023.0,,,,,2024-03-27,
FRT_2024,FRT,2024.0,,,,,2025-03-26,
FRT_2025,FRT,2025.0,2026-04-14 17:23:00,FRT: Báo cáo thường niên năm 2025,https://cafef.vn/du-lieu/FRT-2666361/frt-bao-cao-thuong-nien-nam-2025.chn,1.0,2026-04-14,2026-04-15
FTS_2018,FTS,2018.0,,,,,2019-03-12,
FTS_2019,FTS,2019.0,,,,,2020-04-06,
FTS_2021,FTS,2021.0,,,,,2022-02-18,
FTS_2023,FTS,2023.0,,,,,2024-03-22,
FTS_2024,FTS,2024.0,,,,,2025-03-31,
FTS_2025,FTS,2025.0,2026-03-26 09:02:00,FTS: Báo cáo thường niên năm 2025,https://cafef.vn/du-lieu/FTS-2427370/fts-bao-cao-thuong-nien-nam-2025.chn,1.0,2026-03-25,2026-03-26
GAS_2016,GAS,2016.0,,,,,2017-04-07,
GAS_2017,GAS,2017.0,2018-04-20 14:59:00,GAS: Đường link báo cáo thường niên năm 2017,https://cafef.vn/du-lieu/GAS-1232182/gas-duong-link-bao-cao-thuong-nien-nam-2017.chn,1.0,2018-04-19,2018-04-20
GAS_2018,,,2019-04-17 13:54:00,GAS: Link báo cáo thường niên năm 2018,https://cafef.vn/du-lieu/GAS-1684774/gas-link-bao-cao-thuong-nien-nam-2018.chn,,,2019-04-17
GAS_2022,GAS,2022.0,,,,,2023-03-30,
GAS_2023,GAS,2023.0,2024-03-20 00:00:00,GAS: Link công bố báo cáo thường niên năm 2023,https://cafef.vn/du-lieu/GAS-1962891/gas-link-cong-bo-bao-cao-thuong-nien-nam-2023.chn,0.0,2024-03-20,2024-03-20
GAS_2025,,,2026-03-24 16:09:00,GAS: Báo cáo thường niên năm 2025,https://cafef.vn/du-lieu/GAS-2426058/gas-bao-cao-thuong-nien-nam-2025.chn,,,2026-03-25
GEE_2021,GEE,2021.0,,,,,2022-03-22,
GEE_2022,GEE,2022.0,,,,,2023-04-10,
GEE_2023,GEE,2023.0,,,,,2024-03-22,
GEE_2024,GEE,2024.0,,,,,2025-03-24,
GEE_2025,GEE,2025.0,2026-04-06 09:13:00,GEE: Báo cáo thường niên năm 2025,https://cafef.vn/du-lieu/GEE-2659814/gee-bao-cao-thuong-nien-nam-2025.chn,0.0,2026-04-06,2026-04-06
GEX_2018,GEX,2018.0,,,,,2019-04-22,
GEX_2022,GEX,2022.0,,,,,2023-04-07,
GEX_2023,GEX,2023.0,,,,,2024-03-19,
GEX_2024,GEX,2024.0,,,,,2025-03-18,
GEX_2025,GEX,2025.0,2026-03-23 16:29:00,GEX: Báo cáo thường niên năm 2025,https://cafef.vn/du-lieu/GEX-2425277/gex-bao-cao-thuong-nien-nam-2025.chn,1.0,2026-03-23,2026-03-24
GMD_2016,GMD,2016.0,,,,,2017-04-20,
GMD_2017,GMD,2017.0,,,,,2018-04-23,
GMD_2018,GMD,2018.0,,,,,2019-05-03,
GMD_2020,GMD,2020.0,,,,,2021-04-20,
GMD_2021,GMD,2021.0,,,,,2022-04-19,
GMD_2023,GMD,2023.0,,,,,2024-04-19,
GMD_2024,GMD,2024.0,2025-04-21 16:52:00,GMD: Báo cáo thường niên năm 2024,https://cafef.vn/du-lieu/GMD-2178916/gmd-bao-cao-thuong-nien-nam-2024.chn,1.0,2025-04-21,2025-04-22
GMD_2025,GMD,2025.0,2026-04-20 13:42:00,GMD: Báo cáo thường niên năm 2025,https://cafef.vn/du-lieu/GMD-2670674/gmd-bao-cao-thuong-nien-nam-2025.chn,0.0,2026-04-20,2026-04-20
GVR_2018,GVR,2018.0,,,,,2019-04-24,
GVR_2020,GVR,2020.0,,,,,2021-04-13,
GVR_2021,GVR,2021.0,,,,,2022-04-19,
GVR_2022,GVR,2022.0,,,,,2023-04-17,
GVR_2023,GVR,2023.0,,,,,2024-04-19,
GVR_2024,GVR,2024.0,2025-04-21 00:00:00,GVR: Đường dẫn báo cáo thường niên năm 2024,https://cafef.vn/du-lieu/GVR-2185901/gvr-duong-dan-bao-cao-thuong-nien-nam-2024.chn,0.0,2025-04-21,2025-04-21
GVR_2025,GVR,2025.0,2026-04-20 10:11:00,GVR: Báo cáo thường niên năm 2025,https://cafef.vn/du-lieu/GVR-2670452/gvr-bao-cao-thuong-nien-nam-2025.chn,0.0,2026-04-20,2026-04-20
HAG_2016,HAG,2016.0,2017-05-03 13:56:00,HAG: Giải trình chậm CBTT Báo cáo thường niên 2016,https://cafef.vn/du-lieu/HAG-1057228/hag-giai-trinh-cham-cbtt-bao-cao-thuong-nien-2016.chn,-30.0,2017-06-14,2017-05-03
HAG_2017,HAG,2017.0,,,,,2018-04-20,
HAG_2018,HAG,2018.0,,,,,2019-04-19,
HAG_2019,HAG,2019.0,,,,,2020-04-29,
HAG_2020,HAG,2020.0,,,,,2021-04-29,
HAG_2021,HAG,2021.0,,,,,2022-03-31,
HAG_2024,HAG,2024.0,2025-04-21 09:15:00,HAG: Báo cáo thường niên năm 2024,https://cafef.vn/du-lieu/HAG-2178496/hag-bao-cao-thuong-nien-nam-2024.chn,0.0,2025-04-21,2025-04-21
HAG_2025,HAG,2025.0,2026-04-16 00:00:00,HAG: Thông báo đường dẫn báo cáo thường niên năm 2025,https://cafef.vn/du-lieu/HAG-2668072/hag-thong-bao-duong-dan-bao-cao-thuong-nien-nam-2025.chn,0.0,2026-04-16,2026-04-16
HCM_2016,HCM,2016.0,,,,,2017-04-20,
HCM_2017,HCM,2017.0,,,,,2018-04-17,
HCM_2018,HCM,2018.0,,,,,2019-04-17,
HCM_2019,HCM,2019.0,2020-04-17 17:48:00,HCM: Đường link Báo cáo thường niên năm 2019,https://cafef.vn/du-lieu/HCM-1445596/hcm-duong-link-bao-cao-thuong-nien-nam-2019.chn,1.0,2020-04-17,2020-04-20
HCM_2020,HCM,2020.0,2021-04-09 16:01:00,HCM: Link công bố báo cáo thường niên năm 2020,https://cafef.vn/du-lieu/HCM-1470169/hcm-link-cong-bo-bao-cao-thuong-nien-nam-2020.chn,1.0,2021-04-09,2021-04-12
HCM_2021,HCM,2021.0,,,,,2022-04-13,
HCM_2022,HCM,2022.0,,,,,2023-04-10,
HCM_2023,HCM,2023.0,,,,,2024-04-03,
HCM_2024,HCM,2024.0,,,,,2025-03-31,
HCM_2025,HCM,2025.0,2026-04-03 10:43:00,HCM: Báo cáo thường niên năm 2025,https://cafef.vn/du-lieu/HCM-2658294/hcm-bao-cao-thuong-nien-nam-2025.chn,0.0,2026-04-03,2026-04-03
HDB_2016,HDB,2016.0,,,,,2017-06-01,
HDB_2017,HDB,2017.0,,,,,2018-04-19,
HDB_2018,HDB,2018.0,2019-04-18 17:27:00,HDB: Đường link Báo cáo thường niên năm 2018,https://cafef.vn/du-lieu/HDB-1313629/hdb-duong-link-bao-cao-thuong-nien-nam-2018.chn,0.0,2019-04-19,2019-04-19
HDB_2019,HDB,2019.0,2020-04-09 09:47:00,HDB: Link công bố Báo cáo thường niên năm 2019,https://cafef.vn/du-lieu/HDB-1576351/hdb-link-cong-bo-bao-cao-thuong-nien-nam-2019.chn,-2.0,2020-04-13,2020-04-09
HDB_2020,HDB,2020.0,2021-04-20 14:13:00,HDB: Link công bố báo cáo thường niên năm 2020,https://cafef.vn/du-lieu/HDB-1532251/hdb-link-cong-bo-bao-cao-thuong-nien-nam-2020.chn,-5.0,2021-04-28,2021-04-20
HDB_2021,HDB,2021.0,,,,,2022-04-19,
HDB_2022,HDB,2022.0,2023-04-20 17:32:00,HDB: Đường dẫn Báo cáo thường niên năm 2022,https://cafef.vn/du-lieu/HDB-255968/hdb-duong-dan-bao-cao-thuong-nien-nam-2022.chn,0.0,2023-04-21,2023-04-21
HDB_2024,,,2025-04-21 00:00:00,HDB: Link công bố báo cáo thường niên năm 2024,https://cafef.vn/du-lieu/HDB-2183939/hdb-link-cong-bo-bao-cao-thuong-nien-nam-2024.chn,,,2025-04-21
HDB_2025,HDB,2025.0,2026-04-21 00:00:00,HDB: Thông báo đường dẫn báo cáo thường niên năm 2025,https://cafef.vn/du-lieu/HDB-2671531/hdb-thong-bao-duong-dan-bao-cao-thuong-nien-nam-2025.chn,1.0,2026-04-20,2026-04-21
HDG_2019,HDG,2019.0,,,,,2020-04-29,
HDG_2023,HDG,2023.0,,,,,2024-04-22,
HDG_2024,HDG,2024.0,2025-04-21 11:23:00,HDG: Báo cáo thường niên năm 2024,https://cafef.vn/du-lieu/HDG-2178403/hdg-bao-cao-thuong-nien-nam-2024.chn,0.0,2025-04-21,2025-04-21
HDG_2025,HDG,2025.0,2026-04-20 16:49:00,HDG: Báo cáo thường niên năm 2025,https://cafef.vn/du-lieu/HDG-2671068/hdg-bao-cao-thuong-nien-nam-2025.chn,1.0,2026-04-20,2026-04-21
HHV_2024,HHV,2024.0,2025-04-21 16:45:00,HHV: Báo cáo thường niên năm 2024,https://cafef.vn/du-lieu/HHV-2178905/hhv-bao-cao-thuong-nien-nam-2024.chn,2.0,2025-04-18,2025-04-22
HHV_2025,HHV,2025.0,2026-04-21 08:51:00,HHV: Báo cáo thường niên năm 2025,https://cafef.vn/du-lieu/HHV-2671509/hhv-bao-cao-thuong-nien-nam-2025.chn,1.0,2026-04-20,2026-04-21
HPG_2016,HPG,2016.0,,,,,2017-03-09,
HPG_2017,HPG,2017.0,,,,,2018-03-21,
HPG_2018,HPG,2018.0,,,,,2019-03-25,
HPG_2019,HPG,2019.0,,,,,2020-04-15,
HPG_2023,HPG,2023.0,,,,,2024-04-10,
HPG_2024,HPG,2024.0,2025-04-16 17:07:00,HPG: Báo cáo thường niên năm 2024,https://cafef.vn/du-lieu/HPG-2174313/hpg-bao-cao-thuong-nien-nam-2024.chn,1.0,2025-04-16,2025-04-17
HPG_2025,HPG,2025.0,2026-04-15 00:00:00,HPG: Thông báo đường dẫn báo cáo thường niên năm 2025,https://cafef.vn/du-lieu/HPG-2667274/hpg-thong-bao-duong-dan-bao-cao-thuong-nien-nam-2025.chn,0.0,2026-04-15,2026-04-15
HSG_2016,HSG,2016.0,,,,,2017-01-04,
HSG_2017,HSG,2017.0,2018-01-16 10:54:00,HSG: Báo cáo thường niên (niên độ tài chính 2016 - 2017),https://cafef.vn/du-lieu/HSG-1125946/hsg-bao-cao-thuong-nien-nien-do-tai-chinh-2016-2017.chn,3.0,2018-01-11,2018-01-16
HSG_2018,HSG,2018.0,,,,,2019-01-14,
HSG_2019,HSG,2019.0,,,,,2020-01-13,
HSG_2021,HSG,2021.0,,,,,2022-01-14,
HSG_2022,HSG,2022.0,,,,,2023-01-18,
HSG_2023,HSG,2023.0,,,,,2024-01-08,
HSG_2024,HSG,2024.0,,,,,2025-01-13,
HSG_2025,HSG,2025.0,2026-01-15 10:57:00,HSG: Báo cáo thường niên năm tài chính 2024-2025,https://cafef.vn/du-lieu/HSG-2383407/hsg-bao-cao-thuong-nien-nam-tai-chinh-20242025.chn,1.0,2026-01-14,2026-01-15
HT1_2016,HT1,2016.0,,,,,2017-04-20,
HT1_2017,HT1,2017.0,,,,,2018-04-18,
HT1_2018,HT1,2018.0,,,,,2019-04-01,
HT1_2019,HT1,2019.0,,,,,2020-04-17,
HT1_2021,HT1,2021.0,2022-04-15 16:56:00,HT1: Nhắc nhở chậm nộp Báo cáo thường niên năm 2021,https://cafef.vn/du-lieu/HT1-488174/ht1-nhac-nho-cham-nop-bao-cao-thuong-nien-nam-2021.chn,4.0,2022-04-12,2022-04-18
HT1_2024,HT1,2024.0,,,,,2025-04-03,
HT1_2025,HT1,2025.0,2026-04-07 11:11:00,HT1: Báo cáo thường niên năm 2025,https://cafef.vn/du-lieu/HT1-2660895/ht1-bao-cao-thuong-nien-nam-2025.chn,0.0,2026-04-07,2026-04-07
KBC_2020,KBC,2020.0,,,,,2021-04-07,
KDC_2016,KDC,2016.0,,,,,2017-04-27,
KDC_2017,KDC,2017.0,,,,,2018-04-16,
KDC_2018,KDC,2018.0,,,,,2019-04-19,
KDC_2019,KDC,2019.0,,,,,2020-04-20,
KDC_2021,KDC,2021.0,,,,,2022-03-24,
KDC_2023,KDC,2023.0,,,,,2024-04-17,
KDC_2024,KDC,2024.0,2025-04-21 11:22:00,KDC: Báo cáo thường niên năm 2024,https://cafef.vn/du-lieu/KDC-2178401/kdc-bao-cao-thuong-nien-nam-2024.chn,1.0,2025-04-18,2025-04-21
KDC_2025,KDC,2025.0,2026-04-20 15:54:00,KDC: Báo cáo thường niên năm 2025,https://cafef.vn/du-lieu/KDC-2670931/kdc-bao-cao-thuong-nien-nam-2025.chn,1.0,2026-04-20,2026-04-21
KDH_2016,KDH,2016.0,,,,,2017-04-05,
KDH_2017,KDH,2017.0,,,,,2018-04-13,
KDH_2018,KDH,2018.0,,,,,2019-04-05,
KDH_2019,KDH,2019.0,,,,,2020-04-14,
KDH_2021,KDH,2021.0,,,,,2022-04-13,
KDH_2022,KDH,2022.0,,,,,2023-04-13,
KDH_2023,KDH,2023.0,,,,,2024-04-09,
KDH_2024,KDH,2024.0,,,,,2025-04-11,
KDH_2025,KDH,2025.0,2026-04-10 16:29:00,KDH: Báo cáo thường niên năm 2025,https://cafef.vn/du-lieu/KDH-2663957/kdh-bao-cao-thuong-nien-nam-2025.chn,1.0,2026-04-10,2026-04-13
KOS_2018,KOS,2018.0,,,,,2019-04-05,
KOS_2019,KOS,2019.0,,,,,2020-04-21,
KOS_2021,KOS,2021.0,,,,,2022-04-20,
KOS_2023,KOS,2023.0,,,,,2024-04-19,
KOS_2024,KOS,2024.0,2025-04-21 11:20:00,KOS: Báo cáo thường niên năm 2024,https://cafef.vn/du-lieu/KOS-2178398/kos-bao-cao-thuong-nien-nam-2024.chn,0.0,2025-04-21,2025-04-21
KOS_2025,KOS,2025.0,2026-04-21 08:51:00,KOS: Báo cáo thường niên năm 2025,https://cafef.vn/du-lieu/KOS-2671511/kos-bao-cao-thuong-nien-nam-2025.chn,1.0,2026-04-20,2026-04-21
LPB_2021,LPB,2021.0,,,,,2022-04-18,
LPB_2022,LPB,2022.0,,,,,2023-04-18,
LPB_2024,LPB,2024.0,2025-04-21 11:22:00,LPB: Báo cáo thường niên năm 2024,https://cafef.vn/du-lieu/LPB-2178400/lpb-bao-cao-thuong-nien-nam-2024.chn,1.0,2025-04-18,2025-04-21
LPB_2025,LPB,2025.0,2026-04-20 16:57:00,LPB: Báo cáo thường niên năm 2025,https://cafef.vn/du-lieu/LPB-2671081/lpb-bao-cao-thuong-nien-nam-2025.chn,1.0,2026-04-20,2026-04-21
MBB_2016,MBB,2016.0,,,,,2017-04-13,
MBB_2017,MBB,2017.0,,,,,2018-03-23,
MBB_2018,MBB,2018.0,,,,,2019-03-18,
MBB_2020,MBB,2020.0,,,,,2021-02-26,
MBB_2021,MBB,2021.0,,,,,2022-03-28,
MBB_2023,MBB,2023.0,,,,,2024-04-10,
MBB_2024,MBB,2024.0,2025-04-22 13:26:00,MBB: Báo cáo thường niên năm 2024,https://cafef.vn/du-lieu/MBB-2179968/mbb-bao-cao-thuong-nien-nam-2024.chn,0.0,2025-04-22,2025-04-22
MBB_2025,,,2026-03-31 13:38:00,MBB: Báo cáo thường niên năm 2025,https://cafef.vn/du-lieu/MBB-2647385/mbb-bao-cao-thuong-nien-nam-2025.chn,,,2026-03-31
MCH_2016,MCH,2016.0,,,,,2017-04-13,
MCH_2017,MCH,2017.0,,,,,2018-04-05,
MCH_2018,MCH,2018.0,,,,,2019-04-04,
MCH_2025,MCH,2025.0,2026-03-23 09:05:00,MCH: Báo cáo thường niên năm 2025,https://cafef.vn/du-lieu/MCH-2424872/mch-bao-cao-thuong-nien-nam-2025.chn,0.0,2026-03-23,2026-03-23
MSB_2017,MSB,2017.0,,,,,2018-07-04,
MSB_2018,MSB,2018.0,,,,,2019-07-24,
MSB_2019,MSB,2019.0,,,,,2020-04-01,
MSB_2020,MSB,2020.0,,,,,2021-03-24,
MSB_2024,MSB,2024.0,2025-04-21 17:09:00,MSB: Báo cáo thường niên năm 2024,https://cafef.vn/du-lieu/MSB-2178951/msb-bao-cao-thuong-nien-nam-2024.chn,1.0,2025-04-21,2025-04-22
MSB_2025,MSB,2025.0,2026-04-21 14:03:00,MSB: Báo cáo thường niên năm 2025,https://cafef.vn/du-lieu/MSB-2671880/msb-bao-cao-thuong-nien-nam-2025.chn,1.0,2026-04-20,2026-04-21
MSN_2016,MSN,2016.0,,,,,2017-04-13,
MSN_2017,MSN,2017.0,2018-04-05 17:02:00,MSN: Link báo cáo thường niên năm 2017,https://cafef.vn/du-lieu/MSN-1055440/msn-link-bao-cao-thuong-nien-nam-2017.chn,1.0,2018-04-05,2018-04-06
MSN_2018,MSN,2018.0,,,,,2019-04-04,
MSN_2023,MSN,2023.0,,,,,2024-04-24,
MWG_2018,MWG,2018.0,,,,,2019-03-20,
MWG_2019,MWG,2019.0,,,,,2020-03-24,
MWG_2020,MWG,2020.0,,,,,2021-03-26,
MWG_2021,MWG,2021.0,,,,,2022-04-01,
MWG_2022,MWG,2022.0,,,,,2023-03-27,
MWG_2024,MWG,2024.0,,,,,2025-04-04,
MWG_2025,MWG,2025.0,2026-03-26 00:00:00,MWG: Báo cáo thường niên năm 2025 và Báo cáo phát triển bền vững 2025,https://cafef.vn/du-lieu/MWG-2427735/mwg-bao-cao-thuong-nien-nam-2025-va-bao-cao-phat-trien-ben-vung-2025.chn,0.0,2026-03-26,2026-03-26
NKG_2019,NKG,2019.0,,,,,2020-04-29,
NKG_2020,NKG,2020.0,,,,,2021-04-20,
NKG_2021,NKG,2021.0,,,,,2022-04-12,
NKG_2022,NKG,2022.0,,,,,2023-04-10,
NKG_2023,NKG,2023.0,,,,,2024-04-10,
NKG_2024,NKG,2024.0,2025-04-14 09:46:00,NKG: Báo cáo thường niên năm 2024,https://cafef.vn/du-lieu/NKG-2171543/nkg-bao-cao-thuong-nien-nam-2024.chn,0.0,2025-04-14,2025-04-14
NKG_2025,NKG,2025.0,2026-04-14 10:23:00,NKG: Báo cáo thường niên năm 2025,https://cafef.vn/du-lieu/NKG-2665940/nkg-bao-cao-thuong-nien-nam-2025.chn,1.0,2026-04-13,2026-04-14
NLG_2016,NLG,2016.0,,,,,2017-03-28,
NLG_2017,NLG,2017.0,,,,,2018-04-06,
NLG_2018,NLG,2018.0,,,,,2019-03-27,
NLG_2019,NLG,2019.0,,,,,2020-04-06,
NLG_2020,NLG,2020.0,,,,,2021-04-05,
NLG_2021,NLG,2021.0,,,,,2022-04-07,
NLG_2022,NLG,2022.0,,,,,2023-04-19,
NLG_2023,NLG,2023.0,,,,,2024-04-08,
NLG_2024,NLG,2024.0,,,,,2025-04-02,
NLG_2025,NLG,2025.0,2026-04-03 17:43:00,NLG: Báo cáo thường niên năm 2025,https://cafef.vn/du-lieu/NLG-2658764/nlg-bao-cao-thuong-nien-nam-2025.chn,1.0,2026-04-03,2026-04-06
NT2_2016,NT2,2016.0,,,,,2017-03-06,
NT2_2018,NT2,2018.0,,,,,2019-03-08,
NT2_2019,NT2,2019.0,,,,,2020-03-19,
NT2_2020,NT2,2020.0,,,,,2021-03-15,
NT2_2021,NT2,2021.0,,,,,2022-03-23,
NT2_2022,NT2,2022.0,,,,,2023-03-27,
NT2_2023,NT2,2023.0,,,,,2024-04-01,
NT2_2024,NT2,2024.0,,,,,2025-04-03,
NT2_2025,NT2,2025.0,2026-03-19 17:09:00,NT2: Báo cáo thường niên năm 2025,https://cafef.vn/du-lieu/NT2-2423159/nt2-bao-cao-thuong-nien-nam-2025.chn,1.0,2026-03-19,2026-03-20
NVL_2016,NVL,2016.0,,,,,2017-04-03,
NVL_2017,NVL,2017.0,,,,,2018-04-19,
NVL_2018,NVL,2018.0,2019-04-16 13:44:00,NVL: Link báo cáo thường niên năm 2018,https://cafef.vn/du-lieu/NVL-1684654/nvl-link-bao-cao-thuong-nien-nam-2018.chn,0.0,2019-04-16,2019-04-16
NVL_2019,NVL,2019.0,,,,,2020-03-16,
NVL_2020,NVL,2020.0,,,,,2021-04-05,
NVL_2021,NVL,2021.0,,,,,2022-03-21,
NVL_2023,NVL,2023.0,,,,,2024-04-04,
NVL_2024,NVL,2024.0,,,,,2025-04-03,
NVL_2025,NVL,2025.0,2026-04-15 00:00:00,NVL: Thông báo đường dẫn báo cáo thường niên năm 2025,https://cafef.vn/du-lieu/NVL-2666867/nvl-thong-bao-duong-dan-bao-cao-thuong-nien-nam-2025.chn,1.0,2026-04-14,2026-04-15
OCB_2020,OCB,2020.0,,,,,2021-04-15,
OCB_2021,OCB,2021.0,,,,,2022-04-01,
OCB_2024,OCB,2024.0,,,,,2025-04-04,
OCB_2025,OCB,2025.0,2026-04-09 10:23:00,OCB: Báo cáo thường niên năm 2025,https://cafef.vn/du-lieu/OCB-2663279/ocb-bao-cao-thuong-nien-nam-2025.chn,1.0,2026-04-08,2026-04-09
PAN_2016,PAN,2016.0,,,,,2017-04-19,
PAN_2017,PAN,2017.0,,,,,2018-04-19,
PAN_2018,,,2019-04-19 13:25:00,PAN: Link báo cáo thường niên năm 2018,https://cafef.vn/du-lieu/PAN-1688686/pan-link-bao-cao-thuong-nien-nam-2018.chn,,,2019-04-19
PAN_2019,PAN,2019.0,,,,,2020-04-20,
PAN_2021,PAN,2021.0,,,,,2022-04-21,
PAN_2023,PAN,2023.0,,,,,2024-04-19,
PAN_2024,PAN,2024.0,2025-04-18 15:07:00,PAN: Báo cáo thường niên năm 2024,https://cafef.vn/du-lieu/PAN-2176580/pan-bao-cao-thuong-nien-nam-2024.chn,1.0,2025-04-18,2025-04-21
PAN_2025,PAN,2025.0,2026-04-20 13:48:00,PAN: Báo cáo thường niên năm 2025,https://cafef.vn/du-lieu/PAN-2670695/pan-bao-cao-thuong-nien-nam-2025.chn,0.0,2026-04-20,2026-04-20
PC1_2016,PC1,2016.0,,,,,2017-04-19,
PC1_2021,PC1,2021.0,,,,,2022-04-18,
PC1_2022,PC1,2022.0,,,,,2023-04-18,
PC1_2023,PC1,2023.0,,,,,2024-04-19,
PC1_2024,PC1,2024.0,2025-04-21 16:53:00,PC1: Báo cáo thường niên năm 2024,https://cafef.vn/du-lieu/PC1-2178919/pc1-bao-cao-thuong-nien-nam-2024.chn,1.0,2025-04-21,2025-04-22
PC1_2025,PC1,2025.0,2026-04-21 08:53:00,PC1: Báo cáo thường niên năm 2025,https://cafef.vn/du-lieu/PC1-2671517/pc1-bao-cao-thuong-nien-nam-2025.chn,1.0,2026-04-20,2026-04-21
PDR_2017,PDR,2017.0,,,,,2018-03-27,
PDR_2018,PDR,2018.0,,,,,2019-03-22,
PDR_2020,PDR,2020.0,,,,,2021-03-23,
PDR_2021,PDR,2021.0,,,,,2022-03-21,
PDR_2023,PDR,2023.0,,,,,2024-03-25,
PDR_2024,PDR,2024.0,2025-04-21 11:13:00,PDR: Báo cáo thường niên năm 2024,https://cafef.vn/du-lieu/PDR-2178583/pdr-bao-cao-thuong-nien-nam-2024.chn,0.0,2025-04-21,2025-04-21
PDR_2025,PDR,2025.0,2026-04-15 16:33:00,PDR: Báo cáo thường niên năm 2025,https://cafef.vn/du-lieu/PDR-2667217/pdr-bao-cao-thuong-nien-nam-2025.chn,1.0,2026-04-15,2026-04-16
PLX_2025,PLX,2025.0,2026-04-21 17:15:00,PLX: Báo cáo thường niên năm 2025,https://cafef.vn/du-lieu/PLX-2672088/plx-bao-cao-thuong-nien-nam-2025.chn,1.0,2026-04-21,2026-04-22
PNJ_2016,PNJ,2016.0,,,,,2017-04-19,
PNJ_2017,PNJ,2017.0,2018-04-06 10:46:00,PNJ: Link báo cáo thường niên năm 2017,https://cafef.vn/du-lieu/PNJ-1040437/pnj-link-bao-cao-thuong-nien-nam-2017.chn,1.0,2018-04-05,2018-04-06
PNJ_2018,PNJ,2018.0,2019-04-04 11:04:00,PNJ: Đường link Báo cáo thường niên năm 2018,https://cafef.vn/du-lieu/PNJ-1649968/pnj-duong-link-bao-cao-thuong-nien-nam-2018.chn,1.0,2019-04-03,2019-04-04
PNJ_2019,PNJ,2019.0,,,,,2020-03-25,
PNJ_2020,PNJ,2020.0,,,,,2021-04-16,
PNJ_2021,PNJ,2021.0,,,,,2022-04-05,
PNJ_2024,PNJ,2024.0,2025-04-17 10:28:00,PNJ: Báo cáo thường niên năm 2024,https://cafef.vn/du-lieu/PNJ-2174932/pnj-bao-cao-thuong-nien-nam-2024.chn,1.0,2025-04-16,2025-04-17
PNJ_2025,PNJ,2025.0,2026-04-08 10:57:00,PNJ: Báo cáo thường niên năm 2025,https://cafef.vn/du-lieu/PNJ-2662946/pnj-bao-cao-thuong-nien-nam-2025.chn,1.0,2026-04-07,2026-04-08
POW_2018,POW,2018.0,,,,,2019-04-09,
POW_2019,POW,2019.0,,,,,2020-04-15,
POW_2020,POW,2020.0,,,,,2021-04-26,
POW_2021,POW,2021.0,2022-04-13 17:07:00,POW: Đường dẫn báo cáo thường niên năm 2021,https://cafef.vn/du-lieu/POW-490046/pow-duong-dan-bao-cao-thuong-nien-nam-2021.chn,1.0,2022-04-13,2022-04-14
POW_2022,POW,2022.0,,,,,2023-04-03,
POW_2023,POW,2023.0,,,,,2024-04-17,
POW_2024,POW,2024.0,2025-04-18 17:34:00,POW: Báo cáo thường niên năm 2024,https://cafef.vn/du-lieu/POW-2176968/pow-bao-cao-thuong-nien-nam-2024.chn,1.0,2025-04-18,2025-04-21
POW_2025,POW,2025.0,2026-04-06 15:59:00,POW: Báo cáo thường niên năm 2025,https://cafef.vn/du-lieu/POW-2660536/pow-bao-cao-thuong-nien-nam-2025.chn,1.0,2026-04-06,2026-04-07
PVD_2016,PVD,2016.0,,,,,2017-04-24,
PVD_2017,PVD,2017.0,2018-04-20 15:46:00,PVD: Đường link báo cáo thường niên năm 2017,https://cafef.vn/du-lieu/PVD-1229077/pvd-duong-link-bao-cao-thuong-nien-nam-2017.chn,2.0,2018-04-19,2018-04-23
PVD_2018,PVD,2018.0,,,,,2019-04-18,
PVD_2019,PVD,2019.0,2020-04-20 17:42:00,PVD: Link báo cáo thường niên năm 2019,https://cafef.vn/du-lieu/PVD-1453933/pvd-link-bao-cao-thuong-nien-nam-2019.chn,1.0,2020-04-20,2020-04-21
PVD_2020,PVD,2020.0,,,,,2021-04-20,
PVD_2021,PVD,2021.0,,,,,2022-04-19,
PVD_2022,PVD,2022.0,,,,,2023-04-13,
PVD_2023,PVD,2023.0,,,,,2024-04-17,
PVD_2025,PVD,2025.0,2026-04-20 13:45:00,PVD: Báo cáo thường niên năm 2025,https://cafef.vn/du-lieu/PVD-2670681/pvd-bao-cao-thuong-nien-nam-2025.chn,0.0,2026-04-20,2026-04-20
PVT_2016,PVT,2016.0,,,,,2017-04-05,
PVT_2019,PVT,2019.0,,,,,2020-04-16,
PVT_2022,PVT,2022.0,,,,,2023-04-07,
PVT_2023,PVT,2023.0,,,,,2024-03-26,
PVT_2024,PVT,2024.0,,,,,2025-03-31,
PVT_2025,PVT,2025.0,2026-04-13 09:46:00,PVT: Báo cáo thường niên năm 2025,https://cafef.vn/du-lieu/PVT-2665080/pvt-bao-cao-thuong-nien-nam-2025.chn,0.0,2026-04-13,2026-04-13
REE_2016,REE,2016.0,,,,,2017-03-22,
REE_2017,REE,2017.0,,,,,2018-03-16,
REE_2018,REE,2018.0,,,,,2019-03-18,
REE_2019,REE,2019.0,,,,,2020-03-17,
REE_2020,REE,2020.0,,,,,2021-03-16,
REE_2021,REE,2021.0,,,,,2022-03-10,
REE_2023,REE,2023.0,,,,,2024-03-28,
REE_2024,REE,2024.0,,,,,2025-03-18,
REE_2025,REE,2025.0,2026-03-17 10:57:00,REE: Báo cáo thường niên năm 2025,https://cafef.vn/du-lieu/REE-2421189/ree-bao-cao-thuong-nien-nam-2025.chn,1.0,2026-03-16,2026-03-17
SAB_2016,SAB,2016.0,,,,,2017-04-05,
SAB_2018,SAB,2018.0,2019-04-12 18:33:00,SAB: Link báo cáo thường niên năm 2018,https://cafef.vn/du-lieu/SAB-1687135/sab-link-bao-cao-thuong-nien-nam-2018.chn,3.0,2019-04-10,2019-04-16
SAB_2024,SAB,2024.0,2025-04-17 16:34:00,SAB: Link công bố báo cáo thường niên năm 2024,https://cafef.vn/du-lieu/SAB-2175406/sab-link-cong-bo-bao-cao-thuong-nien-nam-2024.chn,2.0,2025-04-16,2025-04-18
SAB_2025,SAB,2025.0,2026-04-16 00:00:00,SAB: Link công bố Báo cáo thường niên năm 2025,https://cafef.vn/du-lieu/SAB-2667943/sab-link-cong-bo-bao-cao-thuong-nien-nam-2025.chn,1.0,2026-04-15,2026-04-16
SHB_2024,SHB,2024.0,2025-04-21 00:00:00,SHB: Đường dẫn báo cáo thường niên năm 2024,https://cafef.vn/du-lieu/SHB-2184105/shb-duong-dan-bao-cao-thuong-nien-nam-2024.chn,1.0,2025-04-18,2025-04-21
SHB_2025,SHB,2025.0,2026-04-22 00:00:00,SHB: Link công bố Báo cáo thường niên năm 2025,https://cafef.vn/du-lieu/SHB-2672911/shb-link-cong-bo-bao-cao-thuong-nien-nam-2025.chn,2.0,2026-04-20,2026-04-22
SJS_2025,SJS,2025.0,2026-04-21 14:05:00,SJS: Báo cáo thường niên năm 2025,https://cafef.vn/du-lieu/SJS-2671887/sjs-bao-cao-thuong-nien-nam-2025.chn,1.0,2026-04-20,2026-04-21
SSB_2017,SSB,2017.0,,,,,2018-05-16,
SSB_2018,SSB,2018.0,,,,,2019-06-21,
SSB_2024,SSB,2024.0,2025-04-09 00:00:00,SSB: Link công bố báo cáo thường niên năm 2024,https://cafef.vn/du-lieu/SSB-2168817/ssb-link-cong-bo-bao-cao-thuong-nien-nam-2024.chn,1.0,2025-04-08,2025-04-09
SSB_2025,SSB,2025.0,2026-04-02 00:00:00,SSB: Link công bố Báo cáo thường niên năm 2025,https://cafef.vn/du-lieu/SSB-2656752/ssb-link-cong-bo-bao-cao-thuong-nien-nam-2025.chn,1.0,2026-04-01,2026-04-02
SSI_2016,SSI,2016.0,,,,,2017-04-14,
SSI_2017,SSI,2017.0,,,,,2018-04-16,
SSI_2019,SSI,2019.0,2020-04-17 16:10:00,SSI: Đường link Báo cáo thường niên năm 2019,https://cafef.vn/du-lieu/SSI-1448911/ssi-duong-link-bao-cao-thuong-nien-nam-2019.chn,1.0,2020-04-17,2020-04-20
SSI_2020,SSI,2020.0,2021-04-20 14:10:00,SSI: Đường link báo cáo thường niên và báo cáo phát triển bền vững năm 2020,https://cafef.vn/du-lieu/SSI-1373620/ssi-duong-link-bao-cao-thuong-nien-va-bao-cao-phat-trien-ben-vung-nam-2020.chn,1.0,2021-04-19,2021-04-20
SSI_2021,SSI,2021.0,,,,,2022-04-15,
SSI_2025,SSI,2025.0,2026-04-15 16:53:00,SSI: Báo cáo thường niên năm 2025,https://cafef.vn/du-lieu/SSI-2667280/ssi-bao-cao-thuong-nien-nam-2025.chn,1.0,2026-04-15,2026-04-16
STB_2016,STB,2016.0,,,,,2017-06-19,
STB_2018,STB,2018.0,2019-04-22 15:01:00,STB: Đường link Báo cáo thường niên năm 2018,https://cafef.vn/du-lieu/STB-1335922/stb-duong-link-bao-cao-thuong-nien-nam-2018.chn,2.0,2019-04-19,2019-04-23
STB_2019,STB,2019.0,,,,,2020-04-20,
STB_2024,STB,2024.0,2025-04-18 16:59:00,STB: Báo cáo thường niên năm 2024,https://cafef.vn/du-lieu/STB-2176767/stb-bao-cao-thuong-nien-nam-2024.chn,1.0,2025-04-18,2025-04-21
STB_2025,STB,2025.0,2026-04-17 16:53:00,STB: Báo cáo thường niên năm 2025,https://cafef.vn/du-lieu/STB-2669183/stb-bao-cao-thuong-nien-nam-2025.chn,1.0,2026-04-17,2026-04-20
TAL_2024,TAL,2024.0,2025-04-18 11:12:00,TAL: Báo cáo thường niên 2024,https://cafef.vn/du-lieu/TAL-2176173/tal-bao-cao-thuong-nien-2024.chn,0.0,2025-04-18,2025-04-18
TAL_2025,TAL,2025.0,2026-04-20 14:52:00,TAL: Báo cáo thường niên năm 2025,https://cafef.vn/du-lieu/TAL-2670812/tal-bao-cao-thuong-nien-nam-2025.chn,0.0,2026-04-20,2026-04-20
TCB_2016,TCB,2016.0,,,,,2017-03-28,
TCB_2017,TCB,2017.0,,,,,2018-03-05,
TCB_2019,TCB,2019.0,,,,,2020-04-16,
TCB_2020,TCB,2020.0,,,,,2021-04-12,
TCB_2021,TCB,2021.0,,,,,2022-04-19,
TCB_2023,TCB,2023.0,,,,,2024-04-17,
TCB_2024,TCB,2024.0,,,,,2025-04-04,
TCB_2025,TCB,2025.0,2026-04-07 14:02:00,TCB: Báo cáo thường niên năm 2025,https://cafef.vn/du-lieu/TCB-2661006/tcb-bao-cao-thuong-nien-nam-2025.chn,1.0,2026-04-06,2026-04-07
TCH_2017,TCH,2017.0,,,,,2018-05-29,
TCH_2018,TCH,2018.0,,,,,2019-06-17,
TCH_2019,TCH,2019.0,,,,,2020-06-11,
TCH_2021,TCH,2021.0,2022-09-20 13:48:00,TCH: Công bố thông tin báo cáo thường niên năm 2021,https://cafef.vn/du-lieu/TCH-392810/tch-cong-bo-thong-tin-bao-cao-thuong-nien-nam-2021.chn,67.0,2022-06-15,2022-09-20
TCH_2023,TCH,2023.0,2024-06-21 00:00:00,TCH: Công bố Báo cáo thường niên năm 2023,https://cafef.vn/du-lieu/TCH-2011523/tch-cong-bo-bao-cao-thuong-nien-nam-2023.chn,0.0,2024-06-21,2024-06-21
TCH_2024,TCH,2024.0,2025-07-07 17:40:00,TCH: Báo cáo thường niên năm 2024,https://cafef.vn/du-lieu/TCH-2239957/tch-bao-cao-thuong-nien-nam-2024.chn,1.0,2025-07-07,2025-07-08
TCX_2025,TCX,2025.0,2026-03-26 17:11:00,TCX: Báo cáo thường niên năm 2025,https://cafef.vn/du-lieu/TCX-2552601/tcx-bao-cao-thuong-nien-nam-2025.chn,2.0,2026-03-25,2026-03-27
TPB_2016,TPB,2016.0,,,,,2017-04-20,
TPB_2017,TPB,2017.0,,,,,2018-04-12,
TPB_2018,TPB,2018.0,,,,,2019-04-08,
TPB_2019,TPB,2019.0,,,,,2020-04-14,
TPB_2024,TPB,2024.0,2025-04-17 16:32:00,TPB: Đường dẫn báo cáo thường niên năm 2024,https://cafef.vn/du-lieu/TPB-2175403/tpb-duong-dan-bao-cao-thuong-nien-nam-2024.chn,1.0,2025-04-17,2025-04-18
TPB_2025,TPB,2025.0,2026-04-20 15:59:00,TPB: Link công bố Báo cáo thường niên năm 2025,https://cafef.vn/du-lieu/TPB-2670939/tpb-link-cong-bo-bao-cao-thuong-nien-nam-2025.chn,1.0,2026-04-20,2026-04-21
VCB_2016,VCB,2016.0,,,,,2017-04-19,
VCB_2017,VCB,2017.0,2018-04-23 08:40:00,VCB: Link báo cáo thường niên năm 2017,https://cafef.vn/du-lieu/VCB-1228894/vcb-link-bao-cao-thuong-nien-nam-2017.chn,1.0,2018-04-20,2018-04-23
VCB_2018,VCB,2018.0,2019-04-22 15:13:00,VCB: Link báo cáo thường niên năm 2018,https://cafef.vn/du-lieu/VCB-1684861/vcb-link-bao-cao-thuong-nien-nam-2018.chn,1.0,2019-04-22,2019-04-23
VCB_2019,VCB,2019.0,,,,,2020-04-06,
VCB_2020,VCB,2020.0,2020-04-06 10:17:00,VCB: Đương Link báo cáo thường niên năm 2020,https://cafef.vn/du-lieu/VCB-1351039/vcb-duong-link-bao-cao-thuong-nien-nam-2020.chn,-262.0,2021-04-20,2020-04-06
VCB_2021,VCB,2021.0,,,,,2022-04-18,
VCB_2023,VCB,2023.0,,,,,2024-04-17,
VCB_2024,VCB,2024.0,2025-04-18 15:36:00,VCB: Báo cáo thường niên năm 2024,https://cafef.vn/du-lieu/VCB-2176598/vcb-bao-cao-thuong-nien-nam-2024.chn,2.0,2025-04-17,2025-04-21
VCB_2025,VCB,2025.0,2026-04-17 09:05:00,VCB: Báo cáo thường niên năm 2025,https://cafef.vn/du-lieu/VCB-2668597/vcb-bao-cao-thuong-nien-nam-2025.chn,1.0,2026-04-16,2026-04-17
VCG_2016,VCG,2016.0,,,,,2017-05-08,
VCG_2018,VCG,2018.0,,,,,2019-05-10,
VCG_2019,VCG,2019.0,2020-04-23 07:52:00,VCG: Báo cáo thường niên 2019,https://cafef.vn/du-lieu/VCG-1638379/vcg-bao-cao-thuong-nien-2019.chn,3.0,2020-04-20,2020-04-23
VCG_2021,VCG,2021.0,,,,,2022-04-21,
VCG_2022,VCG,2022.0,,,,,2023-04-17,
VCG_2023,VCG,2023.0,,,,,2024-04-19,
VCG_2024,VCG,2024.0,2025-04-18 13:35:00,VCG: Báo cáo thường niên năm 2024,https://cafef.vn/du-lieu/VCG-2176312/vcg-bao-cao-thuong-nien-nam-2024.chn,0.0,2025-04-18,2025-04-18
VCG_2025,VCG,2025.0,2026-04-21 08:54:00,VCG: Báo cáo thường niên năm 2025,https://cafef.vn/du-lieu/VCG-2671518/vcg-bao-cao-thuong-nien-nam-2025.chn,1.0,2026-04-20,2026-04-21
VCI_2017,VCI,2017.0,,,,,2018-04-16,
VCI_2018,VCI,2018.0,,,,,2019-04-18,
VCI_2021,VCI,2021.0,,,,,2022-03-30,
VCI_2022,VCI,2022.0,,,,,2023-03-30,
VCI_2023,VCI,2023.0,,,,,2024-04-02,
VCI_2024,VCI,2024.0,,,,,2025-04-01,
VCI_2025,VCI,2025.0,2026-03-06 14:42:00,VCI: Báo cáo thường niên năm 2025,https://cafef.vn/du-lieu/VCI-2413370/vci-bao-cao-thuong-nien-nam-2025.chn,1.0,2026-03-05,2026-03-06
VCK_2025,VCK,2025.0,,,,,2026-02-13,
VGC_2016,VGC,2016.0,,,,,2017-04-18,
VHC_2016,VHC,2016.0,,,,,2017-04-20,
VHC_2017,VHC,2017.0,,,,,2018-04-23,
VHC_2018,VHC,2018.0,,,,,2019-04-22,
VHC_2019,VHC,2019.0,,,,,2020-04-13,
VHC_2021,VHC,2021.0,,,,,2022-04-18,
VHC_2023,VHC,2023.0,,,,,2024-04-19,
VHC_2024,VHC,2024.0,2025-04-18 15:04:00,VHC: Báo cáo thường niên năm 2024,https://cafef.vn/du-lieu/VHC-2176578/vhc-bao-cao-thuong-nien-nam-2024.chn,1.0,2025-04-18,2025-04-21
VHC_2025,VHC,2025.0,2026-04-20 10:07:00,VHC: Báo cáo thường niên năm 2025,https://cafef.vn/du-lieu/VHC-2670442/vhc-bao-cao-thuong-nien-nam-2025.chn,1.0,2026-04-17,2026-04-20
VHM_2018,VHM,2018.0,,,,,2019-04-19,
VHM_2023,VHM,2023.0,,,,,2024-04-02,
VHM_2024,VHM,2024.0,2025-04-14 13:23:00,VHM: Báo cáo thường niên năm 2024,https://cafef.vn/du-lieu/VHM-2171795/vhm-bao-cao-thuong-nien-nam-2024.chn,0.0,2025-04-14,2025-04-14
VHM_2025,VHM,2025.0,2026-04-13 14:08:00,VHM: Báo cáo thường niên năm 2025,https://cafef.vn/du-lieu/VHM-2665259/vhm-bao-cao-thuong-nien-nam-2025.chn,0.0,2026-04-13,2026-04-13
VIB_2021,VIB,2021.0,,,,,2022-03-07,
VIB_2022,VIB,2022.0,,,,,2023-03-03,
VIB_2023,VIB,2023.0,,,,,2024-03-18,
VIB_2024,VIB,2024.0,,,,,2025-03-17,
VIB_2025,VIB,2025.0,2026-03-23 16:23:00,VIB: Báo cáo thường niên năm 2025,https://cafef.vn/du-lieu/VIB-2425264/vib-bao-cao-thuong-nien-nam-2025.chn,2.0,2026-03-20,2026-03-24
VIC_2016,VIC,2016.0,,,,,2017-04-18,
VIC_2017,VIC,2017.0,,,,,2018-04-20,
VIC_2020,VIC,2020.0,,,,,2021-04-19,
VIC_2021,VIC,2021.0,,,,,2022-04-19,
VIC_2022,VIC,2022.0,,,,,2023-04-07,
VIC_2023,VIC,2023.0,,,,,2024-04-17,
VIC_2024,VIC,2024.0,2025-04-21 17:27:00,VIC: Báo cáo thường niên năm 2024,https://cafef.vn/du-lieu/VIC-2179034/vic-bao-cao-thuong-nien-nam-2024.chn,1.0,2025-04-21,2025-04-22
VIC_2025,VIC,2025.0,2026-04-14 10:24:00,VIC: Báo cáo thường niên năm 2025,https://cafef.vn/du-lieu/VIC-2665942/vic-bao-cao-thuong-nien-nam-2025.chn,1.0,2026-04-13,2026-04-14
VJC_2017,VJC,2017.0,,,,,2018-04-26,
VJC_2019,VJC,2019.0,,,,,2020-05-28,
VJC_2021,VJC,2021.0,,,,,2022-05-11,
VJC_2023,VJC,2023.0,,,,,2024-04-22,
VJC_2024,VJC,2024.0,2025-04-23 00:00:00,VJC: Nhắc nhở chậm CBTT Báo cáo thường niên năm 2024,https://cafef.vn/du-lieu/VJC-2186997/vjc-nhac-nho-cham-cbtt-bao-cao-thuong-nien-nam-2024.chn,-14.0,2025-05-16,2025-04-23
VJC_2025,,,2026-04-20 13:40:00,VJC: Báo cáo thường niên năm 2025,https://cafef.vn/du-lieu/VJC-2670667/vjc-bao-cao-thuong-nien-nam-2025.chn,,,2026-04-20
VND_2018,VND,2018.0,,,,,2019-04-19,
VND_2019,VND,2019.0,,,,,2020-04-20,
VND_2021,VND,2021.0,,,,,2022-03-22,
VND_2023,VND,2023.0,,,,,2024-04-19,
VND_2024,VND,2024.0,2025-04-21 10:08:00,VND: Báo cáo thường niên năm 2024,https://cafef.vn/du-lieu/VND-2178543/vnd-bao-cao-thuong-nien-nam-2024.chn,1.0,2025-04-18,2025-04-21
VNM_2018,VNM,2018.0,,,,,2019-03-20,
VNM_2021,VNM,2021.0,,,,,2022-03-18,
VNM_2022,VNM,2022.0,,,,,2023-03-20,
VNM_2023,VNM,2023.0,2024-03-18 00:00:00,VNM: Link công bố báo cáo thường niên năm 2023,https://cafef.vn/du-lieu/VNM-1961690/vnm-link-cong-bo-bao-cao-thuong-nien-nam-2023.chn,0.0,2024-03-18,2024-03-18
VNM_2024,VNM,2024.0,,,,,2025-03-20,
VNM_2025,VNM,2025.0,2026-03-20 17:05:00,VNM: Báo cáo thường niên năm 2025,https://cafef.vn/du-lieu/VNM-2423844/vnm-bao-cao-thuong-nien-nam-2025.chn,2.0,2026-03-19,2026-03-23
VPB_2016,VPB,2016.0,,,,,2017-05-08,
VPB_2017,VPB,2017.0,,,,,2018-03-12,
VPB_2018,VPB,2018.0,,,,,2019-03-14,
VPB_2019,VPB,2019.0,,,,,2020-04-06,
VPB_2020,VPB,2020.0,,,,,2021-04-14,
VPB_2021,VPB,2021.0,,,,,2022-04-07,
VPB_2022,VPB,2022.0,,,,,2023-04-11,
VPB_2023,VPB,2023.0,,,,,2024-04-19,
VPB_2024,VPB,2024.0,,,,,2025-03-31,
VPB_2025,VPB,2025.0,2026-03-30 18:35:00,VPB: Báo cáo thường niên năm 2025,https://cafef.vn/du-lieu/VPB-2639317/vpb-bao-cao-thuong-nien-nam-2025.chn,1.0,2026-03-30,2026-03-31
VPI_2019,VPI,2019.0,,,,,2020-04-27,
VPI_2020,VPI,2020.0,,,,,2021-04-19,
VPI_2023,VPI,2023.0,,,,,2024-04-10,
VPI_2025,VPI,2025.0,2026-04-17 19:36:00,VPI: Báo cáo thường niên năm 2025,https://cafef.vn/du-lieu/VPI-2669428/vpi-bao-cao-thuong-nien-nam-2025.chn,1.0,2026-04-17,2026-04-20
VPL_2024,VPL,2024.0,,,,,2025-03-19,
VPL_2025,VPL,2025.0,2026-03-31 17:33:00,VPL: Báo cáo thường niên năm 2025,https://cafef.vn/du-lieu/VPL-2657168/vpl-bao-cao-thuong-nien-nam-2025.chn,1.0,2026-03-31,2026-04-01
VPX_2023,VPX,2023.0,,,,,2024-04-16,
VPX_2025,VPX,2025.0,,,,,2026-04-06,
VRE_2019,VRE,2019.0,,,,,2020-04-20,
VRE_2020,VRE,2020.0,,,,,2021-04-19,
VRE_2021,VRE,2021.0,,,,,2022-04-19,
VRE_2022,VRE,2022.0,2023-03-23 15:52:00,VRE12007: Báo cáo thường niên 2022,https://cafef.vn/du-lieu/VRE-301226/vre12007-bao-cao-thuong-nien-2022.chn,2.0,2023-03-22,2023-03-24
VRE_2023,VRE,2023.0,,,,,2024-04-12,
VRE_2024,VRE,2024.0,2025-04-17 10:45:00,VRE: Báo cáo thường niên năm 2024,https://cafef.vn/du-lieu/VRE-2174968/vre-bao-cao-thuong-nien-nam-2024.chn,1.0,2025-04-16,2025-04-17
VRE_2025,VRE,2025.0,2026-04-06 09:13:00,VRE: Báo cáo thường niên năm 2025,https://cafef.vn/du-lieu/VRE-2659815/vre-bao-cao-thuong-nien-nam-2025.chn,0.0,2026-04-06,2026-04-06
VTP_2019,VTP,2019.0,,,,,2020-03-30,
VTP_2020,VTP,2020.0,,,,,2021-04-13,
VTP_2021,VTP,2021.0,,,,,2022-04-19,
VTP_2022,VTP,2022.0,,,,,2023-04-17,
VTP_2023,VTP,2023.0,,,,,2024-04-16,
VTP_2024,VTP,2024.0,2025-04-21 16:48:00,VTP: Báo cáo thường niên năm 2024,https://cafef.vn/du-lieu/VTP-2178907/vtp-bao-cao-thuong-nien-nam-2024.chn,2.0,2025-04-18,2025-04-22
VTP_2025,VTP,2025.0,2026-04-21 08:55:00,VTP: Báo cáo thường niên năm 2025,https://cafef.vn/du-lieu/VTP-2671525/vtp-bao-cao-thuong-nien-nam-2025.chn,1.0,2026-04-20,2026-04-21
