thang,so_tin,so_ma,tin_moi_ma,hong
2016-04,8,1,8.0,False
2016-05,3,1,3.0,False
2016-06,5,2,2.5,False
2016-07,13,2,6.5,False
2016-08,5,3,1.67,False
2016-09,21,4,5.25,False
2016-10,84,10,8.4,False
2016-11,83,16,5.19,False
2016-12,157,19,8.26,False
2017-01,176,25,7.04,False
2017-02,242,32,7.56,False
2017-03,309,34,9.09,False
2017-04,375,36,10.42,False
2017-05,288,36,8.0,False
2017-06,291,36,8.08,False
2017-07,322,36,8.94,False
2017-08,251,36,6.97,False
2017-09,208,37,5.62,False
2017-10,269,37,7.27,False
2017-11,334,38,8.79,False
2017-12,370,43,8.6,False
2018-01,408,46,8.87,False
2018-02,335,48,6.98,False
2018-03,497,50,9.94,False
2018-04,553,50,11.06,False
2018-05,375,50,7.5,False
2018-06,310,51,6.08,False
2018-07,465,51,9.12,False
2018-08,317,53,5.98,False
2018-09,206,53,3.89,False
2018-10,223,53,4.21,False
2018-11,285,57,5.0,False
2018-12,373,60,6.22,False
2019-01,608,62,9.81,False
2019-02,401,64,6.27,False
2019-03,484,64,7.56,False
2019-04,643,64,10.05,False
2019-05,507,64,7.92,False
2019-06,445,64,6.95,False
2019-07,624,64,9.75,False
2019-08,474,64,7.41,False
2019-09,363,67,5.42,False
2019-10,435,67,6.49,False
2019-11,379,67,5.66,False
2019-12,520,67,7.76,False
2020-01,557,70,7.96,False
2020-02,492,71,6.93,False
2020-03,621,73,8.51,False
2020-04,826,73,11.32,False
2020-05,707,73,9.68,False
2020-06,764,73,10.47,False
2020-07,710,73,9.73,False
2020-08,592,73,8.11,False
2020-09,554,73,7.59,False
2020-10,662,73,9.07,False
2020-11,527,73,7.22,False
2020-12,741,73,10.15,False
2021-01,479,73,6.56,False
2021-02,527,74,7.12,False
2021-03,666,74,9.0,False
2021-04,768,74,10.38,False
2021-05,685,74,9.26,False
2021-06,611,74,8.26,False
2021-07,706,74,9.54,False
2021-08,623,74,8.42,False
2021-09,525,74,7.09,False
2021-10,557,74,7.53,False
2021-11,739,74,9.99,False
2021-12,751,76,9.88,False
2022-01,622,76,8.18,False
2022-02,137,78,1.76,True
2022-03,16,78,0.21,True
2022-04,897,78,11.5,False
2022-05,643,78,8.24,False
2022-06,554,78,7.1,False
2022-07,647,78,8.29,False
2022-08,745,78,9.55,False
2022-09,653,78,8.37,False
2022-10,684,78,8.77,False
2022-11,756,78,9.69,False
2022-12,819,78,10.5,False
2023-01,590,78,7.56,False
2023-02,644,78,8.26,False
2023-03,809,78,10.37,False
2023-04,1009,78,12.94,False
2023-05,671,78,8.6,False
2023-06,741,78,9.5,False
2023-07,776,78,9.95,False
2023-08,589,78,7.55,False
2023-09,473,78,6.06,False
2023-10,635,78,8.14,False
2023-11,508,78,6.51,False
2023-12,582,78,7.46,False
2024-01,696,78,8.92,False
2024-02,448,79,5.67,False
2024-03,672,79,8.51,False
2024-04,765,79,9.68,False
2024-05,691,79,8.75,False
2024-06,605,80,7.56,False
2024-07,676,80,8.45,False
2024-08,598,80,7.48,False
2024-09,485,81,5.99,False
2024-10,607,81,7.49,False
2024-11,499,81,6.16,False
2024-12,640,82,7.8,False
2025-01,710,85,8.35,False
2025-02,629,85,7.4,False
2025-03,720,86,8.37,False
2025-04,1061,86,12.34,False
2025-05,708,86,8.23,False
2025-06,737,86,8.57,False
2025-07,986,86,11.47,False
2025-08,840,88,9.55,False
2025-09,613,88,6.97,False
2025-10,755,88,8.58,False
2025-11,565,88,6.42,False
2025-12,764,89,8.58,False
2026-01,620,90,6.89,False
2026-02,458,90,5.09,False
2026-03,744,90,8.27,False
2026-04,1091,90,12.12,False
2026-05,741,90,8.23,False
2026-06,793,90,8.81,False
2026-07,1053,90,11.7,False
2026-08,827,90,9.19,False
2026-09,684,90,7.6,False
2026-10,14,90,0.16,False
