doc_id,ticker,year,n_pre_m10_m1,n_cbtt_pre_m10_m1,n_w0_3,n_cbtt_w0_3,n_w0_5,n_cbtt_w0_5,n_w0_10,n_cbtt_w0_10,kqkd_w0_5,dhdcd_w0_5,co_tuc_w0_5,bctn_w0_5,nhan_su_w0_5,chung_quyen_w0_5,gd_noi_bo_w0_5,cafef_gap
ACB_2023,ACB,2023,4,2,2,1,3,1,9,5,False,False,False,False,False,False,True,False
ACB_2022,ACB,2022,2,1,3,2,3,2,8,5,False,False,False,False,False,False,False,False
ACB_2024,ACB,2024,5,3,1,1,2,2,4,2,False,False,False,False,False,False,True,False
ACB_2025,ACB,2025,2,2,2,2,2,2,2,2,False,True,False,True,False,False,False,False
ACB_2021,ACB,2021,0,0,2,0,3,1,6,2,False,True,True,False,False,False,False,True
ACB_2019,ACB,2019,4,3,3,2,4,2,8,5,False,False,False,True,False,False,True,False
ACB_2020,ACB,2020,3,3,3,1,4,2,5,3,False,True,True,False,False,False,False,False
ACB_2018,ACB,2018,5,2,0,0,0,0,3,1,False,False,False,False,False,False,False,False
ACB_2016,ACB,2016,4,2,6,0,7,1,7,1,True,True,False,False,False,False,False,False
ACB_2017,ACB,2017,10,3,4,0,5,0,8,0,False,True,False,False,False,False,False,False
ANV_2019,ANV,2019,2,1,2,0,2,0,6,1,True,False,False,False,False,False,False,False
ANV_2018,ANV,2018,5,3,2,0,2,0,3,0,False,False,True,False,False,False,False,False
BAF_2025,BAF,2025,6,3,1,1,3,2,6,5,True,False,False,True,False,False,False,False
BAF_2024,BAF,2024,6,5,2,2,3,2,9,7,True,True,False,True,False,False,False,False
BCM_2025,BCM,2025,0,0,3,3,3,3,4,4,False,True,False,True,False,False,False,False
BAF_2023,BAF,2023,6,6,2,2,2,2,7,6,False,False,False,False,False,False,False,False
BCM_2023,BCM,2023,2,2,0,0,0,0,2,1,False,False,False,False,False,False,False,False
BCM_2024,BCM,2024,4,2,3,3,3,3,3,3,False,True,False,True,False,False,False,False
BCM_2022,BCM,2022,2,2,1,1,1,1,2,2,False,True,False,False,False,False,False,False
BCM_2021,BCM,2021,2,1,0,0,0,0,2,1,False,False,False,False,False,False,False,False
BID_2018,BID,2018,5,1,2,2,7,2,11,4,True,True,True,True,False,False,False,False
BID_2017,BID,2017,11,4,5,1,5,1,13,4,False,True,False,False,False,False,False,False
BMP_2025,BMP,2025,1,1,2,2,2,2,5,5,False,False,False,True,True,False,False,False
BMP_2024,BMP,2024,2,1,1,1,1,1,7,5,False,False,False,True,False,False,False,False
BMP_2023,BMP,2023,2,1,0,0,0,0,5,3,False,False,False,False,False,False,False,False
BMP_2021,BMP,2021,4,4,0,0,0,0,4,2,False,False,False,False,False,False,False,True
BMP_2019,BMP,2019,0,0,0,0,0,0,4,2,False,False,False,False,False,False,False,False
BID_2023,BID,2023,1,1,1,1,3,3,4,4,False,False,False,False,False,False,False,False
BMP_2016,BMP,2016,1,1,4,3,4,3,6,4,True,True,False,False,False,False,False,False
BMP_2017,BMP,2017,4,2,3,2,4,3,10,8,True,True,False,False,False,False,False,False
BSI_2024,BSI,2024,2,2,0,0,0,0,6,5,False,False,False,False,False,False,False,False
BSI_2023,BSI,2023,2,2,0,0,1,0,4,2,True,False,False,False,False,False,False,False
BSI_2025,BSI,2025,1,0,1,1,5,5,5,5,False,True,False,True,True,False,False,False
BSI_2021,BSI,2021,1,1,3,2,3,2,8,5,True,True,True,False,False,False,False,True
BSI_2019,BSI,2019,1,1,0,0,0,0,0,0,False,False,False,False,False,False,False,False
BSI_2018,BSI,2018,1,1,2,2,3,3,3,3,False,True,False,False,True,False,False,False
BSI_2017,BSI,2017,1,1,0,0,0,0,4,4,False,False,False,False,False,False,False,False
BSR_2025,BSR,2025,1,1,7,2,9,4,11,6,True,True,False,True,True,False,False,False
BSR_2023,BSR,2023,1,1,0,0,0,0,0,0,False,False,False,False,False,False,False,False
BSR_2024,BSR,2024,1,1,1,1,1,1,5,3,False,False,False,True,False,False,False,False
BSR_2022,BSR,2022,8,2,2,1,2,1,2,1,False,False,False,False,False,False,False,False
BSR_2020,BSR,2020,5,3,0,0,0,0,1,0,False,False,False,False,False,False,False,False
BSI_2020,BSI,2020,2,1,0,0,0,0,0,0,False,False,False,False,False,False,False,False
BSR_2019,BSR,2019,3,3,0,0,0,0,4,3,False,False,False,False,False,False,False,False
BSR_2018,BSR,2018,1,1,1,0,2,1,2,1,False,True,False,False,False,False,False,False
BVH_2025,BVH,2025,1,1,2,2,2,2,5,4,False,False,False,True,False,False,False,False
BVH_2020,BVH,2020,3,3,0,0,0,0,2,2,False,False,False,False,False,False,False,False
BVH_2019,BVH,2019,3,3,7,6,9,8,10,9,True,False,False,True,False,False,False,False
BVH_2018,BVH,2018,7,5,2,1,4,3,6,5,False,False,False,False,False,False,True,False
BWE_2024,BWE,2024,0,0,3,3,3,3,3,3,False,True,False,False,False,False,False,False
BWE_2025,BWE,2025,0,0,3,3,4,4,7,7,False,True,False,True,False,False,False,False
BSR_2021,BSR,2021,1,0,0,0,0,0,0,0,False,False,False,False,False,False,False,True
CII_2024,CII,2024,6,6,1,1,7,6,9,7,False,True,True,True,False,False,False,False
CII_2025,CII,2025,5,3,1,1,1,1,4,3,False,False,False,True,False,False,False,False
CII_2021,CII,2021,8,6,1,0,2,1,7,5,False,False,False,False,False,False,False,True
CII_2020,CII,2020,5,3,7,4,12,9,14,11,True,False,True,False,False,False,True,False
CMG_2024,CMG,2024,9,9,6,5,9,8,15,14,False,True,False,True,True,False,True,False
CMG_2023,CMG,2023,3,3,2,2,4,4,8,8,True,True,False,True,True,False,False,False
CII_2018,CII,2018,4,4,3,3,3,3,6,5,False,True,False,False,False,False,False,False
CMG_2020,CMG,2020,1,1,2,2,8,8,11,11,True,True,False,False,True,False,False,False
CMG_2019,CMG,2019,1,1,1,1,1,1,1,1,False,True,False,False,False,False,False,False
CII_2017,CII,2017,5,5,0,0,0,0,7,7,False,False,False,False,False,False,False,False
CII_2016,CII,2016,6,4,1,1,3,2,5,4,False,True,False,False,False,False,False,False
CTD_2019,CTD,2019,3,2,4,0,6,1,13,2,False,True,False,False,False,False,True,False
CTD_2017,CTD,2017,1,1,2,1,3,2,5,4,True,True,False,False,False,False,False,False
CTG_2025,CTG,2025,3,3,2,1,6,5,8,6,False,True,False,True,True,False,False,False
CTG_2024,CTG,2024,4,3,1,1,3,3,3,3,True,True,False,False,False,False,False,False
CTG_2023,CTG,2023,2,1,2,2,3,3,8,7,True,False,False,False,True,False,False,False
CTG_2022,CTG,2022,4,4,5,4,6,5,15,13,False,True,False,False,True,False,False,False
CTG_2021,CTG,2021,11,9,0,0,1,1,11,9,False,False,False,False,False,False,False,False
CTG_2019,CTG,2019,2,2,2,2,2,2,2,2,True,False,False,True,False,False,False,False
CTD_2018,CTD,2018,1,1,2,1,2,1,7,2,False,True,False,False,False,False,False,False
CTG_2017,CTG,2017,5,1,2,0,5,1,10,4,True,True,False,False,False,False,False,False
CTR_2025,CTR,2025,2,1,1,1,1,1,2,1,False,False,False,True,False,False,False,False
CTR_2024,CTR,2024,3,2,1,1,2,1,6,4,False,False,False,True,False,False,False,False
CTG_2018,CTG,2018,6,2,10,4,11,5,20,7,True,True,True,False,True,False,False,False
CTR_2023,CTR,2023,2,1,1,1,3,1,3,1,False,False,False,True,False,False,False,False
CTR_2020,CTR,2020,4,2,3,1,4,1,8,5,True,True,False,False,False,False,False,False
CTR_2022,CTR,2022,2,1,0,0,0,0,1,1,False,False,False,False,False,False,False,False
CTR_2019,CTR,2019,4,3,3,2,7,6,7,6,False,True,False,True,False,False,True,False
CTS_2025,CTS,2025,4,4,2,2,3,3,4,4,False,True,False,True,False,False,False,False
CTS_2024,CTS,2024,1,0,1,1,1,1,3,3,False,False,False,False,False,False,False,False
CTS_2022,CTS,2022,6,6,0,0,0,0,1,1,False,False,False,False,False,False,False,False
CTS_2021,CTS,2021,1,1,0,0,1,0,4,3,False,False,False,False,False,False,False,True
CTS_2019,CTS,2019,1,1,4,2,4,2,6,3,False,False,False,True,False,False,False,False
CTS_2020,CTS,2020,0,0,0,0,0,0,1,0,False,False,False,False,False,False,False,False
DBC_2025,DBC,2025,1,1,2,2,2,2,6,6,False,False,False,True,False,False,False,False
DBC_2022,DBC,2022,4,2,1,0,3,2,7,3,False,True,False,False,False,False,False,False
CTS_2017,CTS,2017,2,1,0,0,0,0,2,1,False,False,False,False,False,False,False,False
DBC_2020,DBC,2020,1,0,2,2,3,3,3,3,False,True,False,False,True,False,False,False
DBC_2017,DBC,2017,5,3,0,0,0,0,0,0,False,False,False,False,False,False,False,False
DBC_2016,DBC,2016,3,3,1,1,1,1,1,1,False,False,False,True,False,False,False,False
DBC_2019,DBC,2019,7,3,2,1,2,1,5,3,False,False,True,False,False,False,False,False
DCM_2023,DCM,2023,0,0,0,0,0,0,2,2,False,False,False,False,False,False,False,False
DCM_2022,DCM,2022,3,2,0,0,0,0,0,0,False,False,False,False,False,False,False,False
DCM_2017,DCM,2017,2,2,0,0,0,0,0,0,False,False,False,False,False,False,False,False
DCM_2018,DCM,2018,2,2,0,0,0,0,3,3,False,False,False,False,False,False,False,False
DCM_2024,DCM,2024,0,0,1,0,1,0,2,1,False,False,False,False,False,False,False,False
DCM_2016,DCM,2016,2,2,0,0,1,0,2,0,False,False,False,False,False,False,False,False
DGW_2023,DGW,2023,0,0,1,1,4,4,11,6,False,True,False,True,False,False,False,False
DGW_2018,DGW,2018,2,2,4,3,8,6,9,7,True,True,False,True,False,False,False,False
DGW_2016,DGW,2016,3,1,1,1,1,1,3,2,False,True,False,False,False,False,False,False
DIG_2025,DIG,2025,5,4,2,2,2,2,6,5,False,False,False,True,False,False,False,False
DIG_2024,DIG,2024,4,3,12,9,19,15,23,17,False,True,False,True,False,False,True,False
DIG_2021,DIG,2021,10,6,5,4,7,5,12,8,False,False,False,False,False,False,False,False
DIG_2016,DIG,2016,3,2,2,2,3,3,6,5,False,True,False,False,False,False,True,False
DPM_2025,DPM,2025,4,1,1,1,1,1,6,4,False,False,False,True,False,False,False,False
DPM_2024,DPM,2024,4,4,0,0,1,1,5,5,False,False,False,True,False,False,False,False
DPM_2022,DPM,2022,3,2,1,0,3,2,4,3,False,True,False,False,False,False,False,False
DPM_2021,DPM,2021,4,4,2,1,4,1,6,1,True,True,False,False,False,False,False,False
DPM_2020,DPM,2020,5,4,1,1,1,1,6,5,False,False,False,True,False,False,False,False
DPM_2019,DPM,2019,9,5,4,2,7,4,9,5,True,False,True,True,True,True,False,False
DPM_2018,DPM,2018,3,2,0,0,0,0,4,3,False,False,False,False,False,False,False,False
DXG_2024,DXG,2024,3,3,2,1,3,2,7,4,True,False,True,True,False,False,True,False
DXG_2021,DXG,2021,1,1,0,0,2,2,5,3,False,True,False,False,False,False,False,True
DXG_2020,DXG,2020,2,1,0,0,0,0,2,2,False,False,False,False,False,False,False,False
DXG_2019,DXG,2019,3,2,0,0,1,1,3,2,False,False,False,False,False,False,False,False
DXG_2018,DXG,2018,5,4,3,3,5,4,6,5,False,True,True,False,False,False,True,False
DXG_2016,DXG,2016,16,11,8,6,11,8,12,8,True,True,False,False,True,False,False,False
EIB_2025,EIB,2025,3,3,1,1,1,1,10,9,False,False,False,True,False,False,False,False
EIB_2024,EIB,2024,2,1,2,1,2,1,11,9,False,True,False,True,False,False,False,False
EIB_2023,EIB,2023,2,1,0,0,1,1,6,5,False,False,False,False,True,False,False,False
EIB_2021,EIB,2021,2,1,1,0,2,1,9,7,False,False,False,False,False,False,False,False
EIB_2017,EIB,2017,12,6,2,1,3,1,13,2,False,False,False,False,False,False,False,False
EIB_2016,EIB,2016,10,4,7,1,8,2,10,2,False,True,False,False,True,False,False,False
EIB_2018,EIB,2018,8,2,2,0,3,1,10,3,False,False,False,False,False,False,False,False
FPT_2025,FPT,2025,5,2,3,2,5,3,13,8,False,True,False,True,False,False,True,False
FPT_2024,FPT,2024,15,3,2,1,4,1,14,2,True,False,False,False,False,False,True,False
FPT_2023,FPT,2023,9,4,3,0,3,0,6,1,True,False,False,False,False,False,False,False
FPT_2022,FPT,2022,7,2,2,0,2,0,10,3,False,False,False,False,False,False,False,False
FPT_2021,FPT,2021,0,0,0,0,0,0,2,0,False,False,False,False,False,False,False,True
FPT_2019,FPT,2019,4,3,2,1,2,1,13,11,False,True,False,False,False,False,False,False
FPT_2018,FPT,2018,9,6,1,1,1,1,6,4,False,False,False,False,False,False,False,False
FPT_2017,FPT,2017,5,3,0,0,1,0,11,6,False,False,False,False,False,False,False,False
FPT_2020,FPT,2020,10,9,2,2,5,4,9,8,False,False,False,False,False,True,False,False
FPT_2016,FPT,2016,8,3,3,1,6,3,10,6,True,False,False,False,False,False,True,False
FRT_2025,FRT,2025,3,1,2,1,5,2,8,3,False,True,True,True,False,False,False,False
FRT_2024,FRT,2024,1,1,0,0,0,0,2,1,False,False,False,False,False,False,False,False
FRT_2023,FRT,2023,4,1,2,1,2,1,4,3,False,False,False,False,False,False,False,False
FRT_2021,FRT,2021,0,0,0,0,1,1,2,2,False,True,False,False,False,False,False,True
FRT_2020,FRT,2020,4,3,1,1,2,1,8,5,True,True,False,False,False,False,False,False
FRT_2019,FRT,2019,5,4,1,1,3,2,5,3,False,True,False,False,False,False,False,False
FRT_2022,FRT,2022,11,5,2,1,2,1,7,2,False,False,False,False,False,False,False,False
FTS_2025,FTS,2025,1,1,1,1,2,2,6,5,False,True,False,True,False,False,False,False
FTS_2023,FTS,2023,3,2,0,0,0,0,5,5,False,False,False,False,False,False,False,False
FTS_2021,FTS,2021,5,5,0,0,0,0,0,0,False,False,False,False,False,False,False,True
FTS_2019,FTS,2019,3,3,6,5,7,6,9,7,False,True,False,False,True,False,False,False
FTS_2018,FTS,2018,5,4,3,2,3,2,5,4,False,True,False,False,False,False,False,False
FTS_2024,FTS,2024,2,1,3,3,4,4,4,4,False,True,False,False,False,False,False,False
GAS_2023,GAS,2023,6,4,1,1,1,1,3,3,False,False,False,True,False,False,False,False
GAS_2022,GAS,2022,2,0,1,0,1,0,1,0,True,False,False,False,False,False,False,False
GAS_2016,GAS,2016,11,9,3,1,5,2,8,4,False,True,False,False,False,False,True,False
GEE_2024,GEE,2024,4,3,5,3,7,5,9,7,True,True,False,False,True,False,False,False
GEE_2025,GEE,2025,3,3,2,2,3,3,7,6,False,True,False,True,False,False,False,False
GEX_2025,GEX,2025,4,3,1,1,1,1,8,6,False,False,False,True,False,False,False,False
GEX_2024,GEX,2024,7,4,2,1,3,1,11,6,False,False,False,False,False,False,False,False
GEX_2022,GEX,2022,6,4,1,1,1,1,1,1,False,False,False,False,False,False,False,False
GEX_2023,GEX,2023,2,1,1,0,1,0,3,2,False,False,False,False,False,False,False,False
GEX_2018,GEX,2018,6,4,3,3,3,3,7,6,False,True,False,False,False,False,False,False
GMD_2025,GMD,2025,3,3,2,2,3,3,5,4,False,False,False,True,False,False,False,False
GMD_2024,GMD,2024,13,11,1,1,1,1,2,2,False,False,False,True,False,False,False,False
GMD_2023,GMD,2023,7,7,1,1,3,3,4,3,False,False,False,False,False,False,True,False
GMD_2021,GMD,2021,4,3,0,0,2,1,3,2,False,True,False,False,False,False,False,False
GMD_2018,GMD,2018,8,6,0,0,2,2,6,3,False,True,False,False,True,False,False,False
GMD_2017,GMD,2017,2,2,0,0,0,0,0,0,False,False,False,False,False,False,False,False
GMD_2016,GMD,2016,4,4,0,0,0,0,2,1,False,False,False,False,False,False,False,False
GMD_2020,GMD,2020,2,2,0,0,1,1,3,2,False,False,False,False,False,False,True,False
GVR_2024,GVR,2024,3,2,4,4,4,4,4,4,False,True,False,True,False,False,False,False
GVR_2023,GVR,2023,1,1,0,0,1,1,3,3,False,True,False,False,False,False,False,False
GVR_2025,GVR,2025,1,1,3,2,3,2,5,3,False,True,False,True,True,False,False,False
GVR_2021,GVR,2021,0,0,1,1,3,2,5,3,False,True,False,False,False,False,True,False
GVR_2020,GVR,2020,3,3,1,1,1,1,3,2,False,False,False,False,False,False,False,False
GVR_2018,GVR,2018,2,2,0,0,0,0,0,0,False,False,False,False,False,False,False,False
HAG_2025,HAG,2025,1,0,7,4,8,4,12,6,False,True,True,True,False,False,True,False
HAG_2024,HAG,2024,9,3,1,1,2,2,3,2,False,True,False,True,False,False,False,False
GVR_2022,GVR,2022,0,0,2,2,2,2,3,3,False,True,False,False,False,False,False,False
HAG_2020,HAG,2020,5,4,4,1,5,2,10,5,True,True,False,False,False,False,True,False
HAG_2019,HAG,2019,5,1,1,0,1,0,3,2,True,False,False,False,False,False,False,False
HAG_2018,HAG,2018,7,3,2,0,3,0,10,2,True,False,False,False,False,False,False,False
HAG_2017,HAG,2017,6,5,4,2,8,4,11,5,True,False,False,False,False,False,False,False
HAG_2016,HAG,2016,9,4,3,1,9,4,15,5,False,True,False,False,False,False,True,False
HCM_2025,HCM,2025,1,1,1,1,2,2,5,4,False,False,False,True,False,False,False,False
HAG_2021,HAG,2021,0,0,3,1,4,2,11,5,False,True,False,False,True,False,False,True
HCM_2023,HCM,2023,6,6,5,4,10,9,12,11,True,True,True,False,False,False,True,False
HCM_2024,HCM,2024,1,1,2,1,2,1,3,2,True,True,False,False,False,False,False,False
HCM_2022,HCM,2022,5,4,3,3,4,4,5,5,False,True,False,False,True,False,False,False
HCM_2020,HCM,2020,9,8,4,4,4,4,12,9,False,True,False,True,False,False,False,False
HCM_2021,HCM,2021,5,4,2,2,2,2,5,4,False,False,False,False,False,False,False,True
HCM_2019,HCM,2019,6,5,4,3,4,3,4,3,True,False,False,True,False,False,False,False
HCM_2017,HCM,2017,5,2,0,0,3,2,9,5,False,False,False,False,False,False,True,False
HCM_2018,HCM,2018,3,2,1,0,1,0,8,5,False,False,False,False,False,False,False,False
HCM_2016,HCM,2016,4,0,3,1,4,2,5,3,False,True,True,False,False,False,False,False
HDB_2025,HDB,2025,5,3,4,3,12,7,14,8,True,True,False,True,False,False,False,False
HDB_2022,HDB,2022,6,4,6,4,9,6,12,7,False,True,True,True,True,False,False,False
HDB_2021,HDB,2021,9,3,1,1,2,2,11,5,False,False,False,False,False,False,False,False
HDB_2018,HDB,2018,7,4,5,3,6,4,14,6,False,True,True,True,False,False,False,False
HDB_2020,HDB,2020,11,6,2,1,2,1,6,3,False,False,False,False,False,False,False,False
HDG_2025,HDG,2025,1,1,2,1,4,2,6,4,False,True,False,True,False,False,False,False
HDG_2024,HDG,2024,4,3,2,2,4,3,7,5,True,True,False,True,False,False,False,False
HDG_2023,HDG,2023,0,0,0,0,4,2,8,5,True,True,True,False,False,False,False,False
HDG_2019,HDG,2019,5,4,1,1,1,1,6,4,True,False,False,False,False,False,False,False
HHV_2025,HHV,2025,4,4,1,1,4,3,5,4,False,True,False,True,False,False,False,False
HHV_2024,HHV,2024,5,4,1,1,2,2,9,6,False,True,False,True,False,False,False,False
HPG_2025,HPG,2025,5,1,7,1,16,3,27,8,True,False,False,True,False,False,False,False
HPG_2024,HPG,2024,12,3,15,4,16,5,25,8,True,True,True,True,False,False,False,False
HPG_2023,HPG,2023,5,2,11,3,13,3,14,4,False,True,False,False,True,False,False,False
HPG_2019,HPG,2019,12,11,11,9,17,13,23,17,True,False,False,False,False,True,True,False
HPG_2016,HPG,2016,14,5,6,2,11,4,16,7,True,True,True,False,False,False,True,False
HSG_2024,HSG,2024,1,1,1,0,1,0,6,3,False,False,False,False,False,False,False,False
HSG_2025,HSG,2025,1,1,1,1,2,1,3,2,False,False,False,True,False,False,False,False
HSG_2023,HSG,2023,8,4,2,0,2,0,3,0,True,False,False,False,False,False,False,False
HPG_2017,HPG,2017,7,1,6,1,6,1,7,2,True,True,False,False,False,False,False,False
HSG_2019,HSG,2019,4,2,6,3,6,3,9,6,True,True,False,False,False,False,True,False
HPG_2018,HPG,2018,8,3,0,0,1,0,4,3,True,True,False,False,False,False,False,False
HSG_2021,HSG,2021,1,1,2,2,2,2,4,4,False,True,False,False,False,False,False,False
HSG_2017,HSG,2017,5,5,4,4,9,9,11,11,True,True,False,True,True,False,False,False
HSG_2016,HSG,2016,9,8,6,4,8,6,11,9,True,True,False,False,False,False,True,False
HT1_2025,HT1,2025,2,2,1,1,1,1,2,2,False,False,False,True,False,False,False,False
HSG_2022,HSG,2022,0,0,3,0,6,2,6,2,True,False,False,False,False,False,False,False
HSG_2018,HSG,2018,17,13,6,3,7,4,8,5,False,True,False,False,False,False,True,False
HT1_2021,HT1,2021,0,0,2,1,3,2,5,3,False,True,False,True,False,False,False,True
HT1_2024,HT1,2024,1,1,1,1,2,2,5,5,False,True,False,False,True,False,False,False
HT1_2019,HT1,2019,0,0,3,1,3,1,3,1,True,False,False,False,False,False,False,False
HT1_2018,HT1,2018,0,0,1,0,1,0,2,1,False,False,False,False,False,False,False,False
HT1_2016,HT1,2016,1,1,1,1,1,1,2,2,True,False,False,False,False,False,False,False
HT1_2017,HT1,2017,1,1,0,0,0,0,3,3,False,False,False,False,False,False,False,False
KBC_2020,KBC,2020,6,3,2,0,3,1,4,2,False,False,False,False,False,False,False,False
KDC_2025,KDC,2025,1,1,2,2,2,2,7,5,False,False,False,True,False,False,True,False
KDC_2024,KDC,2024,2,2,4,4,5,5,7,6,False,True,False,True,False,False,True,False
KDC_2023,KDC,2023,2,2,0,0,0,0,4,3,False,False,False,False,False,False,False,False
KDC_2021,KDC,2021,0,0,0,0,0,0,1,0,False,False,False,False,False,False,False,True
KDC_2019,KDC,2019,1,1,2,1,4,3,10,7,True,True,False,False,False,False,False,False
KDC_2018,KDC,2018,0,0,4,2,5,3,8,5,True,True,False,False,False,False,False,False
KDC_2017,KDC,2017,4,2,3,1,3,1,4,1,True,True,False,False,False,False,False,False
KDH_2025,KDH,2025,11,10,2,2,2,2,6,6,False,False,False,True,False,False,False,False
KDH_2024,KDH,2024,10,10,13,12,13,12,14,13,False,False,False,False,False,False,True,False
KDC_2016,KDC,2016,4,3,2,1,3,2,7,5,False,False,False,False,False,False,True,False
KDH_2023,KDH,2023,11,7,1,1,2,2,5,4,False,False,False,False,False,False,False,False
KDH_2021,KDH,2021,9,8,1,1,1,1,5,5,False,False,False,False,False,False,False,True
KDH_2022,KDH,2022,11,7,3,1,3,1,4,2,False,False,False,False,False,False,False,False
KDH_2019,KDH,2019,1,1,2,1,3,2,3,2,False,False,False,False,True,False,True,False
KDH_2018,KDH,2018,2,1,0,0,0,0,4,3,False,False,False,False,False,False,False,False
KDH_2016,KDH,2016,6,5,1,0,3,1,6,3,True,True,False,False,False,False,False,False
KDH_2017,KDH,2017,2,2,0,0,1,0,4,1,False,False,False,False,False,False,False,False
KOS_2025,KOS,2025,1,1,2,2,2,2,5,5,False,False,False,True,False,False,False,False
KOS_2024,KOS,2024,4,4,2,2,2,2,4,4,False,False,False,True,True,False,False,False
KOS_2023,KOS,2023,3,3,2,2,2,2,3,3,False,True,False,False,False,False,False,False
KOS_2021,KOS,2021,0,0,0,0,0,0,2,2,False,False,False,False,False,False,False,False
KOS_2018,KOS,2018,3,3,2,2,3,3,3,3,False,False,False,False,False,False,False,False
KOS_2019,KOS,2019,2,2,2,2,2,2,3,3,True,True,False,False,False,False,False,False
LPB_2024,LPB,2024,2,2,3,3,4,4,8,6,True,False,False,True,True,False,False,False
LPB_2025,LPB,2025,2,2,2,2,7,5,17,15,False,True,True,True,True,False,False,False
LPB_2022,LPB,2022,15,11,7,6,20,18,29,27,True,True,False,False,True,False,True,False
LPB_2021,LPB,2021,2,1,21,20,28,26,39,33,False,False,False,False,False,False,True,False
MBB_2024,MBB,2024,8,8,4,4,8,7,11,10,False,True,False,True,False,False,True,False
MBB_2023,MBB,2023,4,3,0,0,1,0,14,10,False,False,False,False,False,False,False,False
MBB_2021,MBB,2021,0,0,0,0,0,0,6,3,False,False,False,False,False,False,False,True
MBB_2020,MBB,2020,7,5,1,0,4,3,7,6,False,False,False,False,False,True,False,False
MBB_2018,MBB,2018,6,5,2,0,2,0,11,4,True,False,True,False,False,False,False,False
MBB_2016,MBB,2016,6,5,2,1,2,1,11,4,False,False,False,False,False,False,False,False
MBB_2017,MBB,2017,12,6,4,2,7,2,17,6,True,True,True,False,False,False,False,False
MCH_2025,MCH,2025,3,1,3,2,3,2,5,3,False,False,False,True,False,False,False,False
MCH_2018,MCH,2018,1,1,3,0,4,0,8,1,True,False,False,False,False,False,False,False
MCH_2017,MCH,2017,3,2,0,0,0,0,3,2,False,False,False,False,False,False,False,False
MSB_2025,MSB,2025,7,6,2,1,5,4,6,5,False,True,False,True,True,False,False,False
MSB_2024,MSB,2024,4,4,5,5,9,9,10,10,False,True,False,True,False,False,True,False
MSN_2023,MSN,2023,8,4,7,6,7,6,10,8,True,True,False,False,True,False,False,False
MSN_2018,MSN,2018,1,0,4,1,5,2,10,5,False,False,False,False,False,False,True,False
MSN_2017,MSN,2017,4,3,2,1,2,1,5,3,False,False,False,True,False,False,False,False
MSN_2016,MSN,2016,6,3,2,1,3,1,9,4,False,True,False,False,False,False,False,False
MWG_2025,MWG,2025,12,5,8,4,9,4,10,4,False,True,True,True,False,False,True,False
MWG_2022,MWG,2022,6,1,6,1,7,1,14,3,True,False,True,False,False,False,False,False
MWG_2024,MWG,2024,5,2,10,7,14,10,17,13,True,True,True,False,True,False,True,False
MWG_2020,MWG,2020,7,6,3,2,4,3,8,7,True,True,False,False,False,True,False,False
MWG_2021,MWG,2021,1,1,7,1,9,2,18,5,True,False,False,False,False,False,True,True
MWG_2019,MWG,2019,15,11,8,5,10,5,21,12,False,False,False,False,False,True,True,False
MWG_2018,MWG,2018,5,1,4,2,10,6,13,8,True,True,False,False,True,False,False,False
NKG_2025,NKG,2025,4,2,3,2,3,2,8,6,False,False,False,True,False,False,True,False
NKG_2024,NKG,2024,4,1,5,5,7,6,15,13,False,False,False,True,False,False,False,False
NKG_2023,NKG,2023,6,3,0,0,2,2,3,3,False,True,False,False,True,False,False,False
NKG_2022,NKG,2022,5,3,1,0,1,0,3,1,False,False,False,False,False,False,False,False
NKG_2021,NKG,2021,5,3,0,0,0,0,4,2,False,False,False,False,False,False,False,True
NKG_2019,NKG,2019,4,2,2,0,3,1,3,1,True,True,False,False,False,False,False,False
NKG_2020,NKG,2020,1,0,7,5,7,5,9,6,False,True,False,False,False,False,False,False
NLG_2025,NLG,2025,1,1,2,2,3,3,5,5,False,True,False,True,False,False,False,False
NLG_2024,NLG,2024,5,2,2,2,2,2,3,2,False,True,False,False,False,False,False,False
NLG_2023,NLG,2023,10,10,1,1,1,1,4,3,False,False,False,False,False,False,False,False
NLG_2021,NLG,2021,2,2,1,0,2,1,3,1,False,False,False,False,False,False,True,True
NLG_2022,NLG,2022,6,4,4,2,7,5,10,6,True,True,False,False,False,False,True,False
NLG_2020,NLG,2020,3,2,1,1,2,1,5,4,False,True,False,False,False,False,False,False
NLG_2018,NLG,2018,2,1,2,0,2,0,5,3,False,False,False,False,False,False,False,False
NLG_2017,NLG,2017,6,6,1,1,1,1,3,3,False,True,False,False,False,False,False,False
NLG_2016,NLG,2016,2,1,1,0,1,0,1,0,True,False,False,False,False,False,False,False
NLG_2019,NLG,2019,6,3,2,1,2,1,4,3,False,False,False,False,False,False,False,False
NT2_2025,NT2,2025,1,0,1,1,1,1,1,1,False,False,False,True,False,False,False,False
NT2_2024,NT2,2024,0,0,1,1,1,1,7,7,False,True,False,False,False,False,False,False
NT2_2023,NT2,2023,0,0,0,0,2,1,4,3,False,True,False,False,False,False,False,False
NT2_2022,NT2,2022,8,5,1,1,1,1,1,1,False,True,False,False,False,False,False,False
NT2_2021,NT2,2021,0,0,0,0,0,0,1,0,False,False,False,False,False,False,False,True
NT2_2019,NT2,2019,1,1,2,1,2,1,2,1,False,True,False,False,False,False,False,False
NVL_2025,NVL,2025,16,8,8,3,13,5,23,12,True,True,False,True,False,False,True,False
NT2_2016,NT2,2016,4,3,1,0,2,1,4,3,False,True,False,False,False,False,False,False
NVL_2024,NVL,2024,7,3,7,2,9,4,15,5,True,True,False,False,True,False,True,False
NVL_2023,NVL,2023,16,6,12,4,13,4,21,7,True,True,False,False,True,False,True,False
NT2_2018,NT2,2018,0,0,2,2,2,2,4,4,False,True,False,False,False,False,False,False
NVL_2020,NVL,2020,10,8,6,4,6,4,12,10,False,True,False,False,False,False,False,False
NVL_2019,NVL,2019,9,7,8,7,9,7,13,9,False,True,False,False,False,False,True,False
NVL_2017,NVL,2017,9,7,4,3,8,6,11,9,True,True,False,False,False,False,False,False
NVL_2021,NVL,2021,0,0,0,0,0,0,0,0,False,False,False,False,False,False,False,True
NVL_2018,NVL,2018,3,2,2,2,5,2,10,5,True,True,False,True,False,False,False,False
OCB_2025,OCB,2025,3,2,5,5,10,7,11,8,True,True,False,True,True,False,False,False
OCB_2021,OCB,2021,0,0,3,2,5,3,9,5,True,True,False,False,False,False,False,True
PAN_2025,PAN,2025,3,0,8,4,8,4,9,5,True,True,True,True,False,False,False,False
PAN_2024,PAN,2024,1,0,2,2,5,3,5,3,False,True,False,True,False,False,False,False
PAN_2023,PAN,2023,0,0,1,1,1,1,5,4,False,False,False,False,False,False,False,False
PAN_2021,PAN,2021,2,1,0,0,5,5,5,5,False,True,False,False,True,False,False,False
PAN_2017,PAN,2017,3,2,6,5,6,5,6,5,False,True,False,False,True,False,False,False
PC1_2025,PC1,2025,0,0,4,3,9,5,12,6,False,True,False,True,False,False,False,False
PAN_2016,PAN,2016,3,2,0,0,1,1,3,3,False,True,False,False,False,False,False,False
PC1_2023,PC1,2023,2,2,1,1,1,1,5,4,False,True,False,False,False,False,False,False
PC1_2024,PC1,2024,3,2,1,1,5,4,7,5,False,True,False,True,True,False,False,False
PC1_2021,PC1,2021,0,0,3,2,3,2,3,2,True,True,False,False,False,False,False,False
PC1_2022,PC1,2022,4,4,0,0,0,0,3,2,False,False,False,False,False,False,False,False
PC1_2016,PC1,2016,4,2,3,2,3,2,3,2,True,True,False,False,False,False,False,False
PDR_2025,PDR,2025,4,3,6,3,7,3,9,5,False,True,False,True,False,False,False,False
PDR_2024,PDR,2024,7,6,8,8,11,10,15,13,True,True,False,True,True,False,False,False
PDR_2023,PDR,2023,2,1,3,0,4,1,6,1,True,True,False,False,False,False,False,False
PDR_2020,PDR,2020,7,4,1,1,5,4,8,6,False,True,True,False,False,False,False,False
PDR_2018,PDR,2018,9,7,1,0,3,1,10,6,False,False,False,False,False,False,False,False
PDR_2017,PDR,2017,12,10,3,3,8,8,13,13,False,True,False,False,True,False,False,False
OCB_2024,OCB,2024,7,7,0,0,0,0,0,0,False,False,False,False,False,False,False,False
PDR_2021,PDR,2021,0,0,0,0,0,0,0,0,False,False,False,False,False,False,False,True
PLX_2025,PLX,2025,4,2,1,1,6,5,18,7,True,True,False,True,True,False,False,False
PNJ_2025,PNJ,2025,10,7,6,4,8,5,10,7,True,False,False,True,False,False,False,False
PNJ_2024,PNJ,2024,4,2,4,4,7,5,13,10,True,False,False,True,False,False,False,False
PNJ_2021,PNJ,2021,2,2,2,2,2,2,12,10,False,False,False,False,True,False,False,True
PNJ_2020,PNJ,2020,4,4,5,4,5,4,9,8,True,True,False,False,False,False,True,False
PNJ_2019,PNJ,2019,15,10,5,2,8,5,13,9,False,False,True,False,False,True,False,False
PNJ_2018,PNJ,2018,3,3,3,2,3,2,4,3,True,True,False,True,False,False,False,False
PNJ_2017,PNJ,2017,8,3,4,3,4,3,7,6,False,False,False,True,False,False,False,False
PNJ_2016,PNJ,2016,3,2,3,1,4,2,8,6,True,False,False,False,False,False,True,False
POW_2025,POW,2025,0,0,1,1,2,2,2,2,False,True,False,True,False,False,False,False
POW_2024,POW,2024,1,1,4,2,7,5,8,6,True,True,False,True,True,False,False,False
POW_2023,POW,2023,2,2,1,0,1,0,3,2,False,False,False,False,False,False,False,False
POW_2022,POW,2022,4,0,2,1,2,1,3,1,True,True,False,False,False,False,False,False
POW_2020,POW,2020,2,1,0,0,2,1,3,2,True,False,False,False,False,False,False,False
POW_2021,POW,2021,0,0,3,1,3,1,6,4,True,False,False,True,False,False,False,True
POW_2018,POW,2018,1,1,1,1,1,1,6,5,False,True,False,False,False,False,False,False
POW_2019,POW,2019,4,3,3,2,3,2,4,3,False,True,False,False,True,False,False,False
PVD_2023,PVD,2023,3,2,3,2,5,4,10,9,True,True,False,False,True,False,True,False
PVD_2022,PVD,2022,2,2,2,1,2,1,3,2,False,False,False,False,False,False,False,False
PVD_2021,PVD,2021,3,2,3,2,4,2,6,3,True,False,True,False,True,False,False,False
PVD_2020,PVD,2020,1,1,0,0,1,1,3,2,False,True,False,False,False,False,False,False
PVD_2019,PVD,2019,2,2,2,1,3,2,6,4,False,False,False,True,False,False,False,False
PVD_2018,PVD,2018,5,3,0,0,1,0,4,2,True,False,False,False,False,False,False,False
PVD_2017,PVD,2017,1,1,2,2,4,3,7,6,True,False,False,True,False,False,False,False
PVD_2016,PVD,2016,7,5,2,2,6,4,9,4,True,True,False,False,False,False,False,False
PVT_2025,PVT,2025,0,0,2,2,2,2,5,5,False,False,False,True,False,False,False,False
PVT_2024,PVT,2024,3,2,0,0,0,0,0,0,False,False,False,False,False,False,False,False
PVT_2023,PVT,2023,3,2,0,0,2,2,4,4,False,False,True,False,False,False,False,False
PVT_2022,PVT,2022,0,0,1,0,3,2,3,2,True,True,False,False,True,False,False,False
PVD_2025,PVD,2025,2,2,5,4,6,5,10,7,False,True,False,True,True,False,False,False
PVT_2019,PVT,2019,3,3,0,0,0,0,1,1,False,False,False,False,False,False,False,False
PVT_2016,PVT,2016,0,0,3,2,3,2,3,2,False,True,False,False,True,False,False,False
REE_2025,REE,2025,5,4,1,1,2,2,6,6,False,True,False,True,False,False,False,False
REE_2024,REE,2024,9,8,1,1,3,1,4,1,True,True,False,False,False,False,False,False
REE_2023,REE,2023,3,1,9,7,10,8,11,8,False,True,True,False,False,False,True,False
REE_2021,REE,2021,0,0,0,0,0,0,0,0,False,False,False,False,False,False,False,True
REE_2020,REE,2020,2,1,2,1,2,1,3,1,True,False,False,False,False,False,False,False
REE_2019,REE,2019,5,5,7,4,7,4,14,10,False,True,False,False,False,False,True,False
REE_2018,REE,2018,8,8,4,0,5,1,6,1,False,True,False,False,False,False,False,False
REE_2017,REE,2017,7,6,3,1,3,1,5,1,True,True,True,False,False,False,False,False
REE_2016,REE,2016,6,3,1,0,1,0,5,1,False,False,False,False,False,False,False,False
SAB_2025,SAB,2025,1,1,4,4,5,4,12,9,False,True,False,True,False,False,False,False
SAB_2024,SAB,2024,5,2,2,2,2,2,7,5,False,False,False,True,False,False,False,False
SAB_2018,SAB,2018,5,3,6,4,6,4,9,5,True,True,False,True,False,False,False,False
SHB_2025,SHB,2025,9,9,17,16,23,22,46,45,False,True,False,True,False,False,True,False
SHB_2024,SHB,2024,4,3,6,2,9,4,11,6,True,True,True,True,True,False,False,False
SJS_2025,SJS,2025,0,0,4,3,7,6,7,6,False,True,False,True,True,False,False,False
NT2_2020,NT2,2020,1,1,1,0,1,0,1,0,False,False,False,False,False,False,False,False
SSB_2025,SSB,2025,1,1,3,2,4,3,8,7,True,False,True,True,False,False,True,False
SSB_2024,SSB,2024,3,3,4,4,5,5,9,8,False,False,False,True,False,False,True,False
SSI_2021,SSI,2021,9,4,3,2,4,3,5,4,False,True,False,False,False,False,False,True
SSI_2020,SSI,2020,7,6,4,3,4,3,7,5,False,False,False,True,False,False,False,False
SSI_2019,SSI,2019,3,2,5,4,6,5,7,6,True,False,True,True,False,False,True,False
SSI_2017,SSI,2017,8,5,5,4,9,6,12,9,True,True,False,False,False,False,True,False
SSI_2016,SSI,2016,7,3,1,1,4,1,9,4,True,True,False,False,False,False,False,False
STB_2025,STB,2025,2,2,5,3,8,6,11,8,False,True,False,True,True,False,False,False
STB_2024,STB,2024,4,3,6,3,9,4,13,7,False,True,True,True,False,False,False,False
STB_2019,STB,2019,10,8,2,1,2,1,3,2,False,False,False,False,False,True,False,False
STB_2018,STB,2018,6,2,3,2,7,4,15,5,True,True,False,True,False,False,False,False
STB_2016,STB,2016,14,5,6,2,7,2,22,6,False,True,False,False,False,False,False,False
TAL_2024,TAL,2024,5,4,2,2,5,5,14,13,False,True,False,True,True,False,True,False
TCB_2025,TCB,2025,5,4,5,4,6,5,7,6,False,True,False,True,False,False,False,False
TAL_2025,TAL,2025,5,3,1,1,3,3,5,5,False,True,False,True,False,False,False,False
TCB_2024,TCB,2024,12,8,4,4,4,4,14,12,False,False,False,False,False,False,False,False
TCB_2023,TCB,2023,3,0,8,4,9,4,13,8,False,True,True,False,True,False,False,False
TCB_2021,TCB,2021,15,10,4,4,8,6,11,9,False,True,True,False,False,False,True,False
TCB_2019,TCB,2019,4,3,1,0,7,6,19,15,False,False,False,False,False,True,False,False
TCB_2020,TCB,2020,4,2,3,3,4,4,10,8,False,False,False,False,False,True,False,False
TCH_2024,TCH,2024,3,3,1,1,1,1,2,1,False,False,False,True,False,False,False,False
SSI_2025,SSI,2025,6,4,4,2,4,2,9,4,False,False,False,True,False,False,False,False
TCH_2021,TCH,2021,1,1,1,1,1,1,1,1,False,True,False,False,False,False,False,False
TCH_2023,TCH,2023,1,1,1,1,3,3,3,3,False,True,False,True,True,False,False,False
TCH_2019,TCH,2019,3,2,2,2,2,2,7,5,True,False,False,False,True,False,False,False
TCH_2018,TCH,2018,0,0,4,3,6,4,8,5,True,True,True,False,False,False,False,False
TCH_2017,TCH,2017,2,1,0,0,0,0,1,1,False,False,False,False,False,False,False,False
TCX_2025,TCX,2025,4,3,6,6,6,6,13,12,False,False,True,True,False,False,False,False
TPB_2019,TPB,2019,7,6,0,0,0,0,3,2,False,False,False,False,False,False,False,False
TPB_2025,TPB,2025,3,2,5,3,10,6,10,6,True,True,True,True,True,False,False,False
TPB_2024,TPB,2024,6,4,5,5,6,6,14,14,False,True,False,True,False,False,False,False
VCB_2025,VCB,2025,3,3,2,1,2,1,7,5,False,True,False,True,False,False,False,False
VCB_2024,VCB,2024,6,6,2,2,4,4,9,8,False,False,False,True,True,False,False,False
VCB_2023,VCB,2023,1,1,0,0,0,0,3,3,False,False,False,False,False,False,False,False
TPB_2018,TPB,2018,2,0,7,4,9,5,12,6,False,True,True,False,False,False,False,False
VCB_2021,VCB,2021,8,5,1,1,3,2,14,7,False,False,False,False,False,False,False,False
VCB_2019,VCB,2019,5,4,1,1,3,2,7,5,False,True,False,True,False,False,False,False
VCB_2020,VCB,2020,1,1,5,3,5,3,6,4,True,True,True,True,True,False,False,False
VCB_2017,VCB,2017,10,1,4,1,7,1,16,4,False,True,False,True,False,False,False,False
VCB_2018,VCB,2018,10,4,3,1,10,2,11,2,True,True,False,True,False,False,False,False
VCB_2016,VCB,2016,5,2,6,1,6,1,17,3,True,True,True,False,False,False,False,False
VCG_2023,VCG,2023,0,0,1,0,4,3,6,4,True,True,False,False,False,False,False,False
VCG_2025,VCG,2025,2,1,7,4,13,7,19,10,True,True,False,True,True,False,True,False
VCG_2024,VCG,2024,2,2,6,4,7,5,9,7,False,True,False,True,True,False,True,False
VCG_2022,VCG,2022,6,3,4,4,4,4,6,5,False,True,False,False,False,False,False,False
VCG_2018,VCG,2018,6,4,0,0,0,0,3,2,False,False,False,False,False,False,False,False
VCG_2021,VCG,2021,0,0,3,2,3,2,4,3,True,False,False,False,False,False,False,False
VCI_2025,VCI,2025,3,2,4,4,5,5,9,9,True,True,False,True,False,False,True,False
VCI_2023,VCI,2023,8,8,8,7,8,7,9,8,False,True,False,False,True,False,False,False
VCG_2016,VCG,2016,3,2,0,0,0,0,3,1,False,False,False,False,False,False,False,False
VCI_2022,VCI,2022,3,2,4,2,5,3,6,4,False,True,False,False,False,True,False,False
VCI_2021,VCI,2021,0,0,0,0,2,1,3,2,False,False,False,False,False,False,False,True
VCI_2024,VCI,2024,7,6,3,2,3,2,3,2,True,True,False,False,False,False,False,False
VCI_2018,VCI,2018,5,4,2,1,5,3,11,7,True,True,False,False,False,False,True,False
VCI_2017,VCI,2017,5,4,2,1,3,2,4,3,True,True,False,False,False,False,False,False
VGC_2016,VGC,2016,3,1,4,3,5,3,6,4,False,True,False,False,False,False,True,False
VHC_2025,VHC,2025,3,2,2,2,2,2,4,3,False,False,False,True,False,False,False,False
VHC_2024,VHC,2024,4,2,3,2,5,3,9,7,True,True,False,True,False,False,False,False
VHC_2023,VHC,2023,2,2,3,2,4,3,5,4,True,True,False,False,False,False,False,False
VHC_2021,VHC,2021,9,5,2,1,4,2,4,2,True,False,False,False,False,False,False,False
VHC_2019,VHC,2019,1,1,0,0,0,0,3,1,False,False,False,False,False,False,False,False
VHC_2018,VHC,2018,2,2,2,1,5,3,9,5,True,True,False,False,False,False,False,False
VHC_2017,VHC,2017,6,4,1,0,2,0,3,1,False,False,False,False,False,False,False,False
VHC_2016,VHC,2016,5,3,1,0,1,0,2,1,False,False,False,False,False,False,True,False
VHM_2025,VHM,2025,10,4,4,2,6,3,11,4,False,True,False,True,False,False,False,False
VHM_2024,VHM,2024,4,1,5,3,5,3,9,4,False,True,False,True,False,False,False,False
VHM_2023,VHM,2023,6,2,4,2,6,2,8,3,True,True,False,False,True,False,False,False
VHM_2018,VHM,2018,3,2,3,2,3,2,5,4,True,True,False,False,False,False,False,False
VIB_2025,VIB,2025,2,1,1,1,1,1,1,1,False,False,False,True,False,False,False,False
VIB_2023,VIB,2023,2,1,0,0,0,0,0,0,False,False,False,False,False,False,False,False
VIB_2024,VIB,2024,6,3,4,3,5,4,8,5,False,False,False,False,False,False,True,False
VIB_2022,VIB,2022,4,2,3,2,3,2,9,4,False,False,False,False,False,False,False,False
VIB_2021,VIB,2021,0,0,0,0,0,0,0,0,False,False,False,False,False,False,False,True
VIC_2025,VIC,2025,8,5,13,4,20,6,28,8,True,True,False,True,True,False,False,False
VIC_2024,VIC,2024,12,3,6,1,13,7,20,7,False,True,False,True,False,False,True,False
VIC_2023,VIC,2023,11,5,3,1,8,2,12,3,False,True,False,False,False,False,False,False
VIC_2022,VIC,2022,10,9,5,0,5,0,7,2,False,False,False,False,False,False,False,False
VIC_2021,VIC,2021,3,2,2,1,2,1,6,3,True,True,False,False,False,False,False,False
VIC_2020,VIC,2020,9,6,7,3,8,4,10,5,False,True,True,False,False,True,False,False
VIC_2017,VIC,2017,10,3,2,1,3,1,5,1,False,True,False,False,False,False,False,False
VIC_2016,VIC,2016,6,2,2,1,2,1,9,5,False,False,False,False,True,False,False,False
VJC_2024,VJC,2024,5,3,2,1,2,1,3,1,False,False,False,True,False,False,False,False
VJC_2023,VJC,2023,1,1,0,0,6,3,7,3,True,True,True,False,False,False,False,False
VJC_2021,VJC,2021,6,4,0,0,1,1,1,1,False,False,False,False,False,False,False,False
VJC_2019,VJC,2019,2,2,0,0,3,3,5,5,False,False,False,False,False,True,False,False
VJC_2017,VJC,2017,5,2,8,4,9,5,12,6,True,True,True,False,False,False,False,False
VND_2024,VND,2024,0,0,1,1,3,3,3,3,False,False,False,True,False,False,False,False
VND_2021,VND,2021,1,1,0,0,0,0,2,1,False,False,False,False,False,False,False,True
VND_2023,VND,2023,0,0,3,2,3,2,4,3,False,True,False,False,False,False,False,False
VND_2019,VND,2019,2,2,4,2,4,2,4,2,False,True,False,False,False,False,False,False
VNM_2025,VNM,2025,1,1,2,1,2,1,6,2,False,False,False,True,False,False,True,False
VNM_2024,VNM,2024,3,2,5,2,6,3,8,4,False,False,False,False,True,False,True,False
VND_2018,VND,2018,3,3,4,2,4,2,5,3,True,True,False,False,False,False,False,False
VNM_2022,VNM,2022,4,4,2,2,2,2,3,2,False,False,False,False,False,False,True,False
VNM_2021,VNM,2021,0,0,0,0,0,0,0,0,False,False,False,False,False,False,False,True
VNM_2023,VNM,2023,4,2,6,5,7,5,7,5,False,False,False,True,False,False,True,False
VNM_2018,VNM,2018,7,5,0,0,0,0,3,3,False,False,False,False,False,False,False,False
VPB_2025,VPB,2025,5,4,7,7,9,9,12,11,False,False,False,True,False,False,False,False
VPB_2024,VPB,2024,7,7,1,1,2,2,2,2,False,True,False,False,False,False,False,False
VPB_2023,VPB,2023,5,4,1,0,4,1,8,4,True,False,False,False,False,False,False,False
VPB_2021,VPB,2021,2,1,5,2,8,3,13,5,False,True,True,False,False,True,False,True
VPB_2019,VPB,2019,10,8,4,2,6,3,9,5,True,False,False,False,False,False,True,False
VPB_2018,VPB,2018,7,4,1,0,2,0,5,2,False,False,True,False,False,False,False,False
VPB_2020,VPB,2020,5,4,4,4,6,5,12,9,False,False,False,False,False,True,True,False
VPI_2025,VPI,2025,2,2,2,2,3,3,6,5,False,True,False,True,False,False,False,False
VPB_2017,VPB,2017,7,3,3,0,4,0,10,1,True,False,True,False,False,False,False,False
VPI_2023,VPI,2023,2,1,0,0,0,0,4,3,False,False,False,False,False,False,False,False
VPI_2020,VPI,2020,4,4,1,1,2,2,4,3,False,True,False,False,False,False,False,False
VPI_2019,VPI,2019,4,4,3,3,3,3,4,4,True,False,False,False,True,False,False,False
VPL_2025,VPL,2025,0,0,1,1,6,5,10,7,True,True,False,True,False,False,False,False
VPB_2022,VPB,2022,11,7,3,3,4,3,11,9,False,False,False,False,False,False,False,False
VRE_2025,VRE,2025,2,1,2,2,2,2,2,2,True,False,False,True,False,False,False,False
VRE_2024,VRE,2024,2,0,1,1,4,2,5,2,True,True,False,True,False,False,False,False
VRE_2023,VRE,2023,9,4,0,0,0,0,9,3,False,False,False,False,False,False,False,False
VRE_2022,VRE,2022,1,0,1,1,2,1,6,5,False,False,False,True,False,False,False,False
VRE_2021,VRE,2021,0,0,2,1,3,2,6,5,True,True,True,False,False,False,False,False
VRE_2019,VRE,2019,5,5,4,4,4,4,11,10,False,False,False,False,False,True,False,False
VRE_2020,VRE,2020,6,6,2,2,4,4,7,6,False,False,False,False,False,True,False,False
VTP_2024,VTP,2024,1,1,2,1,5,3,5,3,False,True,False,True,True,False,False,False
VTP_2025,VTP,2025,3,3,2,2,4,4,14,13,False,True,False,True,True,False,False,False
VTP_2022,VTP,2022,1,0,0,0,2,2,3,2,False,True,False,False,True,False,False,False
VTP_2020,VTP,2020,2,1,0,0,1,0,1,0,True,False,False,False,False,False,False,False
VTP_2021,VTP,2021,4,2,0,0,1,1,2,1,False,True,False,False,False,False,False,False
VTP_2019,VTP,2019,3,2,1,1,1,1,2,2,False,True,False,False,False,False,False,False
DPM_2017,DPM,2017,0,0,0,0,2,2,6,6,True,False,False,True,False,False,False,False
GAS_2017,GAS,2017,4,4,5,2,9,4,11,5,True,True,False,True,False,False,False,False
VTP_2023,VTP,2023,2,1,0,0,0,0,3,2,False,False,False,False,False,False,False,False
HDB_2019,HDB,2019,20,16,5,3,10,6,11,7,True,True,False,False,False,False,True,False
