,M1 nền,M2 fin_neg,M3 gen_neg,M4 đối đầu,M5 net+unc,M6 tf-idf
Intercept,0.0444 (0.0518),0.0464 (0.0510),0.0436 (0.0523),0.0483 (0.0513),0.0426 (0.0513),0.0411 (0.0517)
log_tradeval,-0.0030 (0.0022),-0.0031 (0.0022),-0.0030 (0.0022),-0.0031 (0.0022),-0.0031 (0.0022),-0.0031 (0.0023)
pre_ret,-0.0319 (0.0206),-0.0330 (0.0206),-0.0320 (0.0207),-0.0331 (0.0206),-0.0336 (0.0207),-0.0326 (0.0206)
log_len,0.0007 (0.0051),0.0005 (0.0050),0.0008 (0.0053),0.0003 (0.0052),0.0010 (0.0050),0.0013 (0.0053)
vn30,0.0001 (0.0054),0.0001 (0.0053),0.0002 (0.0054),-0.0001 (0.0054),-0.0005 (0.0054),0.0000 (0.0053)
beta,0.0017 (0.0063),0.0019 (0.0064),0.0018 (0.0065),0.0018 (0.0065),0.0023 (0.0063),0.0017 (0.0064)
N,505,505,505,505,505,505
Adj. R2,0.0045,0.0038,0.0025,0.0019,0.0070,0.0028
fin_neg_z,,-0.0017 (0.0020),,-0.0020 (0.0022),,
gen_neg_z,,,-0.0002 (0.0023),0.0006 (0.0025),,
fin_net_z,,,,,0.0015 (0.0025),
fin_unc_z,,,,,-0.0030 (0.0020),
fin_neg_tfidf_z,,,,,,-0.0008 (0.0023)
