year,fin_neg,fin_pos,fin_unc,fin_lit,gen_neg,gen_pos,fin_net,N
2016,0.3853,2.9164,0.2295,0.0027,1.9971,5.4218,0.7711,52
2017,0.2973,2.9608,0.1727,0.0015,1.6535,5.1379,0.8211,54
2018,0.3285,2.9839,0.1873,0.003,1.8432,5.5186,0.811,68
2019,0.598,2.7784,0.2186,0.0,2.2635,5.3958,0.6733,58
2020,0.8907,2.8856,0.2544,0.0007,2.2605,5.3367,0.5415,49
2021,0.8057,2.6739,0.2404,0.0018,2.1897,5.2455,0.5387,62
2022,0.7804,2.8546,0.3976,0.0,2.1934,5.3076,0.5728,44
2023,0.6267,2.8127,0.302,0.0021,2.0992,5.1461,0.6314,69
2024,0.4365,3.5928,0.2978,0.001,2.0,5.5264,0.7743,79
2025,0.3079,3.6802,0.3224,0.0019,1.8646,5.6421,0.8408,82
