doc_id,ticker,year,event_date,after_close,lang,text_main,text_alt,industry,group,flag,event_src
ACB_2023,ACB,2023,2024-03-27,False,vi,ACB_2023_vi.txt,,,VN30,ok,pdf_meta
ACB_2022,ACB,2022,2023-03-30,False,vi,ACB_2022_vi.txt,,,VN30,ok,pdf_meta
ACB_2024,ACB,2024,2025-03-24,False,vi,ACB_2024_vi.txt,,,VN30,ok,pdf_meta
ACB_2025,ACB,2025,2026-03-19,False,vi,ACB_2025_vi.txt,,,VN30,ok,pdf_meta
ACB_2021,ACB,2021,2022-04-04,False,vi,ACB_2021_vi.txt,,,VN30,ok,pdf_meta
ACB_2019,ACB,2019,2020-05-11,False,vi,ACB_2019_vi.txt,,,VN30,ok,pdf_meta
ACB_2020,ACB,2020,2021-04-05,False,vi,ACB_2020_vi.txt,,,VN30,ok,pdf_meta
ACB_2018,ACB,2018,2019-04-11,False,vi,ACB_2018_vi.txt,,,VN30,ok,pdf_meta
ACB_2016,ACB,2016,2017-04-07,False,vi,ACB_2016_vi.txt,,,VN30,ok,pdf_meta
ACB_2017,ACB,2017,2018-04-11,False,vi,ACB_2017_vi.txt,,,VN30,ok,pdf_meta
ANV_2024,ANV,2024,2025-04-09,False,vi,ANV_2024_vi.txt,,,VN100,not_found,pdf_meta
ANV_2022,ANV,2022,2023-04-10,False,vi,ANV_2022_vi.txt,,,VN100,not_found,pdf_meta
ANV_2023,ANV,2023,2024-04-04,False,vi,ANV_2023_vi.txt,,,VN100,not_found,pdf_meta
ANV_2019,ANV,2019,2020-04-15,False,vi,ANV_2019_vi.txt,,,VN100,ok,pdf_meta
ANV_2018,ANV,2018,2019-04-05,False,vi,ANV_2018_vi.txt,,,VN100,ok,pdf_meta
ANV_2025,ANV,2025,2026-04-07,False,vi,ANV_2025_vi.txt,,,VN100,not_found,pdf_meta
ANV_2016,ANV,2016,2017-04-26,False,vi,ANV_2016_vi.txt,,,VN100,not_found,pdf_meta
BAF_2025,BAF,2025,2026-04-17,False,vi,BAF_2025_vi.txt,,,VN100,ok,pdf_meta
BAF_2024,BAF,2024,2025-04-17,False,vi,BAF_2024_vi.txt,,,VN100,ok,pdf_meta
ANV_2017,ANV,2017,2018-04-04,False,vi,ANV_2017_vi.txt,,,VN100,not_found,pdf_meta
BAF_2021,BAF,2021,2022-03-08,False,vi,BAF_2021_vi.txt,,,VN100,ok,pdf_meta
BCM_2025,BCM,2025,2026-04-20,False,vi,BCM_2025_vi.txt,,,VN100,ok,pdf_meta
BAF_2023,BAF,2023,2024-04-12,False,vi,BAF_2023_vi.txt,,,VN100,ok,pdf_meta
BCM_2023,BCM,2023,2024-04-19,False,vi,BCM_2023_vi.txt,,,VN100,ok,pdf_meta
BCM_2024,BCM,2024,2025-04-20,False,vi,BCM_2024_vi.txt,,,VN100,ok,pdf_meta
BCM_2022,BCM,2022,2023-04-19,False,vi,BCM_2022_vi.txt,,,VN100,ok,pdf_meta
BCM_2021,BCM,2021,2022-04-18,False,vi,BCM_2021_vi.txt,,,VN100,ok,pdf_meta
BCM_2020,BCM,2020,2021-04-28,False,vi,BCM_2020_vi.txt,,,VN100,not_found,pdf_meta
ANV_2020,ANV,2020,2021-04-18,False,vi,ANV_2020_vi.txt,,,VN100,not_found,pdf_meta
ANV_2021,ANV,2021,2022-04-08,False,vi,ANV_2021_vi.txt,,,VN100,not_found,pdf_meta
BID_2025,BID,2025,,False,vi,BID_2025_vi.txt,,,VN30,ok,missing
BID_2024,BID,2024,2025-04-18,False,vi,BID_2024_vi.txt,,,VN30,not_found,pdf_meta
BID_2021,BID,2021,2022-04-20,False,vi,BID_2021_vi.txt,,,VN30,not_found,pdf_meta
BCM_2019,BCM,2019,2020-04-27,False,vi,BCM_2019_vi.txt,,,VN100,not_found,pdf_meta
BID_2020,BID,2020,,False,vi,BID_2020_vi.txt,,,VN30,ok,missing
BID_2018,BID,2018,2019-04-22,False,vi,BID_2018_vi.txt,,,VN30,ok,pdf_meta
BID_2017,BID,2017,2018-04-18,False,vi,BID_2017_vi.txt,,,VN30,ok,pdf_meta
BMP_2025,BMP,2025,2026-04-14,False,vi,BMP_2025_vi.txt,,,VN100,ok,pdf_meta
BMP_2024,BMP,2024,2025-04-15,False,vi,BMP_2024_vi.txt,,,VN100,ok,pdf_meta
BMP_2023,BMP,2023,2024-04-15,False,vi,BMP_2023_vi.txt,,,VN100,ok,pdf_meta
BMP_2021,BMP,2021,2022-04-15,False,vi,BMP_2021_vi.txt,,,VN100,ok,pdf_meta
BMP_2019,BMP,2019,2020-06-17,False,vi,BMP_2019_vi.txt,,,VN100,ok,pdf_meta
BMP_2018,BMP,2018,,False,vi,BMP_2018_vi.txt,,,VN100,ok,missing
BID_2023,BID,2023,2024-04-17,False,vi,BID_2023_vi.txt,,,VN30,ok,pdf_meta
BMP_2016,BMP,2016,2017-03-29,False,vi,BMP_2016_vi.txt,,,VN100,ok,pdf_meta
BMP_2022,BMP,2022,2023-04-19,False,vi,BMP_2022_vi.txt,,,VN100,ok,pdf_meta
BMP_2017,BMP,2017,2018-04-11,False,vi,BMP_2017_vi.txt,,,VN100,ok,pdf_meta
BSI_2024,BSI,2024,2025-04-10,False,vi,BSI_2024_vi.txt,,,VN100,ok,pdf_meta
BSI_2023,BSI,2023,2024-04-12,False,vi,BSI_2023_vi.txt,,,VN100,ok,pdf_meta
BSI_2022,BSI,2022,,False,vi,BSI_2022_vi.txt,,,VN100,ok,missing
BSI_2025,BSI,2025,2026-04-17,False,vi,BSI_2025_vi.txt,,,VN100,ok,pdf_meta
BSI_2021,BSI,2021,2022-04-12,False,vi,BSI_2021_vi.txt,,,VN100,ok,pdf_meta
BSI_2019,BSI,2019,2020-03-17,False,vi,BSI_2019_vi.txt,,,VN100,ok,pdf_meta
BSI_2018,BSI,2018,2019-04-17,False,vi,BSI_2018_vi.txt,,,VN100,ok,pdf_meta
BSI_2017,BSI,2017,2018-04-12,False,vi,BSI_2017_vi.txt,,,VN100,ok,pdf_meta
BSR_2025,BSR,2025,2026-04-10,False,vi,BSR_2025_vi.txt,,,VN30,ok,pdf_meta
BSI_2016,BSI,2016,2017-04-13,False,vi,BSI_2016_vi.txt,,,VN100,not_found,pdf_meta
BSR_2023,BSR,2023,2024-04-10,False,vi,BSR_2023_vi.txt,,,VN30,ok,pdf_meta
BSR_2024,BSR,2024,2025-04-10,False,vi,BSR_2024_vi.txt,,,VN30,ok,pdf_meta
BSR_2022,BSR,2022,2023-03-28,False,vi,BSR_2022_vi.txt,,,VN30,ok,pdf_meta
BSR_2020,BSR,2020,2021-04-12,False,vi,BSR_2020_vi.txt,,,VN30,ok,pdf_meta
BSI_2020,BSI,2020,2021-03-23,False,vi,BSI_2020_vi.txt,,,VN100,ok,pdf_meta
BSR_2019,BSR,2019,2020-04-09,False,vi,BSR_2019_vi.txt,,,VN30,ok,pdf_meta
BSR_2018,BSR,2018,2019-04-11,False,vi,BSR_2018_vi.txt,,,VN30,ok,pdf_meta
BVH_2023,BVH,2023,2024-04-19,False,vi,BVH_2023_vi.txt,,,VN100,not_found,pdf_meta
BVH_2025,BVH,2025,2026-04-20,False,vi,BVH_2025_vi.txt,,,VN100,ok,pdf_meta
BVH_2020,BVH,2020,2021-05-05,False,vi,BVH_2020_vi.txt,,,VN100,ok,pdf_meta
BVH_2019,BVH,2019,2020-05-04,False,vi,BVH_2019_vi.txt,,,VN100,ok,pdf_meta
BVH_2018,BVH,2018,2019-05-09,False,vi,BVH_2018_vi.txt,,,VN100,ok,pdf_meta
BWE_2024,BWE,2024,2025-03-22,False,vi,BWE_2024_vi.txt,,,VN100,ok,pdf_meta
BCM_2018,BCM,2018,2019-04-23,False,vi,BCM_2018_vi.txt,,,VN100,not_found,pdf_meta
BWE_2025,BWE,2025,2026-03-17,False,vi,BWE_2025_vi.txt,,,VN100,ok,pdf_meta
BWE_2021,BWE,2021,2022-03-23,False,vi,BWE_2021_vi.txt,,,VN100,not_found,pdf_meta
BWE_2022,BWE,2022,2023-03-23,False,vi,BWE_2022_vi.txt,,,VN100,not_found,pdf_meta
BWE_2023,BWE,2023,2024-03-23,False,vi,BWE_2023_vi.txt,,,VN100,not_found,pdf_meta
BSR_2021,BSR,2021,2022-04-06,False,vi,BSR_2021_vi.txt,,,VN30,ok,pdf_meta
BWE_2018,BWE,2018,,False,vi,BWE_2018_vi.txt,,,VN100,not_found,missing
BWE_2020,BWE,2020,,False,vi,BWE_2020_vi.txt,,,VN100,not_found,missing
CII_2024,CII,2024,2025-03-24,False,vi,CII_2024_vi.txt,,,VN100,ok,pdf_meta
BWE_2019,BWE,2019,2020-03-10,False,vi,BWE_2019_vi.txt,,,VN100,not_found,pdf_meta
BWE_2017,BWE,2017,,False,vi,BWE_2017_vi.txt,,,VN100,not_found,missing
CII_2025,CII,2025,2026-04-14,False,vi,CII_2025_vi.txt,,,VN100,ok,pdf_meta
CII_2021,CII,2021,2022-04-12,False,vi,CII_2021_vi.txt,,,VN100,ok,pdf_meta
CII_2020,CII,2020,2021-04-03,False,vi,CII_2020_vi.txt,,,VN100,ok,pdf_meta
CII_2019,CII,2019,,False,vi,CII_2019_vi.txt,,,VN100,ok,missing
CII_2023,CII,2023,,False,vi,CII_2023_vi.txt,,,VN100,ok,missing
CMG_2024,CMG,2024,2025-07-18,False,vi,CMG_2024_vi.txt,,,VN100,ok,pdf_meta
CMG_2023,CMG,2023,2024-07-22,False,vi,CMG_2023_vi.txt,,,VN100,ok,pdf_meta
CII_2018,CII,2018,2019-04-16,False,vi,CII_2018_vi.txt,,,VN100,ok,pdf_meta
CMG_2020,CMG,2020,2021-07-20,False,vi,CMG_2020_vi.txt,,,VN100,ok,pdf_meta
CMG_2019,CMG,2019,2020-07-14,False,vi,CMG_2019_vi.txt,,,VN100,ok,pdf_meta
CII_2017,CII,2017,2018-04-12,False,vi,CII_2017_vi.txt,,,VN100,ok,pdf_meta
CII_2016,CII,2016,2017-04-05,False,vi,CII_2016_vi.txt,,,VN100,ok,pdf_meta
CTD_2024,CTD,2024,,False,vi,CTD_2024_vi.txt,,,VN100,ok,missing
CTD_2021,CTD,2021,2022-04-20,False,vi,CTD_2021_vi.txt,,,VN100,excluded_manual,pdf_meta
CTD_2019,CTD,2019,2020-05-29,False,vi,CTD_2019_vi.txt,,,VN100,ok,pdf_meta
CTD_2023,CTD,2023,,False,vi,CTD_2023_vi.txt,,,VN100,ok,missing
CTD_2017,CTD,2017,2018-04-18,False,vi,CTD_2017_vi.txt,,,VN100,ok,pdf_meta
CTD_2016,CTD,2016,2017-03-28,False,vi,CTD_2016_vi.txt,,,VN100,not_found,pdf_meta
CTG_2025,CTG,2025,2026-04-20,False,vi,CTG_2025_vi.txt,,,VN30,ok,pdf_meta
CTG_2024,CTG,2024,2025-03-25,False,vi,CTG_2024_vi.txt,,,VN30,ok,pdf_meta
CTG_2023,CTG,2023,2024-04-17,False,vi,CTG_2023_vi.txt,,,VN30,ok,pdf_meta
CTG_2022,CTG,2022,2023-04-19,False,vi,CTG_2022_vi.txt,,,VN30,ok,pdf_meta
CTG_2021,CTG,2021,2022-04-19,False,vi,CTG_2021_vi.txt,,,VN30,ok,pdf_meta
CTG_2019,CTG,2019,2020-03-26,False,vi,CTG_2019_vi.txt,,,VN30,ok,pdf_meta
CTD_2018,CTD,2018,2019-03-29,False,vi,CTD_2018_vi.txt,,,VN100,ok,pdf_meta
CTG_2017,CTG,2017,2018-04-17,False,vi,CTG_2017_vi.txt,,,VN30,ok,pdf_meta
CTG_2016,CTG,2016,,False,vi,CTG_2016_vi.txt,,,VN30,ok,missing
CTR_2025,CTR,2025,2026-04-09,False,vi,CTR_2025_vi.txt,,,VN100,ok,pdf_meta
CTR_2024,CTR,2024,2025-04-06,False,vi,CTR_2024_vi.txt,,,VN100,ok,pdf_meta
CTG_2018,CTG,2018,2019-04-19,False,vi,CTG_2018_vi.txt,,,VN30,ok,pdf_meta
CTR_2023,CTR,2023,2024-04-08,False,vi,CTR_2023_vi.txt,,,VN100,ok,pdf_meta
CTR_2021,CTR,2021,,False,vi,CTR_2021_vi.txt,,,VN100,not_found,missing
CTR_2020,CTR,2020,2021-04-20,False,vi,CTR_2020_vi.txt,,,VN100,ok,pdf_meta
CTR_2022,CTR,2022,2023-04-01,False,vi,CTR_2022_vi.txt,,,VN100,ok,pdf_meta
CMG_2016,CMG,2016,,False,vi,CMG_2016_vi.txt,,,VN100,excluded_manual,missing
CTR_2019,CTR,2019,2020-04-29,False,vi,CTR_2019_vi.txt,,,VN100,ok,pdf_meta
CTS_2025,CTS,2025,2026-03-27,False,vi,CTS_2025_vi.txt,,,VN100,ok,pdf_meta
CTR_2018,CTR,2018,2019-04-03,False,vi,CTR_2018_vi.txt,,,VN100,not_found,pdf_meta
CTS_2023,CTS,2023,,False,vi,CTS_2023_vi.txt,,,VN100,not_found,missing
CTS_2024,CTS,2024,2025-03-26,False,vi,CTS_2024_vi.txt,,,VN100,ok,pdf_meta
CTS_2022,CTS,2022,2023-04-10,False,vi,CTS_2022_vi.txt,,,VN100,ok,pdf_meta
CTS_2021,CTS,2021,2022-03-29,False,vi,CTS_2021_vi.txt,,,VN100,ok,pdf_meta
CTS_2019,CTS,2019,2020-03-18,False,vi,CTS_2019_vi.txt,,,VN100,ok,pdf_meta
CTS_2020,CTS,2020,2021-04-12,False,vi,CTS_2020_vi.txt,,,VN100,ok,pdf_meta
CTS_2018,CTS,2018,2019-03-20,False,vi,CTS_2018_vi.txt,,,VN100,not_found,pdf_meta
CTS_2016,CTS,2016,,False,vi,CTS_2016_vi.txt,,,VN100,not_found,missing
DBC_2025,DBC,2025,2026-04-15,False,vi,DBC_2025_vi.txt,,,VN100,ok,pdf_meta
DBC_2024,DBC,2024,2025-04-11,False,vi,DBC_2024_vi.txt,,,VN100,not_found,pdf_meta
CMG_2017,CMG,2017,2018-07-05,False,vi,CMG_2017_vi.txt,,,VN100,not_found,pdf_meta
DBC_2023,DBC,2023,2024-04-17,False,vi,DBC_2023_vi.txt,,,VN100,not_found,pdf_meta
DBC_2022,DBC,2022,2023-04-17,False,vi,DBC_2022_vi.txt,,,VN100,ok,pdf_meta
CTS_2017,CTS,2017,2018-03-30,False,vi,CTS_2017_vi.txt,,,VN100,ok,pdf_meta
CTR_2017,CTR,2017,2018-04-16,False,vi,CTR_2017_vi.txt,,,VN100,not_found,pdf_meta
DBC_2020,DBC,2020,2021-04-02,False,vi,DBC_2020_vi.txt,,,VN100,ok,pdf_meta
DBC_2017,DBC,2017,2018-03-22,False,vi,DBC_2017_vi.txt,,,VN100,ok,pdf_meta
DBC_2021,DBC,2021,2022-03-30,False,vi,DBC_2021_vi.txt,,,VN100,not_found,pdf_meta
DBC_2016,DBC,2016,2017-03-07,False,vi,DBC_2016_vi.txt,,,VN100,ok,pdf_meta
DBC_2019,DBC,2019,2020-03-31,False,vi,DBC_2019_vi.txt,,,VN100,ok,pdf_meta
DCM_2023,DCM,2023,2024-03-20,False,vi,DCM_2023_vi.txt,,,VN100,ok,pdf_meta
DCM_2022,DCM,2022,2023-03-20,False,vi,DCM_2022_vi.txt,,,VN100,ok,pdf_meta
DBC_2018,DBC,2018,2019-04-09,False,vi,DBC_2018_vi.txt,,,VN100,not_found,pdf_meta
DCM_2017,DCM,2017,2018-04-18,False,vi,DCM_2017_vi.txt,,,VN100,ok,pdf_meta
DCM_2018,DCM,2018,2019-04-17,False,vi,DCM_2018_vi.txt,,,VN100,ok,pdf_meta
DGW_2025,DGW,2025,2026-04-13,False,vi,DGW_2025_vi.txt,,,VN100,not_found,pdf_meta
DGW_2024,DGW,2024,,False,vi,DGW_2024_vi.txt,,,VN100,ok,missing
DCM_2024,DCM,2024,2025-03-19,False,vi,DCM_2024_vi.txt,,,VN100,ok,pdf_meta
DCM_2016,DCM,2016,2017-04-12,False,vi,DCM_2016_vi.txt,,,VN100,ok,pdf_meta
DGW_2021,DGW,2021,,False,vi,DGW_2021_vi.txt,,,VN100,ok,missing
DGW_2023,DGW,2023,2024-04-17,False,vi,DGW_2023_vi.txt,,,VN100,ok,pdf_meta
DGW_2018,DGW,2018,2019-04-19,False,vi,DGW_2018_vi.txt,,,VN100,ok,pdf_meta
DGW_2020,DGW,2020,,False,vi,DGW_2020_vi.txt,,,VN100,ok,missing
DGW_2016,DGW,2016,2017-04-17,False,vi,DGW_2016_vi.txt,,,VN100,ok,pdf_meta
DIG_2025,DIG,2025,2026-04-14,False,vi,DIG_2025_vi.txt,,,VN100,ok,pdf_meta
DIG_2024,DIG,2024,2025-04-09,False,vi,DIG_2024_vi.txt,,,VN100,ok,pdf_meta
DIG_2021,DIG,2021,2022-04-18,False,vi,DIG_2021_vi.txt,,,VN100,ok,pdf_meta
DIG_2020,DIG,2020,,False,vi,DIG_2020_vi.txt,,,VN100,ok,missing
DIG_2016,DIG,2016,2017-04-18,False,vi,DIG_2016_vi.txt,,,VN100,ok,pdf_meta
DPM_2025,DPM,2025,2026-04-12,False,vi,DPM_2025_vi.txt,,,VN100,ok,pdf_meta
DPM_2024,DPM,2024,2025-04-10,False,vi,DPM_2024_vi.txt,,,VN100,ok,pdf_meta
DPM_2023,DPM,2023,,False,vi,DPM_2023_vi.txt,,,VN100,ok,missing
DPM_2022,DPM,2022,2023-03-31,False,vi,DPM_2022_vi.txt,,,VN100,ok,pdf_meta
DPM_2021,DPM,2021,2022-04-19,False,vi,DPM_2021_vi.txt,,,VN100,ok,pdf_meta
DPM_2020,DPM,2020,2021-04-15,False,vi,DPM_2020_vi.txt,,,VN100,ok,pdf_meta
DPM_2019,DPM,2019,2020-04-20,False,vi,DPM_2019_vi.txt,,,VN100,ok,pdf_meta
DPM_2018,DPM,2018,2019-04-08,False,vi,DPM_2018_vi.txt,,,VN100,ok,pdf_meta
DSE_2025,DSE,2025,2026-03-23,False,vi,DSE_2025_vi.txt,,,VN100,not_found,pdf_meta
DSE_2024,DSE,2024,2025-03-18,False,vi,DSE_2024_vi.txt,,,VN100,not_found,pdf_meta
DSE_2023,DSE,2023,2024-03-18,False,vi,DSE_2023_vi.txt,,,VN100,ok,pdf_meta
DSE_2022,DSE,2022,2023-03-20,False,vi,DSE_2022_vi.txt,,,VN100,not_found,pdf_meta
DCM_2025,DCM,2025,2026-03-19,False,vi,DCM_2025_vi.txt,,,VN100,not_found,pdf_meta
DSE_2021,DSE,2021,2022-03-23,False,vi,DSE_2021_vi.txt,,,VN100,ok,pdf_meta
DXG_2025,DXG,2025,,False,vi,DXG_2025_vi.txt,,,VN100,ok,missing
DXG_2023,DXG,2023,2024-04-01,False,vi,DXG_2023_vi.txt,,,VN100,not_found,pdf_meta
DXG_2024,DXG,2024,2025-04-19,False,vi,DXG_2024_vi.txt,,,VN100,ok,pdf_meta
DXG_2021,DXG,2021,2022-04-04,False,vi,DXG_2021_vi.txt,,,VN100,ok,pdf_meta
DXG_2020,DXG,2020,2021-05-06,False,vi,DXG_2020_vi.txt,,,VN100,ok,pdf_meta
DXG_2019,DXG,2019,2020-03-02,False,vi,DXG_2019_vi.txt,,,VN100,ok,pdf_meta
DXG_2018,DXG,2018,2019-03-12,False,vi,DXG_2018_vi.txt,,,VN100,ok,pdf_meta
DXG_2016,DXG,2016,2017-03-29,False,vi,DXG_2016_vi.txt,,,VN100,ok,pdf_meta
EIB_2025,EIB,2025,2026-04-17,False,vi,EIB_2025_vi.txt,,,VN100,ok,pdf_meta
EIB_2024,EIB,2024,2025-04-16,False,vi,EIB_2024_vi.txt,,,VN100,ok,pdf_meta
EIB_2023,EIB,2023,2024-04-17,False,vi,EIB_2023_vi.txt,,,VN100,ok,pdf_meta
DGW_2017,DGW,2017,2018-04-20,False,vi,DGW_2017_vi.txt,,,VN100,not_found,pdf_meta
EIB_2021,EIB,2021,2022-04-20,False,vi,EIB_2021_vi.txt,,,VN100,ok,pdf_meta
EIB_2020,EIB,2020,2021-04-20,False,vi,EIB_2020_vi.txt,,,VN100,not_found,pdf_meta
DXG_2017,DXG,2017,,False,vi,DXG_2017_vi.txt,,,VN100,not_found,missing
EIB_2019,EIB,2019,2020-04-20,False,vi,EIB_2019_vi.txt,,,VN100,not_found,pdf_meta
EIB_2017,EIB,2017,2018-04-17,False,vi,EIB_2017_vi.txt,,,VN100,ok,pdf_meta
EIB_2016,EIB,2016,2017-04-18,False,vi,EIB_2016_vi.txt,,,VN100,ok,pdf_meta
EIB_2018,EIB,2018,2019-04-18,False,vi,EIB_2018_vi.txt,,,VN100,ok,pdf_meta
EIB_2022,EIB,2022,2023-04-06,False,vi,EIB_2022_vi.txt,,,VN100,not_found,pdf_meta
EVF_2023,EVF,2023,2024-03-08,False,vi,EVF_2023_vi.txt,,,VN100,excluded_manual,pdf_meta
EVF_2024,EVF,2024,2025-03-19,False,vi,EVF_2024_vi.txt,,,VN100,not_found,pdf_meta
EVF_2025,EVF,2025,2026-03-04,False,vi,EVF_2025_vi.txt,,,VN100,not_found,pdf_meta
EVF_2022,EVF,2022,,False,vi,EVF_2022_vi.txt,,,VN100,not_found,missing
DGW_2022,DGW,2022,2023-04-27,False,vi,DGW_2022_vi.txt,,,VN100,not_found,pdf_meta
EVF_2021,EVF,2021,,False,vi,EVF_2021_vi.txt,,,VN100,not_found,missing
FPT_2025,FPT,2025,2026-04-08,False,vi,FPT_2025_vi.txt,,,VN30,ok,pdf_meta
FPT_2024,FPT,2024,2025-04-02,False,vi,FPT_2024_vi.txt,,,VN30,ok,pdf_meta
EVF_2020,EVF,2020,,False,vi,EVF_2020_vi.txt,,,VN100,not_found,missing
FPT_2023,FPT,2023,2024-03-26,False,vi,FPT_2023_vi.txt,,,VN30,ok,pdf_meta
FPT_2022,FPT,2022,2023-03-28,False,vi,FPT_2022_vi.txt,,,VN30,ok,pdf_meta
FPT_2021,FPT,2021,2022-03-23,False,vi,FPT_2021_vi.txt,,,VN30,ok,pdf_meta
FPT_2019,FPT,2019,2020-03-24,False,vi,FPT_2019_vi.txt,,,VN30,ok,pdf_meta
FPT_2018,FPT,2018,2019-03-20,False,vi,FPT_2018_vi.txt,,,VN30,ok,pdf_meta
FPT_2017,FPT,2017,2018-03-27,False,vi,FPT_2017_vi.txt,,,VN30,ok,pdf_meta
FPT_2020,FPT,2020,2021-03-25,False,vi,FPT_2020_vi.txt,,,VN30,ok,pdf_meta
FPT_2016,FPT,2016,2017-03-21,False,vi,FPT_2016_vi.txt,,,VN30,ok,pdf_meta
FRT_2025,FRT,2025,2026-04-14,False,vi,FRT_2025_vi.txt,,,VN100,ok,pdf_meta
FRT_2024,FRT,2024,2025-03-26,False,vi,FRT_2024_vi.txt,,,VN100,ok,pdf_meta
FRT_2023,FRT,2023,2024-03-27,False,vi,FRT_2023_vi.txt,,,VN100,ok,pdf_meta
EVF_2019,EVF,2019,2020-04-20,False,vi,EVF_2019_vi.txt,,,VN100,not_found,pdf_meta
FRT_2021,FRT,2021,2022-03-29,False,vi,FRT_2021_vi.txt,,,VN100,ok,pdf_meta
FRT_2020,FRT,2020,2021-04-20,False,vi,FRT_2020_vi.txt,,,VN100,ok,pdf_meta
FRT_2019,FRT,2019,2020-04-20,False,vi,FRT_2019_vi.txt,,,VN100,ok,pdf_meta
FRT_2022,FRT,2022,2023-04-07,False,vi,FRT_2022_vi.txt,,,VN100,ok,pdf_meta
EVF_2018,EVF,2018,,False,vi,EVF_2018_vi.txt,,,VN100,not_found,missing
FTS_2025,FTS,2025,2026-03-25,False,vi,FTS_2025_vi.txt,,,VN100,ok,pdf_meta
FTS_2023,FTS,2023,2024-03-22,False,vi,FTS_2023_vi.txt,,,VN100,ok,pdf_meta
FTS_2021,FTS,2021,2022-02-18,False,vi,FTS_2021_vi.txt,,,VN100,ok,pdf_meta
FRT_2018,FRT,2018,,False,vi,FRT_2018_vi.txt,,,VN100,ok,missing
FTS_2019,FTS,2019,2020-04-06,False,vi,FTS_2019_vi.txt,,,VN100,ok,pdf_meta
FTS_2020,FTS,2020,,False,vi,FTS_2020_vi.txt,,,VN100,ok,missing
FRT_2017,FRT,2017,,False,vi,FRT_2017_vi.txt,,,VN100,ok,missing
FTS_2018,FTS,2018,2019-03-12,False,vi,FTS_2018_vi.txt,,,VN100,ok,pdf_meta
FTS_2024,FTS,2024,2025-03-29,False,vi,FTS_2024_vi.txt,,,VN100,ok,pdf_meta
FTS_2016,FTS,2016,,False,vi,FTS_2016_vi.txt,,,VN100,not_found,missing
GAS_2023,GAS,2023,2024-03-20,False,vi,GAS_2023_vi.txt,,,VN30,ok,pdf_meta
GAS_2024,GAS,2024,2025-03-19,False,vi,GAS_2024_vi.txt,,,VN30,not_found,pdf_meta
FTS_2017,FTS,2017,,False,vi,FTS_2017_vi.txt,,,VN100,ok,missing
GAS_2022,GAS,2022,2023-03-30,False,vi,GAS_2022_vi.txt,,,VN30,ok,pdf_meta
GAS_2018,GAS,2018,,False,vi,GAS_2018_vi.txt,,,VN30,ok,missing
GAS_2016,GAS,2016,2017-04-07,False,vi,GAS_2016_vi.txt,,,VN30,ok,pdf_meta
GEE_2023,GEE,2023,2024-03-22,False,vi,GEE_2023_vi.txt,,,VN100,ok,pdf_meta
GEE_2024,GEE,2024,2025-03-24,False,vi,GEE_2024_vi.txt,,,VN100,ok,pdf_meta
GEE_2022,GEE,2022,2023-04-09,False,vi,GEE_2022_vi.txt,,,VN100,ok,pdf_meta
GEE_2021,GEE,2021,2022-03-22,False,vi,GEE_2021_vi.txt,,,VN100,ok,pdf_meta
GEE_2025,GEE,2025,2026-04-05,False,vi,GEE_2025_vi.txt,,,VN100,ok,pdf_meta
GEX_2025,GEX,2025,2026-03-23,False,vi,GEX_2025_vi.txt,,,VN100,ok,pdf_meta
GEX_2024,GEX,2024,2025-03-18,False,vi,GEX_2024_vi.txt,,,VN100,ok,pdf_meta
GEX_2022,GEX,2022,2023-04-07,False,vi,GEX_2022_vi.txt,,,VN100,ok,pdf_meta
GEX_2023,GEX,2023,2024-03-19,False,vi,GEX_2023_vi.txt,,,VN100,ok,pdf_meta
GEX_2021,GEX,2021,,False,vi,GEX_2021_vi.txt,,,VN100,ok,missing
GAS_2025,GAS,2025,,False,vi,GAS_2025_vi.txt,,,VN30,ok,missing
GEX_2018,GEX,2018,2019-04-20,False,vi,GEX_2018_vi.txt,,,VN100,ok,pdf_meta
GEX_2019,GEX,2019,,False,vi,GEX_2019_vi.txt,,,VN100,ok,missing
GMD_2025,GMD,2025,2026-04-18,False,vi,GMD_2025_vi.txt,,,VN100,ok,pdf_meta
GMD_2024,GMD,2024,2025-04-20,False,vi,GMD_2024_vi.txt,,,VN100,ok,pdf_meta
GMD_2023,GMD,2023,2024-04-19,False,vi,GMD_2023_vi.txt,,,VN100,ok,pdf_meta
GEX_2020,GEX,2020,,False,vi,GEX_2020_vi.txt,,,VN100,ok,missing
GMD_2021,GMD,2021,2022-04-19,False,vi,GMD_2021_vi.txt,,,VN100,ok,pdf_meta
GMD_2018,GMD,2018,2019-05-03,False,vi,GMD_2018_vi.txt,,,VN100,ok,pdf_meta
GMD_2017,GMD,2017,2018-04-21,False,vi,GMD_2017_vi.txt,,,VN100,ok,pdf_meta
GMD_2016,GMD,2016,2017-04-20,False,vi,GMD_2016_vi.txt,,,VN100,ok,pdf_meta
GMD_2020,GMD,2020,2021-04-20,False,vi,GMD_2020_vi.txt,,,VN100,ok,pdf_meta
GVR_2024,GVR,2024,2025-04-21,False,vi,GVR_2024_vi.txt,,,VN30,ok,pdf_meta
GVR_2023,GVR,2023,2024-04-19,False,vi,GVR_2023_vi.txt,,,VN30,ok,pdf_meta
GVR_2025,GVR,2025,2026-04-19,False,vi,GVR_2025_vi.txt,,,VN30,ok,pdf_meta
GVR_2021,GVR,2021,2022-04-19,False,vi,GVR_2021_vi.txt,,,VN30,ok,pdf_meta
GVR_2020,GVR,2020,2021-04-13,False,vi,GVR_2020_vi.txt,,,VN30,ok,pdf_meta
GVR_2018,GVR,2018,2019-04-24,False,vi,GVR_2018_vi.txt,,,VN30,ok,pdf_meta
HAG_2025,HAG,2025,2026-04-16,False,vi,HAG_2025_vi.txt,,,VN100,ok,pdf_meta
HAG_2024,HAG,2024,2025-04-20,False,vi,HAG_2024_vi.txt,,,VN100,ok,pdf_meta
GVR_2022,GVR,2022,2023-04-17,False,vi,GVR_2022_vi.txt,,,VN30,ok,pdf_meta
HAG_2023,HAG,2023,2024-04-15,False,vi,HAG_2023_vi.txt,,,VN100,not_found,pdf_meta
HAG_2020,HAG,2020,2021-04-29,False,vi,HAG_2020_vi.txt,,,VN100,ok,pdf_meta
HAG_2019,HAG,2019,2020-04-29,False,vi,HAG_2019_vi.txt,,,VN100,ok,pdf_meta
HAG_2018,HAG,2018,2019-04-19,False,vi,HAG_2018_vi.txt,,,VN100,ok,pdf_meta
HAG_2017,HAG,2017,2018-04-20,False,vi,HAG_2017_vi.txt,,,VN100,ok,pdf_meta
HAG_2016,HAG,2016,2017-06-14,False,vi,HAG_2016_vi.txt,,,VN100,ok,pdf_meta
HCM_2025,HCM,2025,2026-04-03,False,vi,HCM_2025_vi.txt,,,VN100,ok,pdf_meta
HAG_2021,HAG,2021,2022-03-31,False,vi,HAG_2021_vi.txt,,,VN100,ok,pdf_meta
HCM_2023,HCM,2023,2024-04-03,False,vi,HCM_2023_vi.txt,,,VN100,ok,pdf_meta
HCM_2024,HCM,2024,2025-03-31,False,vi,HCM_2024_vi.txt,,,VN100,ok,pdf_meta
HCM_2022,HCM,2022,2023-04-10,False,vi,HCM_2022_vi.txt,,,VN100,ok,pdf_meta
HCM_2020,HCM,2020,2021-04-09,False,vi,HCM_2020_vi.txt,,,VN100,ok,pdf_meta
HCM_2021,HCM,2021,2022-04-13,False,vi,HCM_2021_vi.txt,,,VN100,ok,pdf_meta
HCM_2019,HCM,2019,2020-04-17,False,vi,HCM_2019_vi.txt,,,VN100,ok,pdf_meta
HCM_2017,HCM,2017,2018-04-17,False,vi,HCM_2017_vi.txt,,,VN100,ok,pdf_meta
HCM_2018,HCM,2018,2019-04-17,False,vi,HCM_2018_vi.txt,,,VN100,ok,pdf_meta
HCM_2016,HCM,2016,2017-04-20,False,vi,HCM_2016_vi.txt,,,VN100,ok,pdf_meta
HDB_2025,HDB,2025,2026-04-20,False,vi,HDB_2025_vi.txt,,,VN30,ok,pdf_meta
HDB_2024,HDB,2024,,False,vi,HDB_2024_vi.txt,,,VN30,ok,missing
HDB_2022,HDB,2022,2023-04-21,False,vi,HDB_2022_vi.txt,,,VN30,ok,pdf_meta
HDB_2021,HDB,2021,2022-04-19,False,vi,HDB_2021_vi.txt,,,VN30,ok,pdf_meta
HDB_2018,HDB,2018,2019-04-19,False,vi,HDB_2018_vi.txt,,,VN30,ok,pdf_meta
HDB_2020,HDB,2020,2021-04-28,False,vi,HDB_2020_vi.txt,,,VN30,ok,pdf_meta
HDB_2016,HDB,2016,2017-06-01,False,vi,HDB_2016_vi.txt,,,VN30,ok,pdf_meta
HDG_2025,HDG,2025,2026-04-20,False,vi,HDG_2025_vi.txt,,,VN100,ok,pdf_meta
HDG_2024,HDG,2024,2025-04-20,False,vi,HDG_2024_vi.txt,,,VN100,ok,pdf_meta
HDG_2023,HDG,2023,2024-04-22,False,vi,HDG_2023_vi.txt,,,VN100,ok,pdf_meta
HDB_2017,HDB,2017,2018-04-19,False,vi,HDB_2017_vi.txt,,,VN30,ok,pdf_meta
HDG_2019,HDG,2019,2020-04-29,False,vi,HDG_2019_vi.txt,,,VN100,ok,pdf_meta
HDG_2018,HDG,2018,,False,vi,HDG_2018_vi.txt,,,VN100,ok,missing
GEX_2017,GEX,2017,2018-04-26,False,vi,GEX_2017_vi.txt,,,VN100,not_found,pdf_meta
HDG_2016,HDG,2016,,False,vi,HDG_2016_vi.txt,,,VN100,ok,missing
HHV_2025,HHV,2025,2026-04-20,False,vi,HHV_2025_vi.txt,,,VN100,ok,pdf_meta
HHV_2024,HHV,2024,2025-04-18,False,vi,HHV_2024_vi.txt,,,VN100,ok,pdf_meta
HHV_2023,HHV,2023,2024-04-18,False,vi,HHV_2023_vi.txt,,,VN100,not_found,pdf_meta
GEX_2016,GEX,2016,2017-04-19,False,vi,GEX_2016_vi.txt,,,VN100,not_found,pdf_meta
HDG_2017,HDG,2017,2018-04-20,False,vi,HDG_2017_vi.txt,,,VN100,not_found,pdf_meta
HHV_2021,HHV,2021,2022-04-14,False,vi,HHV_2021_vi.txt,,,VN100,not_found,pdf_meta
HHV_2020,HHV,2020,,False,vi,HHV_2020_vi.txt,,,VN100,not_found,missing
HDG_2021,HDG,2021,2022-04-20,False,vi,HDG_2021_vi.txt,,,VN100,not_found,pdf_meta
HHV_2018,HHV,2018,,False,vi,HHV_2018_vi.txt,,,VN100,not_found,missing
HPG_2025,HPG,2025,2026-04-15,False,vi,HPG_2025_vi.txt,,,VN30,ok,pdf_meta
HHV_2019,HHV,2019,,False,vi,HHV_2019_vi.txt,,,VN100,not_found,missing
HPG_2024,HPG,2024,2025-04-16,False,vi,HPG_2024_vi.txt,,,VN30,ok,pdf_meta
HPG_2023,HPG,2023,2024-04-10,False,vi,HPG_2023_vi.txt,,,VN30,ok,pdf_meta
HPG_2022,HPG,2022,2023-03-20,False,vi,HPG_2022_vi.txt,,,VN30,not_found,pdf_meta
HHV_2017,HHV,2017,,False,vi,HHV_2017_vi.txt,,,VN100,not_found,missing
HHV_2016,HHV,2016,,False,vi,HHV_2016_vi.txt,,,VN100,not_found,missing
HPG_2019,HPG,2019,2020-04-15,False,vi,HPG_2019_vi.txt,,,VN30,ok,pdf_meta
HPG_2021,HPG,2021,2022-04-15,False,vi,HPG_2021_vi.txt,,,VN30,not_found,pdf_meta
HPG_2016,HPG,2016,2017-03-09,False,vi,HPG_2016_vi.txt,,,VN30,ok,pdf_meta
HSG_2024,HSG,2024,2025-01-13,False,vi,HSG_2024_vi.txt,,,VN100,ok,pdf_meta
HSG_2025,HSG,2025,2026-01-14,False,vi,HSG_2025_vi.txt,,,VN100,ok,pdf_meta
HSG_2023,HSG,2023,2024-01-08,False,vi,HSG_2023_vi.txt,,,VN100,ok,pdf_meta
HPG_2017,HPG,2017,2018-03-21,False,vi,HPG_2017_vi.txt,,,VN30,ok,pdf_meta
HSG_2019,HSG,2019,2020-01-11,False,vi,HSG_2019_vi.txt,,,VN100,ok,pdf_meta
HPG_2018,HPG,2018,2019-03-25,False,vi,HPG_2018_vi.txt,,,VN30,ok,pdf_meta
HSG_2021,HSG,2021,2022-01-14,False,vi,HSG_2021_vi.txt,,,VN100,ok,pdf_meta
HSG_2017,HSG,2017,2018-01-11,False,vi,HSG_2017_vi.txt,,,VN100,ok,pdf_meta
HSG_2016,HSG,2016,2017-01-04,False,vi,HSG_2016_vi.txt,,,VN100,ok,pdf_meta
HT1_2025,HT1,2025,2026-04-07,False,vi,HT1_2025_vi.txt,,,VN100,ok,pdf_meta
HSG_2022,HSG,2022,2023-01-18,False,vi,HSG_2022_vi.txt,,,VN100,ok,pdf_meta
HSG_2018,HSG,2018,2019-01-12,False,vi,HSG_2018_vi.txt,,,VN100,ok,pdf_meta
HT1_2021,HT1,2021,2022-04-10,False,vi,HT1_2021_vi.txt,,,VN100,ok,pdf_meta
HT1_2024,HT1,2024,2025-04-03,False,vi,HT1_2024_vi.txt,,,VN100,ok,pdf_meta
HT1_2019,HT1,2019,2020-04-17,False,vi,HT1_2019_vi.txt,,,VN100,ok,pdf_meta
HT1_2020,HT1,2020,2021-04-19,False,vi,HT1_2020_vi.txt,,,VN100,not_found,pdf_meta
HT1_2018,HT1,2018,2019-04-01,False,vi,HT1_2018_vi.txt,,,VN100,ok,pdf_meta
HT1_2016,HT1,2016,2017-04-20,False,vi,HT1_2016_vi.txt,,,VN100,ok,pdf_meta
HT1_2017,HT1,2017,2018-04-18,False,vi,HT1_2017_vi.txt,,,VN100,ok,pdf_meta
KBC_2024,KBC,2024,2025-04-18,False,vi,KBC_2024_vi.txt,,,VN100,not_found,pdf_meta
KBC_2025,KBC,2025,2026-04-07,False,vi,KBC_2025_vi.txt,,,VN100,not_found,pdf_meta
KBC_2023,KBC,2023,2024-04-17,False,vi,KBC_2023_vi.txt,,,VN100,not_found,pdf_meta
KBC_2022,KBC,2022,2023-04-15,False,vi,KBC_2022_vi.txt,,,VN100,not_found,pdf_meta
KBC_2020,KBC,2020,2021-04-07,False,vi,KBC_2020_vi.txt,,,VN100,ok,pdf_meta
KBC_2019,KBC,2019,2020-05-25,False,vi,KBC_2019_vi.txt,,,VN100,not_found,pdf_meta
KBC_2018,KBC,2018,2019-04-08,False,vi,KBC_2018_vi.txt,,,VN100,not_found,pdf_meta
KBC_2021,KBC,2021,2022-03-28,False,vi,KBC_2021_vi.txt,,,VN100,not_found,pdf_meta
KBC_2017,KBC,2017,2018-03-05,False,vi,KBC_2017_vi.txt,,,VN100,not_found,pdf_meta
KDC_2025,KDC,2025,2026-04-20,False,vi,KDC_2025_vi.txt,,,VN100,ok,pdf_meta
KDC_2024,KDC,2024,2025-04-18,False,vi,KDC_2024_vi.txt,,,VN100,ok,pdf_meta
KDC_2023,KDC,2023,2024-04-17,False,vi,KDC_2023_vi.txt,,,VN100,ok,pdf_meta
KDC_2021,KDC,2021,2022-03-24,False,vi,KDC_2021_vi.txt,,,VN100,ok,pdf_meta
KDC_2019,KDC,2019,2020-04-20,False,vi,KDC_2019_vi.txt,,,VN100,ok,pdf_meta
KDC_2018,KDC,2018,2019-04-19,False,vi,KDC_2018_vi.txt,,,VN100,ok,pdf_meta
KBC_2016,KBC,2016,2017-04-10,False,vi,KBC_2016_vi.txt,,,VN100,not_found,pdf_meta
KDC_2017,KDC,2017,2018-04-16,False,vi,KDC_2017_vi.txt,,,VN100,ok,pdf_meta
KDH_2025,KDH,2025,2026-04-10,False,vi,KDH_2025_vi.txt,,,VN100,ok,pdf_meta
KDH_2024,KDH,2024,2025-04-11,False,vi,KDH_2024_vi.txt,,,VN100,ok,pdf_meta
KDC_2016,KDC,2016,2017-04-27,False,vi,KDC_2016_vi.txt,,,VN100,ok,pdf_meta
KDH_2023,KDH,2023,2024-04-09,False,vi,KDH_2023_vi.txt,,,VN100,ok,pdf_meta
KDH_2021,KDH,2021,2022-04-13,False,vi,KDH_2021_vi.txt,,,VN100,ok,pdf_meta
KDH_2022,KDH,2022,2023-04-13,False,vi,KDH_2022_vi.txt,,,VN100,ok,pdf_meta
KDH_2019,KDH,2019,2020-04-14,False,vi,KDH_2019_vi.txt,,,VN100,ok,pdf_meta
KDH_2018,KDH,2018,2019-04-05,False,vi,KDH_2018_vi.txt,,,VN100,ok,pdf_meta
KDH_2016,KDH,2016,2017-04-05,False,vi,KDH_2016_vi.txt,,,VN100,ok,pdf_meta
KDH_2017,KDH,2017,2018-04-13,False,vi,KDH_2017_vi.txt,,,VN100,ok,pdf_meta
KOS_2025,KOS,2025,2026-04-18,False,vi,KOS_2025_vi.txt,,,VN100,ok,pdf_meta
KOS_2024,KOS,2024,2025-04-20,False,vi,KOS_2024_vi.txt,,,VN100,ok,pdf_meta
KOS_2023,KOS,2023,2024-04-19,False,vi,KOS_2023_vi.txt,,,VN100,ok,pdf_meta
KOS_2021,KOS,2021,2022-04-20,False,vi,KOS_2021_vi.txt,,,VN100,ok,pdf_meta
KOS_2020,KOS,2020,,False,vi,KOS_2020_vi.txt,,,VN100,ok,missing
KOS_2018,KOS,2018,2019-04-05,False,vi,KOS_2018_vi.txt,,,VN100,ok,pdf_meta
KOS_2019,KOS,2019,2020-04-21,False,vi,KOS_2019_vi.txt,,,VN100,ok,pdf_meta
KOS_2017,KOS,2017,,False,vi,KOS_2017_vi.txt,,,VN100,ok,missing
LPB_2024,LPB,2024,2025-04-18,False,vi,LPB_2024_vi.txt,,,VN30,ok,pdf_meta
LPB_2025,LPB,2025,2026-04-20,False,vi,LPB_2025_vi.txt,,,VN30,ok,pdf_meta
LPB_2022,LPB,2022,2023-04-18,False,vi,LPB_2022_vi.txt,,,VN30,ok,pdf_meta
LPB_2023,LPB,2023,,False,vi,LPB_2023_vi.txt,,,VN30,ok,missing
LPB_2021,LPB,2021,2022-04-18,False,vi,LPB_2021_vi.txt,,,VN30,ok,pdf_meta
HT1_2022,HT1,2022,2023-04-04,False,vi,HT1_2022_vi.txt,,,VN100,not_found,pdf_meta
HT1_2023,HT1,2023,2024-04-02,False,vi,HT1_2023_vi.txt,,,VN100,not_found,pdf_meta
MBB_2025,MBB,2025,,False,vi,MBB_2025_vi.txt,,,VN30,ok,missing
MBB_2024,MBB,2024,2025-04-22,False,vi,MBB_2024_vi.txt,,,VN30,ok,pdf_meta
MBB_2023,MBB,2023,2024-04-10,False,vi,MBB_2023_vi.txt,,,VN30,ok,pdf_meta
MBB_2022,MBB,2022,2023-04-06,False,vi,MBB_2022_vi.txt,,,VN30,not_found,pdf_meta
MBB_2021,MBB,2021,2022-03-28,False,vi,MBB_2021_vi.txt,,,VN30,ok,pdf_meta
MBB_2020,MBB,2020,2021-02-26,False,vi,MBB_2020_vi.txt,,,VN30,ok,pdf_meta
LPB_2019,LPB,2019,2020-04-20,False,vi,LPB_2019_vi.txt,,,VN30,not_found,pdf_meta
MBB_2018,MBB,2018,2019-03-18,False,vi,MBB_2018_vi.txt,,,VN30,ok,pdf_meta
LPB_2018,LPB,2018,2019-04-17,False,vi,LPB_2018_vi.txt,,,VN30,not_found,pdf_meta
MBB_2016,MBB,2016,2017-04-13,False,vi,MBB_2016_vi.txt,,,VN30,ok,pdf_meta
MBB_2017,MBB,2017,2018-03-23,False,vi,MBB_2017_vi.txt,,,VN30,ok,pdf_meta
MCH_2025,MCH,2025,2026-03-22,False,vi,MCH_2025_vi.txt,,,VN30,ok,pdf_meta
MCH_2024,MCH,2024,2025-03-21,False,vi,MCH_2024_vi.txt,,,VN30,not_found,pdf_meta
MCH_2022,MCH,2022,2023-03-21,False,vi,MCH_2022_vi.txt,,,VN30,not_found,pdf_meta
MCH_2023,MCH,2023,2024-03-28,False,vi,MCH_2023_vi.txt,,,VN30,not_found,pdf_meta
MCH_2021,MCH,2021,2022-04-12,False,vi,MCH_2021_vi.txt,,,VN30,not_found,pdf_meta
MCH_2020,MCH,2020,2021-03-29,False,vi,MCH_2020_vi.txt,,,VN30,not_found,pdf_meta
MCH_2018,MCH,2018,2019-04-04,False,vi,MCH_2018_vi.txt,,,VN30,ok,pdf_meta
MCH_2017,MCH,2017,2018-04-05,False,vi,MCH_2017_vi.txt,,,VN30,ok,pdf_meta
MCH_2016,MCH,2016,2017-04-13,False,vi,MCH_2016_vi.txt,,,VN30,ok,pdf_meta
LPB_2017,LPB,2017,,False,vi,LPB_2017_vi.txt,,,VN30,not_found,missing
MSB_2025,MSB,2025,2026-04-20,False,vi,MSB_2025_vi.txt,,,VN100,ok,pdf_meta
MSB_2024,MSB,2024,2025-04-21,False,vi,MSB_2024_vi.txt,,,VN100,ok,pdf_meta
MSB_2022,MSB,2022,,False,vi,MSB_2022_vi.txt,,,VN100,ok,missing
MCH_2019,MCH,2019,2020-04-17,False,vi,MCH_2019_vi.txt,,,VN30,not_found,pdf_meta
MSB_2023,MSB,2023,,False,vi,MSB_2023_vi.txt,,,VN100,ok,missing
MSB_2019,MSB,2019,2020-04-01,False,vi,MSB_2019_vi.txt,,,VN100,ok,pdf_meta
MSB_2020,MSB,2020,2021-03-24,False,vi,MSB_2020_vi.txt,,,VN100,ok,pdf_meta
MSB_2021,MSB,2021,2022-03-23,False,vi,MSB_2021_vi.txt,,,VN100,not_found,pdf_meta
MSB_2017,MSB,2017,2018-07-04,False,vi,MSB_2017_vi.txt,,,VN100,ok,pdf_meta
MSB_2016,MSB,2016,,False,vi,MSB_2016_vi.txt,,,VN100,ok,missing
MSB_2018,MSB,2018,2019-07-24,False,vi,MSB_2018_vi.txt,,,VN100,ok,pdf_meta
MSN_2025,MSN,2025,2026-04-02,False,vi,MSN_2025_vi.txt,,,VN30,not_found,pdf_meta
MSN_2022,MSN,2022,2023-03-22,False,vi,MSN_2022_vi.txt,,,VN30,not_found,pdf_meta
MSN_2024,MSN,2024,2025-04-25,False,vi,MSN_2024_vi.txt,,,VN30,not_found,pdf_meta
MSN_2021,MSN,2021,2022-04-07,False,vi,MSN_2021_vi.txt,,,VN30,not_found,pdf_meta
MSN_2023,MSN,2023,2024-04-24,False,vi,MSN_2023_vi.txt,,,VN30,ok,pdf_meta
MSN_2018,MSN,2018,2019-04-04,False,vi,MSN_2018_vi.txt,,,VN30,ok,pdf_meta
MSN_2017,MSN,2017,2018-04-05,False,vi,MSN_2017_vi.txt,,,VN30,ok,pdf_meta
MSN_2016,MSN,2016,2017-04-13,False,vi,MSN_2016_vi.txt,,,VN30,ok,pdf_meta
MWG_2025,MWG,2025,2026-03-26,False,vi,MWG_2025_vi.txt,,,VN30,ok,pdf_meta
MWG_2023,MWG,2023,,False,vi,MWG_2023_vi.txt,,,VN30,ok,missing
MWG_2022,MWG,2022,2023-03-27,False,vi,MWG_2022_vi.txt,,,VN30,ok,pdf_meta
MWG_2024,MWG,2024,2025-04-04,False,vi,MWG_2024_vi.txt,,,VN30,ok,pdf_meta
MWG_2020,MWG,2020,2021-03-26,False,vi,MWG_2020_vi.txt,,,VN30,ok,pdf_meta
MWG_2021,MWG,2021,2022-04-01,False,vi,MWG_2021_vi.txt,,,VN30,ok,pdf_meta
MWG_2019,MWG,2019,2020-03-24,False,vi,MWG_2019_vi.txt,,,VN30,ok,pdf_meta
MWG_2017,MWG,2017,,False,vi,MWG_2017_vi.txt,,,VN30,not_found,missing
MWG_2016,MWG,2016,,False,vi,MWG_2016_vi.txt,,,VN30,ok,missing
MWG_2018,MWG,2018,2019-03-20,False,vi,MWG_2018_vi.txt,,,VN30,ok,pdf_meta
MBB_2019,MBB,2019,2020-04-06,False,vi,MBB_2019_vi.txt,,,VN30,not_found,pdf_meta
MSN_2019,MSN,2019,2020-04-20,False,vi,MSN_2019_vi.txt,,,VN30,not_found,pdf_meta
NAB_2025,NAB,2025,2026-03-18,False,vi,NAB_2025_vi.txt,,,VN100,not_found,pdf_meta
NAB_2024,NAB,2024,2025-03-28,False,vi,NAB_2024_vi.txt,,,VN100,not_found,pdf_meta
NAB_2023,NAB,2023,2024-03-27,False,vi,NAB_2023_vi.txt,,,VN100,not_found,pdf_meta
NAB_2022,NAB,2022,,False,vi,NAB_2022_vi.txt,,,VN100,not_found,missing
NAB_2020,NAB,2020,,False,vi,NAB_2020_vi.txt,,,VN100,not_found,missing
NAB_2021,NAB,2021,2022-03-29,False,vi,NAB_2021_vi.txt,,,VN100,not_found,pdf_meta
NAB_2019,NAB,2019,2020-03-24,False,vi,NAB_2019_vi.txt,,,VN100,ok,pdf_meta
NKG_2025,NKG,2025,2026-04-13,False,vi,NKG_2025_vi.txt,,,VN100,ok,pdf_meta
NKG_2024,NKG,2024,2025-04-12,False,vi,NKG_2024_vi.txt,,,VN100,ok,pdf_meta
NKG_2023,NKG,2023,2024-04-10,False,vi,NKG_2023_vi.txt,,,VN100,ok,pdf_meta
NKG_2022,NKG,2022,2023-04-10,False,vi,NKG_2022_vi.txt,,,VN100,ok,pdf_meta
NKG_2021,NKG,2021,2022-04-12,False,vi,NKG_2021_vi.txt,,,VN100,ok,pdf_meta
NAB_2018,NAB,2018,2019-03-26,False,vi,NAB_2018_vi.txt,,,VN100,not_found,pdf_meta
NKG_2019,NKG,2019,2020-04-29,False,vi,NKG_2019_vi.txt,,,VN100,ok,pdf_meta
NKG_2018,NKG,2018,2019-04-19,False,vi,NKG_2018_vi.txt,,,VN100,not_found,pdf_meta
NAB_2016,NAB,2016,,False,vi,NAB_2016_vi.txt,,,VN100,not_found,missing
NKG_2020,NKG,2020,2021-04-20,False,vi,NKG_2020_vi.txt,,,VN100,ok,pdf_meta
NLG_2025,NLG,2025,2026-04-03,False,vi,NLG_2025_vi.txt,,,VN100,ok,pdf_meta
NLG_2024,NLG,2024,2025-04-02,False,vi,NLG_2024_vi.txt,,,VN100,ok,pdf_meta
NKG_2017,NKG,2017,,False,vi,NKG_2017_vi.txt,,,VN100,not_found,missing
NLG_2023,NLG,2023,2024-04-07,False,vi,NLG_2023_vi.txt,,,VN100,ok,pdf_meta
NLG_2021,NLG,2021,2022-04-07,False,vi,NLG_2021_vi.txt,,,VN100,ok,pdf_meta
NLG_2022,NLG,2022,2023-04-19,False,vi,NLG_2022_vi.txt,,,VN100,ok,pdf_meta
NLG_2020,NLG,2020,2021-04-05,False,vi,NLG_2020_vi.txt,,,VN100,ok,pdf_meta
NLG_2018,NLG,2018,2019-03-27,False,vi,NLG_2018_vi.txt,,,VN100,ok,pdf_meta
NKG_2016,NKG,2016,,False,vi,NKG_2016_vi.txt,,,VN100,not_found,missing
NLG_2017,NLG,2017,2018-04-06,False,vi,NLG_2017_vi.txt,,,VN100,ok,pdf_meta
NLG_2016,NLG,2016,2017-03-28,False,vi,NLG_2016_vi.txt,,,VN100,ok,pdf_meta
NAB_2017,NAB,2017,2018-05-11,False,vi,NAB_2017_vi.txt,,,VN100,not_found,pdf_meta
NLG_2019,NLG,2019,2020-04-06,False,vi,NLG_2019_vi.txt,,,VN100,ok,pdf_meta
NT2_2025,NT2,2025,2026-03-19,False,vi,NT2_2025_vi.txt,,,VN100,ok,pdf_meta
NT2_2024,NT2,2024,2025-04-03,False,vi,NT2_2024_vi.txt,,,VN100,ok,pdf_meta
NT2_2023,NT2,2023,2024-04-01,False,vi,NT2_2023_vi.txt,,,VN100,ok,pdf_meta
NT2_2022,NT2,2022,2023-03-27,False,vi,NT2_2022_vi.txt,,,VN100,ok,pdf_meta
NT2_2021,NT2,2021,2022-03-23,False,vi,NT2_2021_vi.txt,,,VN100,ok,pdf_meta
NT2_2017,NT2,2017,,False,vi,NT2_2017_vi.txt,,,VN100,ok,missing
NT2_2019,NT2,2019,2020-03-19,False,vi,NT2_2019_vi.txt,,,VN100,ok,pdf_meta
NVL_2025,NVL,2025,2026-04-14,False,vi,NVL_2025_vi.txt,,,VN100,ok,pdf_meta
NT2_2016,NT2,2016,2017-03-06,False,vi,NT2_2016_vi.txt,,,VN100,ok,pdf_meta
NVL_2024,NVL,2024,2025-04-03,False,vi,NVL_2024_vi.txt,,,VN100,ok,pdf_meta
NVL_2023,NVL,2023,2024-04-04,False,vi,NVL_2023_vi.txt,,,VN100,ok,pdf_meta
NT2_2018,NT2,2018,2019-03-08,False,vi,NT2_2018_vi.txt,,,VN100,ok,pdf_meta
NVL_2020,NVL,2020,2021-04-05,False,vi,NVL_2020_vi.txt,,,VN100,ok,pdf_meta
NVL_2019,NVL,2019,2020-03-16,False,vi,NVL_2019_vi.txt,,,VN100,ok,pdf_meta
NVL_2017,NVL,2017,2018-04-19,False,vi,NVL_2017_vi.txt,,,VN100,ok,pdf_meta
NVL_2021,NVL,2021,2022-03-19,False,vi,NVL_2021_vi.txt,,,VN100,ok,pdf_meta
NVL_2016,NVL,2016,2017-04-03,False,vi,NVL_2016_vi.txt,,,VN100,ok,pdf_meta
NVL_2018,NVL,2018,2019-04-14,False,vi,NVL_2018_vi.txt,,,VN100,ok,pdf_meta
OCB_2025,OCB,2025,2026-04-08,False,vi,OCB_2025_vi.txt,,,VN100,ok,pdf_meta
OCB_2022,OCB,2022,2023-04-18,False,vi,OCB_2022_vi.txt,,,VN100,not_found,pdf_meta
OCB_2020,OCB,2020,2021-04-15,False,vi,OCB_2020_vi.txt,,,VN100,ok,pdf_meta
OCB_2021,OCB,2021,2022-04-01,False,vi,OCB_2021_vi.txt,,,VN100,ok,pdf_meta
OCB_2019,OCB,2019,2020-05-08,False,vi,OCB_2019_vi.txt,,,VN100,not_found,pdf_meta
OCB_2017,OCB,2017,,False,vi,OCB_2017_vi.txt,,,VN100,ok,missing
OCB_2016,OCB,2016,,False,vi,OCB_2016_vi.txt,,,VN100,ok,missing
OCB_2018,OCB,2018,2019-04-19,False,vi,OCB_2018_vi.txt,,,VN100,ok,pdf_meta
PAN_2025,PAN,2025,2026-04-20,False,vi,PAN_2025_vi.txt,,,VN100,ok,pdf_meta
PAN_2024,PAN,2024,2025-04-18,False,vi,PAN_2024_vi.txt,,,VN100,ok,pdf_meta
PAN_2023,PAN,2023,2024-04-18,False,vi,PAN_2023_vi.txt,,,VN100,ok,pdf_meta
PAN_2021,PAN,2021,2022-04-21,False,vi,PAN_2021_vi.txt,,,VN100,ok,pdf_meta
PAN_2019,PAN,2019,2020-04-19,False,vi,PAN_2019_vi.txt,,,VN100,ok,pdf_meta
PAN_2018,PAN,2018,,False,vi,PAN_2018_vi.txt,,,VN100,ok,missing
PAN_2017,PAN,2017,2018-04-19,False,vi,PAN_2017_vi.txt,,,VN100,ok,pdf_meta
PC1_2025,PC1,2025,2026-04-20,False,vi,PC1_2025_vi.txt,,,VN100,ok,pdf_meta
PAN_2016,PAN,2016,2017-04-19,False,vi,PAN_2016_vi.txt,,,VN100,ok,pdf_meta
PC1_2023,PC1,2023,2024-04-19,False,vi,PC1_2023_vi.txt,,,VN100,ok,pdf_meta
PC1_2024,PC1,2024,2025-04-20,False,vi,PC1_2024_vi.txt,,,VN100,ok,pdf_meta
PC1_2021,PC1,2021,2022-04-18,False,vi,PC1_2021_vi.txt,,,VN100,ok,pdf_meta
PC1_2019,PC1,2019,2020-04-17,False,vi,PC1_2019_vi.txt,,,VN100,not_found,pdf_meta
PC1_2022,PC1,2022,2023-04-18,False,vi,PC1_2022_vi.txt,,,VN100,ok,pdf_meta
PC1_2018,PC1,2018,,False,vi,PC1_2018_vi.txt,,,VN100,ok,missing
PC1_2016,PC1,2016,2017-04-19,False,vi,PC1_2016_vi.txt,,,VN100,ok,pdf_meta
PDR_2025,PDR,2025,2026-04-15,False,vi,PDR_2025_vi.txt,,,VN100,ok,pdf_meta
PDR_2024,PDR,2024,2025-04-20,False,vi,PDR_2024_vi.txt,,,VN100,ok,pdf_meta
PDR_2023,PDR,2023,2024-03-23,False,vi,PDR_2023_vi.txt,,,VN100,ok,pdf_meta
PC1_2017,PC1,2017,2018-04-20,False,vi,PC1_2017_vi.txt,,,VN100,not_found,pdf_meta
PDR_2020,PDR,2020,2021-03-23,False,vi,PDR_2020_vi.txt,,,VN100,ok,pdf_meta
PDR_2019,PDR,2019,2020-03-25,False,vi,PDR_2019_vi.txt,,,VN100,not_found,pdf_meta
PDR_2018,PDR,2018,2019-03-22,False,vi,PDR_2018_vi.txt,,,VN100,ok,pdf_meta
PDR_2017,PDR,2017,2018-03-27,False,vi,PDR_2017_vi.txt,,,VN100,ok,pdf_meta
OCB_2024,OCB,2024,2025-04-04,False,vi,OCB_2024_vi.txt,,,VN100,ok,pdf_meta
PHR_2025,PHR,2025,2026-04-02,False,vi,PHR_2025_vi.txt,,,VN100,not_found,pdf_meta
PDR_2021,PDR,2021,2022-03-21,False,vi,PDR_2021_vi.txt,,,VN100,ok,pdf_meta
PDR_2016,PDR,2016,2017-03-20,False,vi,PDR_2016_vi.txt,,,VN100,not_found,pdf_meta
PHR_2022,PHR,2022,2023-03-28,False,vi,PHR_2022_vi.txt,,,VN100,not_found,pdf_meta
PHR_2024,PHR,2024,2025-04-10,False,vi,PHR_2024_vi.txt,,,VN100,not_found,pdf_meta
PHR_2023,PHR,2023,2024-03-22,False,vi,PHR_2023_vi.txt,,,VN100,not_found,pdf_meta
PHR_2021,PHR,2021,2022-03-23,False,vi,PHR_2021_vi.txt,,,VN100,not_found,pdf_meta
PHR_2019,PHR,2019,,False,vi,PHR_2019_vi.txt,,,VN100,not_found,missing
PHR_2020,PHR,2020,2021-03-18,False,vi,PHR_2020_vi.txt,,,VN100,not_found,pdf_meta
PHR_2018,PHR,2018,,False,vi,PHR_2018_vi.txt,,,VN100,not_found,missing
PLX_2025,PLX,2025,2026-04-21,False,vi,PLX_2025_vi.txt,,,VN100,ok,pdf_meta
PLX_2024,PLX,2024,,False,vi,PLX_2024_vi.txt,,,VN100,ok,missing
PHR_2017,PHR,2017,,False,vi,PHR_2017_vi.txt,,,VN100,not_found,missing
PNJ_2025,PNJ,2025,2026-04-07,False,vi,PNJ_2025_vi.txt,,,VN100,ok,pdf_meta
PNJ_2024,PNJ,2024,2025-04-16,False,vi,PNJ_2024_vi.txt,,,VN100,ok,pdf_meta
PNJ_2023,PNJ,2023,2024-04-13,False,vi,PNJ_2023_vi.txt,,,VN100,not_found,pdf_meta
PNJ_2022,PNJ,2022,2023-04-17,False,vi,PNJ_2022_vi.txt,,,VN100,not_found,pdf_meta
PNJ_2021,PNJ,2021,2022-04-05,False,vi,PNJ_2021_vi.txt,,,VN100,ok,pdf_meta
PNJ_2020,PNJ,2020,2021-04-16,False,vi,PNJ_2020_vi.txt,,,VN100,ok,pdf_meta
PNJ_2019,PNJ,2019,2020-03-25,False,vi,PNJ_2019_vi.txt,,,VN100,ok,pdf_meta
PNJ_2018,PNJ,2018,2019-04-03,False,vi,PNJ_2018_vi.txt,,,VN100,ok,pdf_meta
PNJ_2017,PNJ,2017,2018-04-05,False,vi,PNJ_2017_vi.txt,,,VN100,ok,pdf_meta
PNJ_2016,PNJ,2016,2017-04-19,False,vi,PNJ_2016_vi.txt,,,VN100,ok,pdf_meta
POW_2025,POW,2025,2026-04-06,False,vi,POW_2025_vi.txt,,,VN100,ok,pdf_meta
POW_2024,POW,2024,2025-04-18,False,vi,POW_2024_vi.txt,,,VN100,ok,pdf_meta
POW_2023,POW,2023,2024-04-17,False,vi,POW_2023_vi.txt,,,VN100,ok,pdf_meta
POW_2022,POW,2022,2023-04-03,False,vi,POW_2022_vi.txt,,,VN100,ok,pdf_meta
PHR_2016,PHR,2016,,False,vi,PHR_2016_vi.txt,,,VN100,not_found,missing
POW_2020,POW,2020,2021-04-26,False,vi,POW_2020_vi.txt,,,VN100,ok,pdf_meta
POW_2021,POW,2021,2022-04-13,False,vi,POW_2021_vi.txt,,,VN100,ok,pdf_meta
POW_2018,POW,2018,2019-04-09,False,vi,POW_2018_vi.txt,,,VN100,ok,pdf_meta
POW_2019,POW,2019,2020-04-15,False,vi,POW_2019_vi.txt,,,VN100,ok,pdf_meta
PLX_2016,PLX,2016,,False,vi,PLX_2016_vi.txt,,,VN100,not_found,missing
PVD_2023,PVD,2023,2024-04-17,False,vi,PVD_2023_vi.txt,,,VN100,ok,pdf_meta
PVD_2022,PVD,2022,2023-04-13,False,vi,PVD_2022_vi.txt,,,VN100,ok,pdf_meta
PVD_2021,PVD,2021,2022-04-19,False,vi,PVD_2021_vi.txt,,,VN100,ok,pdf_meta
PVD_2020,PVD,2020,2021-04-20,False,vi,PVD_2020_vi.txt,,,VN100,ok,pdf_meta
PVD_2019,PVD,2019,2020-04-19,False,vi,PVD_2019_vi.txt,,,VN100,ok,pdf_meta
PVD_2018,PVD,2018,2019-04-18,False,vi,PVD_2018_vi.txt,,,VN100,ok,pdf_meta
PVD_2017,PVD,2017,2018-04-19,False,vi,PVD_2017_vi.txt,,,VN100,ok,pdf_meta
PVD_2016,PVD,2016,2017-04-24,False,vi,PVD_2016_vi.txt,,,VN100,ok,pdf_meta
PVT_2025,PVT,2025,2026-04-12,False,vi,PVT_2025_vi.txt,,,VN100,ok,pdf_meta
PVT_2024,PVT,2024,2025-03-31,False,vi,PVT_2024_vi.txt,,,VN100,ok,pdf_meta
PVT_2023,PVT,2023,2024-03-26,False,vi,PVT_2023_vi.txt,,,VN100,ok,pdf_meta
PVT_2022,PVT,2022,2023-04-07,False,vi,PVT_2022_vi.txt,,,VN100,ok,pdf_meta
PVD_2025,PVD,2025,2026-04-18,False,vi,PVD_2025_vi.txt,,,VN100,ok,pdf_meta
PVT_2020,PVT,2020,2021-04-22,False,vi,PVT_2020_vi.txt,,,VN100,not_found,pdf_meta
PVT_2019,PVT,2019,2020-04-16,False,vi,PVT_2019_vi.txt,,,VN100,ok,pdf_meta
PVT_2018,PVT,2018,,False,vi,PVT_2018_vi.txt,,,VN100,ok,missing
PVT_2021,PVT,2021,2022-04-13,False,vi,PVT_2021_vi.txt,,,VN100,not_found,pdf_meta
PVT_2016,PVT,2016,2017-04-05,False,vi,PVT_2016_vi.txt,,,VN100,ok,pdf_meta
REE_2025,REE,2025,2026-03-16,False,vi,REE_2025_vi.txt,,,VN100,ok,pdf_meta
REE_2024,REE,2024,2025-03-18,False,vi,REE_2024_vi.txt,,,VN100,ok,pdf_meta
REE_2023,REE,2023,2024-03-28,False,vi,REE_2023_vi.txt,,,VN100,ok,pdf_meta
REE_2021,REE,2021,2022-03-10,False,vi,REE_2021_vi.txt,,,VN100,ok,pdf_meta
REE_2020,REE,2020,2021-03-16,False,vi,REE_2020_vi.txt,,,VN100,ok,pdf_meta
REE_2019,REE,2019,2020-03-17,False,vi,REE_2019_vi.txt,,,VN100,ok,pdf_meta
REE_2018,REE,2018,2019-03-18,False,vi,REE_2018_vi.txt,,,VN100,ok,pdf_meta
REE_2017,REE,2017,2018-03-16,False,vi,REE_2017_vi.txt,,,VN100,ok,pdf_meta
REE_2016,REE,2016,2017-03-22,False,vi,REE_2016_vi.txt,,,VN100,ok,pdf_meta
SAB_2025,SAB,2025,2026-04-15,False,vi,SAB_2025_vi.txt,,,VN30,ok,pdf_meta
SAB_2024,SAB,2024,2025-04-16,False,vi,SAB_2024_vi.txt,,,VN30,ok,pdf_meta
SAB_2018,SAB,2018,2019-04-10,False,vi,SAB_2018_vi.txt,,,VN30,ok,pdf_meta
SAB_2016,SAB,2016,2017-04-05,False,vi,SAB_2016_vi.txt,,,VN30,ok,pdf_meta
SBT_2024,SBT,2024,,False,vi,SBT_2024_vi.txt,,,VN100,ok,missing
SBT_2023,SBT,2023,,False,vi,SBT_2023_vi.txt,,,VN100,ok,missing
SBT_2022,SBT,2022,,False,vi,SBT_2022_vi.txt,,,VN100,ok,missing
SBT_2021,SBT,2021,,False,vi,SBT_2021_vi.txt,,,VN100,not_found,missing
SBT_2019,SBT,2019,,False,vi,SBT_2019_vi.txt,,,VN100,ok,missing
SBT_2017,SBT,2017,,False,vi,SBT_2017_vi.txt,,,VN100,ok,missing
SHB_2025,SHB,2025,2026-04-20,False,vi,SHB_2025_vi.txt,,,VN30,ok,pdf_meta
SHB_2024,SHB,2024,2025-04-18,False,vi,SHB_2024_vi.txt,,,VN30,ok,pdf_meta
SHB_2021,SHB,2021,2022-04-05,False,vi,SHB_2021_vi.txt,,,VN30,not_found,pdf_meta
SHB_2020,SHB,2020,,False,vi,SHB_2020_vi.txt,,,VN30,ok,missing
PVT_2017,PVT,2017,,False,vi,PVT_2017_vi.txt,,,VN100,not_found,missing
SHB_2018,SHB,2018,,False,vi,SHB_2018_vi.txt,,,VN30,ok,missing
SHB_2016,SHB,2016,,False,vi,SHB_2016_vi.txt,,,VN30,ok,missing
SIP_2024,SIP,2024,2025-04-21,False,vi,SIP_2024_vi.txt,,,VN100,not_found,pdf_meta
SIP_2025,SIP,2025,2026-04-20,False,vi,SIP_2025_vi.txt,,,VN100,not_found,pdf_meta
SIP_2022,SIP,2022,2023-03-30,False,vi,SIP_2022_vi.txt,,,VN100,not_found,pdf_meta
SIP_2023,SIP,2023,2024-04-19,False,vi,SIP_2023_vi.txt,,,VN100,not_found,pdf_meta
SIP_2021,SIP,2021,2022-04-08,False,vi,SIP_2021_vi.txt,,,VN100,not_found,pdf_meta
SIP_2020,SIP,2020,2021-04-19,False,vi,SIP_2020_vi.txt,,,VN100,not_found,pdf_meta
SJS_2025,SJS,2025,2026-04-20,False,vi,SJS_2025_vi.txt,,,VN100,ok,pdf_meta
PVD_2024,PVD,2024,2025-04-10,False,vi,PVD_2024_vi.txt,,,VN100,not_found,pdf_meta
SIP_2019,SIP,2019,2020-04-17,False,vi,SIP_2019_vi.txt,,,VN100,not_found,pdf_meta
SJS_2024,SJS,2024,,False,vi,SJS_2024_vi.txt,,,VN100,not_found,missing
SJS_2022,SJS,2022,2023-03-10,False,vi,SJS_2022_vi.txt,,,VN100,not_found,pdf_meta
SJS_2023,SJS,2023,,False,vi,SJS_2023_vi.txt,,,VN100,not_found,missing
SJS_2021,SJS,2021,2022-04-20,False,vi,SJS_2021_vi.txt,,,VN100,not_found,pdf_meta
SJS_2019,SJS,2019,2020-04-29,False,vi,SJS_2019_vi.txt,,,VN100,not_found,pdf_meta
SJS_2020,SJS,2020,2021-04-23,False,vi,SJS_2020_vi.txt,,,VN100,not_found,pdf_meta
NT2_2020,NT2,2020,2021-03-15,False,vi,NT2_2020_vi.txt,,,VN100,ok,pdf_meta
SSB_2025,SSB,2025,2026-04-01,False,vi,SSB_2025_vi.txt,,,VN30,ok,pdf_meta
SSB_2024,SSB,2024,2025-04-08,False,vi,SSB_2024_vi.txt,,,VN30,ok,pdf_meta
SSB_2019,SSB,2019,2020-04-06,False,vi,SSB_2019_vi.txt,,,VN30,not_found,pdf_meta
SSB_2018,SSB,2018,2019-06-21,False,vi,SSB_2018_vi.txt,,,VN30,ok,pdf_meta
SJS_2018,SJS,2018,2019-04-18,False,vi,SJS_2018_vi.txt,,,VN100,not_found,pdf_meta
SSB_2017,SSB,2017,2018-05-16,False,vi,SSB_2017_vi.txt,,,VN30,ok,pdf_meta
SSI_2024,SSI,2024,,False,vi,SSI_2024_vi.txt,,,VN30,ok,missing
SSI_2023,SSI,2023,,False,vi,SSI_2023_vi.txt,,,VN30,ok,missing
SSI_2022,SSI,2022,,False,vi,SSI_2022_vi.txt,,,VN30,ok,missing
SSI_2021,SSI,2021,2022-04-15,False,vi,SSI_2021_vi.txt,,,VN30,ok,pdf_meta
SSI_2020,SSI,2020,2021-04-19,False,vi,SSI_2020_vi.txt,,,VN30,ok,pdf_meta
SSI_2019,SSI,2019,2020-04-17,False,vi,SSI_2019_vi.txt,,,VN30,ok,pdf_meta
SSI_2018,SSI,2018,2019-04-11,False,vi,SSI_2018_vi.txt,,,VN30,not_found,pdf_meta
SSI_2017,SSI,2017,2018-04-16,False,vi,SSI_2017_vi.txt,,,VN30,ok,pdf_meta
SSI_2016,SSI,2016,2017-04-14,False,vi,SSI_2016_vi.txt,,,VN30,ok,pdf_meta
STB_2025,STB,2025,2026-04-17,False,vi,STB_2025_vi.txt,,,VN30,ok,pdf_meta
STB_2024,STB,2024,2025-04-18,False,vi,STB_2024_vi.txt,,,VN30,ok,pdf_meta
STB_2022,STB,2022,,False,vi,STB_2022_vi.txt,,,VN30,not_found,missing
SJS_2017,SJS,2017,2018-03-19,False,vi,SJS_2017_vi.txt,,,VN100,not_found,pdf_meta
STB_2021,STB,2021,2022-04-19,False,vi,STB_2021_vi.txt,,,VN30,not_found,pdf_meta
STB_2019,STB,2019,2020-04-18,False,vi,STB_2019_vi.txt,,,VN30,ok,pdf_meta
STB_2018,STB,2018,2019-04-19,False,vi,STB_2018_vi.txt,,,VN30,ok,pdf_meta
STB_2016,STB,2016,2017-06-19,False,vi,STB_2016_vi.txt,,,VN30,ok,pdf_meta
TAL_2024,TAL,2024,2025-04-18,False,vi,TAL_2024_vi.txt,,,VN100,ok,pdf_meta
TCB_2025,TCB,2025,2026-04-06,False,vi,TCB_2025_vi.txt,,,VN30,ok,pdf_meta
TAL_2025,TAL,2025,2026-04-18,False,vi,TAL_2025_vi.txt,,,VN100,ok,pdf_meta
TCB_2024,TCB,2024,2025-04-04,False,vi,TCB_2024_vi.txt,,,VN30,ok,pdf_meta
TCB_2022,TCB,2022,,False,vi,TCB_2022_vi.txt,,,VN30,ok,missing
TCB_2023,TCB,2023,2024-04-17,False,vi,TCB_2023_vi.txt,,,VN30,ok,pdf_meta
TCB_2021,TCB,2021,2022-04-19,False,vi,TCB_2021_vi.txt,,,VN30,ok,pdf_meta
TCB_2019,TCB,2019,2020-04-16,False,vi,TCB_2019_vi.txt,,,VN30,ok,pdf_meta
TCB_2020,TCB,2020,2021-04-12,False,vi,TCB_2020_vi.txt,,,VN30,ok,pdf_meta
TCB_2017,TCB,2017,2018-03-05,False,vi,TCB_2017_vi.txt,,,VN30,ok,pdf_meta
TCB_2016,TCB,2016,2017-03-28,False,vi,TCB_2016_vi.txt,,,VN30,ok,pdf_meta
SJS_2016,SJS,2016,2017-04-18,False,vi,SJS_2016_vi.txt,,,VN100,not_found,pdf_meta
TCH_2024,TCH,2024,2025-07-07,False,vi,TCH_2024_vi.txt,,,VN100,ok,pdf_meta
TCB_2018,TCB,2018,,False,vi,TCB_2018_vi.txt,,,VN30,ok,missing
SSI_2025,SSI,2025,2026-04-15,False,vi,SSI_2025_vi.txt,,,VN30,ok,pdf_meta
TCH_2021,TCH,2021,2022-06-15,False,vi,TCH_2021_vi.txt,,,VN100,ok,pdf_meta
TCH_2023,TCH,2023,2024-06-21,False,vi,TCH_2023_vi.txt,,,VN100,ok,pdf_meta
TCH_2019,TCH,2019,2020-06-11,False,vi,TCH_2019_vi.txt,,,VN100,ok,pdf_meta
TCH_2018,TCH,2018,2019-06-15,False,vi,TCH_2018_vi.txt,,,VN100,ok,pdf_meta
TCH_2017,TCH,2017,2018-05-29,False,vi,TCH_2017_vi.txt,,,VN100,ok,pdf_meta
TCX_2025,TCX,2025,2026-03-25,False,vi,TCX_2025_vi.txt,,,VN30,ok,pdf_meta
TCH_2016,TCH,2016,,False,vi,TCH_2016_vi.txt,,,VN100,ok,missing
TPB_2019,TPB,2019,2020-04-14,False,vi,TPB_2019_vi.txt,,,VN100,ok,pdf_meta
TPB_2025,TPB,2025,2026-04-20,False,vi,TPB_2025_vi.txt,,,VN100,ok,pdf_meta
TPB_2024,TPB,2024,2025-04-17,False,vi,TPB_2024_vi.txt,,,VN100,ok,pdf_meta
TPB_2017,TPB,2017,2018-04-12,False,vi,TPB_2017_vi.txt,,,VN100,ok,pdf_meta
VCB_2025,VCB,2025,2026-04-16,False,vi,VCB_2025_vi.txt,,,VN30,ok,pdf_meta
VCB_2024,VCB,2024,2025-04-17,False,vi,VCB_2024_vi.txt,,,VN30,ok,pdf_meta
VCB_2023,VCB,2023,2024-04-17,False,vi,VCB_2023_vi.txt,,,VN30,ok,pdf_meta
TPB_2018,TPB,2018,2019-04-08,False,vi,TPB_2018_vi.txt,,,VN100,ok,pdf_meta
VCB_2021,VCB,2021,2022-04-18,False,vi,VCB_2021_vi.txt,,,VN30,ok,pdf_meta
VCB_2019,VCB,2019,2020-04-06,False,vi,VCB_2019_vi.txt,,,VN30,ok,pdf_meta
VCB_2020,VCB,2020,2021-04-20,False,vi,VCB_2020_vi.txt,,,VN30,ok,pdf_meta
VCB_2017,VCB,2017,2018-04-20,False,vi,VCB_2017_vi.txt,,,VN30,ok,pdf_meta
VCB_2018,VCB,2018,2019-04-22,False,vi,VCB_2018_vi.txt,,,VN30,ok,pdf_meta
VCB_2016,VCB,2016,2017-04-19,False,vi,VCB_2016_vi.txt,,,VN30,ok,pdf_meta
VCG_2023,VCG,2023,2024-04-19,False,vi,VCG_2023_vi.txt,,,VN100,ok,pdf_meta
VCG_2025,VCG,2025,2026-04-20,False,vi,VCG_2025_vi.txt,,,VN100,ok,pdf_meta
VCG_2024,VCG,2024,2025-04-18,False,vi,VCG_2024_vi.txt,,,VN100,ok,pdf_meta
VCG_2022,VCG,2022,2023-04-17,False,vi,VCG_2022_vi.txt,,,VN100,ok,pdf_meta
VCG_2018,VCG,2018,2019-05-10,False,vi,VCG_2018_vi.txt,,,VN100,ok,pdf_meta
VCG_2021,VCG,2021,2022-04-21,False,vi,VCG_2021_vi.txt,,,VN100,ok,pdf_meta
VCG_2017,VCG,2017,,False,vi,VCG_2017_vi.txt,,,VN100,ok,missing
TPB_2016,TPB,2016,2017-04-20,False,vi,TPB_2016_vi.txt,,,VN100,ok,pdf_meta
VCI_2025,VCI,2025,2026-03-05,False,vi,VCI_2025_vi.txt,,,VN100,ok,pdf_meta
VCG_2019,VCG,2019,2020-04-20,False,vi,VCG_2019_vi.txt,,,VN100,ok,pdf_meta
VCI_2023,VCI,2023,2024-04-02,False,vi,VCI_2023_vi.txt,,,VN100,ok,pdf_meta
VCG_2016,VCG,2016,2017-05-08,False,vi,VCG_2016_vi.txt,,,VN100,ok,pdf_meta
VCI_2022,VCI,2022,2023-03-30,False,vi,VCI_2022_vi.txt,,,VN100,ok,pdf_meta
VCI_2021,VCI,2021,2022-03-30,False,vi,VCI_2021_vi.txt,,,VN100,ok,pdf_meta
VCI_2020,VCI,2020,2021-04-08,False,vi,VCI_2020_vi.txt,,,VN100,not_found,pdf_meta
VCI_2024,VCI,2024,2025-04-01,False,vi,VCI_2024_vi.txt,,,VN100,ok,pdf_meta
VCI_2018,VCI,2018,2019-04-18,False,vi,VCI_2018_vi.txt,,,VN100,ok,pdf_meta
VCK_2025,VCK,2025,2026-02-13,False,vi,VCK_2025_vi.txt,,,VN100,ok,pdf_meta
VCI_2017,VCI,2017,2018-04-16,False,vi,VCI_2017_vi.txt,,,VN100,ok,pdf_meta
VGC_2025,VGC,2025,2026-03-27,False,vi,VGC_2025_vi.txt,,,VN100,not_found,pdf_meta
VGC_2024,VGC,2024,2025-03-10,False,vi,VGC_2024_vi.txt,,,VN100,not_found,pdf_meta
VGC_2020,VGC,2020,2021-03-30,False,vi,VGC_2020_vi.txt,,,VN100,not_found,pdf_meta
VGC_2019,VGC,2019,2020-03-25,False,vi,VGC_2019_vi.txt,,,VN100,not_found,pdf_meta
VGC_2018,VGC,2018,2019-04-12,False,vi,VGC_2018_vi.txt,,,VN100,not_found,pdf_meta
VGC_2023,VGC,2023,2024-03-22,False,vi,VGC_2023_vi.txt,,,VN100,not_found,pdf_meta
VGC_2016,VGC,2016,2017-04-18,False,vi,VGC_2016_vi.txt,,,VN100,ok,pdf_meta
VHC_2025,VHC,2025,2026-04-17,False,vi,VHC_2025_vi.txt,,,VN100,ok,pdf_meta
VHC_2024,VHC,2024,2025-04-18,False,vi,VHC_2024_vi.txt,,,VN100,ok,pdf_meta
VHC_2023,VHC,2023,2024-04-19,False,vi,VHC_2023_vi.txt,,,VN100,ok,pdf_meta
VHC_2021,VHC,2021,2022-04-18,False,vi,VHC_2021_vi.txt,,,VN100,ok,pdf_meta
VHC_2019,VHC,2019,2020-04-13,False,vi,VHC_2019_vi.txt,,,VN100,ok,pdf_meta
VHC_2018,VHC,2018,2019-04-22,False,vi,VHC_2018_vi.txt,,,VN100,ok,pdf_meta
VHC_2017,VHC,2017,2018-04-23,False,vi,VHC_2017_vi.txt,,,VN100,ok,pdf_meta
VHC_2016,VHC,2016,2017-04-20,False,vi,VHC_2016_vi.txt,,,VN100,ok,pdf_meta
VHM_2025,VHM,2025,2026-04-11,False,vi,VHM_2025_vi.txt,,,VN30,ok,pdf_meta
VHM_2024,VHM,2024,2025-04-12,False,vi,VHM_2024_vi.txt,,,VN30,ok,pdf_meta
VHM_2023,VHM,2023,2024-04-02,False,vi,VHM_2023_vi.txt,,,VN30,ok,pdf_meta
VHM_2018,VHM,2018,2019-04-19,False,vi,VHM_2018_vi.txt,,,VN30,ok,pdf_meta
VGC_2022,VGC,2022,2023-03-23,False,vi,VGC_2022_vi.txt,,,VN100,not_found,pdf_meta
VGC_2021,VGC,2021,2022-03-17,False,vi,VGC_2021_vi.txt,,,VN100,not_found,pdf_meta
VIB_2025,VIB,2025,2026-03-20,False,vi,VIB_2025_vi.txt,,,VN30,ok,pdf_meta
VIB_2023,VIB,2023,2024-03-18,False,vi,VIB_2023_vi.txt,,,VN30,ok,pdf_meta
VIB_2024,VIB,2024,2025-03-17,False,vi,VIB_2024_vi.txt,,,VN30,ok,pdf_meta
VIB_2022,VIB,2022,2023-03-03,False,vi,VIB_2022_vi.txt,,,VN30,ok,pdf_meta
VIB_2021,VIB,2021,2022-03-06,False,vi,VIB_2021_vi.txt,,,VN30,ok,pdf_meta
VGC_2017,VGC,2017,2018-04-16,False,vi,VGC_2017_vi.txt,,,VN100,not_found,pdf_meta
VIB_2020,VIB,2020,2021-02-23,False,vi,VIB_2020_vi.txt,,,VN30,excluded_manual,pdf_meta
VIB_2019,VIB,2019,2020-03-14,False,vi,VIB_2019_vi.txt,,,VN30,not_found,pdf_meta
VIC_2025,VIC,2025,2026-04-13,False,vi,VIC_2025_vi.txt,,,VN30,ok,pdf_meta
VIC_2024,VIC,2024,2025-04-21,False,vi,VIC_2024_vi.txt,,,VN30,ok,pdf_meta
VIC_2023,VIC,2023,2024-04-17,False,vi,VIC_2023_vi.txt,,,VN30,ok,pdf_meta
VIC_2022,VIC,2022,2023-04-07,False,vi,VIC_2022_vi.txt,,,VN30,ok,pdf_meta
VIC_2021,VIC,2021,2022-04-19,False,vi,VIC_2021_vi.txt,,,VN30,ok,pdf_meta
VIC_2020,VIC,2020,2021-04-18,False,vi,VIC_2020_vi.txt,,,VN30,ok,pdf_meta
VIC_2019,VIC,2019,,False,vi,VIC_2019_vi.txt,,,VN30,ok,missing
VIB_2017,VIB,2017,,False,vi,VIB_2017_vi.txt,,,VN30,not_found,missing
VIC_2018,VIC,2018,2019-04-19,False,vi,VIC_2018_vi.txt,,,VN30,excluded_manual,pdf_meta
VIC_2017,VIC,2017,2018-04-20,False,vi,VIC_2017_vi.txt,,,VN30,ok,pdf_meta
VIC_2016,VIC,2016,2017-04-18,False,vi,VIC_2016_vi.txt,,,VN30,ok,pdf_meta
VIB_2016,VIB,2016,2017-04-20,False,vi,VIB_2016_vi.txt,,,VN30,not_found,pdf_meta
VIX_2023,VIX,2023,2024-03-25,False,vi,VIX_2023_vi.txt,,,VN100,excluded_manual,pdf_meta
VIB_2018,VIB,2018,2019-03-20,False,vi,VIB_2018_vi.txt,,,VN30,not_found,pdf_meta
VIX_2021,VIX,2021,2022-04-13,False,vi,VIX_2021_vi.txt,,,VN100,excluded_manual,pdf_meta
VIX_2024,VIX,2024,2025-04-08,False,vi,VIX_2024_vi.txt,,,VN100,excluded_manual,pdf_meta
VIX_2022,VIX,2022,2023-04-10,False,vi,VIX_2022_vi.txt,,,VN100,excluded_manual,pdf_meta
VIX_2017,VIX,2017,2018-04-11,False,vi,VIX_2017_vi.txt,,,VN100,not_found,pdf_meta
VIX_2025,VIX,2025,2026-04-08,False,vi,VIX_2025_vi.txt,,,VN100,not_found,pdf_meta
VJC_2025,VJC,2025,,False,vi,VJC_2025_vi.txt,,,VN30,ok,missing
VJC_2024,VJC,2024,2025-05-16,False,vi,VJC_2024_vi.txt,,,VN30,ok,pdf_meta
VJC_2023,VJC,2023,2024-04-22,False,vi,VJC_2023_vi.txt,,,VN30,ok,pdf_meta
VJC_2021,VJC,2021,2022-05-11,False,vi,VJC_2021_vi.txt,,,VN30,ok,pdf_meta
VJC_2019,VJC,2019,2020-05-28,False,vi,VJC_2019_vi.txt,,,VN30,ok,pdf_meta
VJC_2018,VJC,2018,,False,vi,VJC_2018_vi.txt,,,VN30,ok,missing
VJC_2017,VJC,2017,2018-04-26,False,vi,VJC_2017_vi.txt,,,VN30,ok,pdf_meta
VIX_2016,VIX,2016,2017-04-20,False,vi,VIX_2016_vi.txt,,,VN100,excluded_manual,pdf_meta
VIX_2019,VIX,2019,2020-03-31,False,vi,VIX_2019_vi.txt,,,VN100,not_found,pdf_meta
VJC_2016,VJC,2016,2017-04-19,False,vi,VJC_2016_vi.txt,,,VN30,not_found,pdf_meta
VND_2024,VND,2024,2025-04-18,False,vi,VND_2024_vi.txt,,,VN100,ok,pdf_meta
VIX_2018,VIX,2018,2019-03-27,False,vi,VIX_2018_vi.txt,,,VN100,not_found,pdf_meta
VND_2021,VND,2021,2022-03-22,False,vi,VND_2021_vi.txt,,,VN100,ok,pdf_meta
VND_2023,VND,2023,2024-04-19,False,vi,VND_2023_vi.txt,,,VN100,ok,pdf_meta
VND_2019,VND,2019,2020-04-20,False,vi,VND_2019_vi.txt,,,VN100,ok,pdf_meta
VND_2017,VND,2017,,False,vi,VND_2017_vi.txt,,,VN100,ok,missing
VNM_2025,VNM,2025,2026-03-19,False,vi,VNM_2025_vi.txt,,,VN30,ok,pdf_meta
VNM_2024,VNM,2024,2025-03-20,False,vi,VNM_2024_vi.txt,,,VN30,ok,pdf_meta
VND_2018,VND,2018,2019-04-19,False,vi,VND_2018_vi.txt,,,VN100,ok,pdf_meta
VNM_2022,VNM,2022,2023-03-20,False,vi,VNM_2022_vi.txt,,,VN30,ok,pdf_meta
VNM_2021,VNM,2021,2022-03-18,False,vi,VNM_2021_vi.txt,,,VN30,ok,pdf_meta
VNM_2023,VNM,2023,2024-03-18,False,vi,VNM_2023_vi.txt,,,VN30,ok,pdf_meta
VNM_2017,VNM,2017,2018-03-26,False,vi,VNM_2017_vi.txt,,,VN30,not_found,pdf_meta
VNM_2018,VNM,2018,2019-03-20,False,vi,VNM_2018_vi.txt,,,VN30,ok,pdf_meta
VNM_2016,VNM,2016,2017-03-21,False,vi,VNM_2016_vi.txt,,,VN30,not_found,pdf_meta
VPB_2025,VPB,2025,2026-03-30,False,vi,VPB_2025_vi.txt,,,VN30,ok,pdf_meta
VPB_2024,VPB,2024,2025-03-29,False,vi,VPB_2024_vi.txt,,,VN30,ok,pdf_meta
VPB_2023,VPB,2023,2024-04-19,False,vi,VPB_2023_vi.txt,,,VN30,ok,pdf_meta
VPB_2021,VPB,2021,2022-04-07,False,vi,VPB_2021_vi.txt,,,VN30,ok,pdf_meta
VND_2020,VND,2020,,False,vi,VND_2020_vi.txt,,,VN100,ok,missing
VPB_2019,VPB,2019,2020-04-06,False,vi,VPB_2019_vi.txt,,,VN30,ok,pdf_meta
VPB_2018,VPB,2018,2019-03-14,False,vi,VPB_2018_vi.txt,,,VN30,ok,pdf_meta
VPB_2020,VPB,2020,2021-04-14,False,vi,VPB_2020_vi.txt,,,VN30,ok,pdf_meta
VPB_2016,VPB,2016,2017-05-06,False,vi,VPB_2016_vi.txt,,,VN30,ok,pdf_meta
VPI_2025,VPI,2025,2026-04-17,False,vi,VPI_2025_vi.txt,,,VN100,ok,pdf_meta
VPB_2017,VPB,2017,2018-03-12,False,vi,VPB_2017_vi.txt,,,VN30,ok,pdf_meta
VPI_2024,VPI,2024,2025-04-15,False,vi,VPI_2024_vi.txt,,,VN100,not_found,pdf_meta
VPI_2023,VPI,2023,2024-04-10,False,vi,VPI_2023_vi.txt,,,VN100,ok,pdf_meta
VPI_2022,VPI,2022,,False,vi,VPI_2022_vi.txt,,,VN100,ok,missing
VPI_2021,VPI,2021,,False,vi,VPI_2021_vi.txt,,,VN100,ok,missing
VPI_2020,VPI,2020,2021-04-19,False,vi,VPI_2020_vi.txt,,,VN100,ok,pdf_meta
VPI_2019,VPI,2019,2020-04-25,False,vi,VPI_2019_vi.txt,,,VN100,ok,pdf_meta
VPI_2017,VPI,2017,,False,vi,VPI_2017_vi.txt,,,VN100,ok,missing
VPL_2025,VPL,2025,2026-03-31,False,vi,VPL_2025_vi.txt,,,VN30,ok,pdf_meta
VPL_2024,VPL,2024,2025-03-19,False,vi,VPL_2024_vi.txt,,,VN30,ok,pdf_meta
VPX_2025,VPX,2025,2026-04-06,False,vi,VPX_2025_vi.txt,,,VN100,ok,pdf_meta
VPB_2022,VPB,2022,2023-04-11,False,vi,VPB_2022_vi.txt,,,VN30,ok,pdf_meta
VPX_2023,VPX,2023,2024-04-16,False,vi,VPX_2023_vi.txt,,,VN100,ok,pdf_meta
VRE_2025,VRE,2025,2026-04-04,False,vi,VRE_2025_vi.txt,,,VN30,ok,pdf_meta
VRE_2024,VRE,2024,2025-04-16,False,vi,VRE_2024_vi.txt,,,VN30,ok,pdf_meta
VRE_2023,VRE,2023,2024-04-12,False,vi,VRE_2023_vi.txt,,,VN30,ok,pdf_meta
VRE_2022,VRE,2022,2023-03-22,False,vi,VRE_2022_vi.txt,,,VN30,ok,pdf_meta
VRE_2021,VRE,2021,2022-04-19,False,vi,VRE_2021_vi.txt,,,VN30,ok,pdf_meta
VRE_2019,VRE,2019,2020-04-20,False,vi,VRE_2019_vi.txt,,,VN30,ok,pdf_meta
VPI_2018,VPI,2018,,False,vi,VPI_2018_vi.txt,,,VN100,ok,missing
VRE_2020,VRE,2020,2021-04-19,False,vi,VRE_2020_vi.txt,,,VN30,ok,pdf_meta
VRE_2018,VRE,2018,,False,vi,VRE_2018_vi.txt,,,VN30,ok,missing
VSC_2023,VSC,2023,2024-03-30,False,vi,VSC_2023_vi.txt,,,VN100,not_found,pdf_meta
VSC_2022,VSC,2022,2023-03-11,False,vi,VSC_2022_vi.txt,,,VN100,not_found,pdf_meta
VSC_2021,VSC,2021,2022-03-26,False,vi,VSC_2021_vi.txt,,,VN100,not_found,pdf_meta
VND_2025,VND,2025,2026-04-17,False,vi,VND_2025_vi.txt,,,VN100,not_found,pdf_meta
VSC_2019,VSC,2019,2020-03-30,False,vi,VSC_2019_vi.txt,,,VN100,not_found,pdf_meta
VSC_2025,VSC,2025,2026-04-09,False,vi,VSC_2025_vi.txt,,,VN100,not_found,pdf_meta
VSC_2024,VSC,2024,2025-04-04,False,vi,VSC_2024_vi.txt,,,VN100,not_found,pdf_meta
VSC_2016,VSC,2016,2017-03-17,False,vi,VSC_2016_vi.txt,,,VN100,not_found,pdf_meta
VTP_2024,VTP,2024,2025-04-18,False,vi,VTP_2024_vi.txt,,,VN100,ok,pdf_meta
VTP_2025,VTP,2025,2026-04-20,False,vi,VTP_2025_vi.txt,,,VN100,ok,pdf_meta
VTP_2022,VTP,2022,2023-04-17,False,vi,VTP_2022_vi.txt,,,VN100,ok,pdf_meta
VTP_2020,VTP,2020,2021-04-13,False,vi,VTP_2020_vi.txt,,,VN100,ok,pdf_meta
VTP_2021,VTP,2021,2022-04-19,False,vi,VTP_2021_vi.txt,,,VN100,ok,pdf_meta
VTP_2019,VTP,2019,2020-03-30,False,vi,VTP_2019_vi.txt,,,VN100,ok,pdf_meta
VSC_2018,VSC,2018,2019-03-26,False,vi,VSC_2018_vi.txt,,,VN100,not_found,pdf_meta
VSC_2017,VSC,2017,2018-03-20,False,vi,VSC_2017_vi.txt,,,VN100,not_found,pdf_meta
VTP_2018,VTP,2018,2019-03-29,False,vi,VTP_2018_vi.txt,,,VN100,not_found,pdf_meta
DPM_2017,DPM,2017,2018-04-14,False,vi,DPM_2017_vi.txt,,,VN100,ok,pdf_meta
DSE_2017,DSE,2017,2018-04-17,False,vi,DSE_2017_vi.txt,,,VN100,not_found,pdf_meta
GAS_2017,GAS,2017,2018-04-19,False,vi,GAS_2017_vi.txt,,,VN30,ok,pdf_meta
HDB_2023,HDB,2023,,False,vi,HDB_2023_vi.txt,,,VN30,not_found,missing
DSE_2016,DSE,2016,,False,vi,DSE_2016_vi.txt,,,VN100,not_found,missing
DSE_2018,DSE,2018,,False,vi,DSE_2018_vi.txt,,,VN100,not_found,missing
VTP_2023,VTP,2023,2024-04-16,False,vi,VTP_2023_vi.txt,,,VN100,ok,pdf_meta
CMG_2021,CMG,2021,2022-07-20,False,vi,CMG_2021_vi.txt,,,VN100,not_found,pdf_meta
HDB_2019,HDB,2019,2020-04-11,False,vi,HDB_2019_vi.txt,,,VN30,ok,pdf_meta
OCB_2023,OCB,2023,2024-03-25,False,vi,OCB_2023_vi.txt,,,VN100,not_found,pdf_meta
