ticker,year,page,source,q_before,mode,q_after,decision
ACB,2023,6,ocr,0.9862,vision,0.9862,
ACB,2023,7,ocr,0.9846,vision,0.9846,
ACB,2022,7,ocr,0.9739,vision,0.9739,
ACB,2022,8,ocr,0.9793,vision,0.9793,
ACB,2022,9,ocr,0.9843,vision,0.9843,
ACB,2024,7,ocr,0.9791,vision,0.9791,
ACB,2024,8,ocr,0.9936,vision,0.9936,
ACB,2025,9,ocr,0.9775,vision,0.9775,
ACB,2025,10,ocr,0.9893,vision,0.9893,
ACB,2021,3,ocr,0.9915,vision,0.9915,
ACB,2021,4,text,0.9735,vision,0.9735,
ACB,2021,5,text,0.9918,vision,0.9918,
ACB,2019,7,text,0.9831,vision,0.9831,
ACB,2019,8,text,0.9867,vision,0.9867,
ACB,2020,4,ocr,0.8353,vision,0.8353,would_send
ACB,2020,5,ocr,0.9547,vision,0.9547,
ACB,2018,5,ocr,0.9856,vision,0.9856,
ACB,2018,6,ocr,0.9944,vision,0.9944,
ACB,2016,4,ocr,0.9905,vision,0.9905,
ACB,2016,5,ocr,0.9919,vision,0.9919,
ACB,2017,4,ocr,0.9847,vision,0.9847,
ACB,2017,5,ocr,0.9883,vision,0.9883,
ACB,2017,6,ocr,0.9873,vision,0.9873,
ANV,2019,2,text,0.9976,vision,0.9976,
ANV,2018,3,text,0.9981,vision,0.9981,
ANV,2018,4,text,0.9842,vision,0.9842,
ANV,2018,5,text,1.0,vision,1.0,
ANV,2018,6,text,1.0,vision,1.0,
ANV,2018,7,text,1.0,vision,1.0,
ANV,2018,8,text,0.9507,vision,0.9507,
BAF,2025,6,text,0.9915,vision,0.9915,
BAF,2025,7,text,0.9857,vision,0.9857,
BAF,2025,8,text,0.9843,vision,0.9843,
BAF,2025,9,text,0.9929,vision,0.9929,
BAF,2025,10,text,0.9954,vision,0.9954,
BAF,2024,10,text,0.991,vision,0.991,
BAF,2024,11,text,0.9938,vision,0.9938,
BAF,2024,12,text,1.0,vision,1.0,
BAF,2021,4,text,0.9852,vision,0.9852,
BAF,2021,5,text,0.9818,vision,0.9818,
BAF,2021,6,text,0.9704,vision,0.9704,
BAF,2021,7,text,0.9923,vision,0.9923,
BAF,2021,8,text,0.9469,vision,0.9469,
BAF,2021,9,text,0.9511,vision,0.9511,
BCM,2025,4,text,0.9974,vision,0.9974,
BAF,2023,11,text,0.9976,vision,0.9976,
BAF,2023,12,text,0.9873,vision,0.9873,
BCM,2023,4,text,0.9935,vision,0.9935,
BCM,2023,5,text,0.9968,vision,0.9968,
BCM,2024,4,text,0.9991,vision,0.9991,
BCM,2022,3,text,1.0,vision,1.0,
BCM,2022,4,text,0.9902,vision,0.9902,
BCM,2022,5,text,0.9777,vision,0.9777,
BCM,2022,6,text,1.0,vision,1.0,
BCM,2022,7,text,0.9789,vision,0.9789,
BCM,2022,8,text,0.9385,vision,0.9385,
BCM,2021,5,text,0.9979,vision,0.9979,
BCM,2021,6,text,1.0,vision,1.0,
BCM,2021,7,text,0.9605,vision,0.9605,
BCM,2021,8,text,0.9986,vision,0.9986,
BCM,2021,9,text,1.0,vision,1.0,
BCM,2021,10,text,0.9762,vision,0.9762,
BID,2025,6,ocr,0.0,vision,0.0,would_send
BID,2025,7,text,0.9985,vision,0.9985,
BID,2025,8,text,0.9981,vision,0.9981,
BID,2020,4,text,0.9959,vision,0.9959,
BID,2018,2,text,0.9447,vision,0.9447,
BID,2018,3,text,0.9204,vision,0.9204,
BID,2018,4,ocr,0.0,vision,0.0,would_send
BID,2018,5,text,0.86,vision,0.86,
BID,2018,6,text,0.9869,vision,0.9869,
BID,2018,7,text,0.982,vision,0.982,
BID,2017,4,text,0.8512,vision,0.8512,
BID,2017,5,ocr,0.0,vision,0.0,would_send
BID,2017,6,text,0.9862,vision,0.9862,
BID,2017,7,text,0.987,vision,0.987,
BMP,2025,5,text,0.9917,vision,0.9917,
BMP,2024,5,text,0.9887,vision,0.9887,
BMP,2023,6,text,1.0,vision,1.0,
BMP,2021,3,text,0.9805,vision,0.9805,
BMP,2019,3,text,0.9864,vision,0.9864,
BMP,2018,3,text,0.9945,vision,0.9945,
BID,2023,5,ocr,0.0,vision,0.0,would_send
BID,2023,6,ocr,0.8478,vision,0.8478,would_send
BMP,2016,8,text,1.0,vision,1.0,
BMP,2016,9,text,0.9942,vision,0.9942,
BMP,2022,3,ocr,0.57,vision,0.57,would_send
BMP,2017,12,text,0.9972,vision,0.9972,
BSI,2024,6,text,0.996,vision,0.996,
BSI,2023,4,text,0.9802,vision,0.9802,
BSI,2023,5,text,0.9494,vision,0.9494,
BSI,2023,6,text,0.9934,vision,0.9934,
BSI,2023,7,text,1.0,vision,1.0,
BSI,2023,8,text,0.9962,vision,0.9962,
BSI,2023,9,text,0.9827,vision,0.9827,
BSI,2022,6,text,0.9987,vision,0.9987,
BSI,2022,7,text,0.9924,vision,0.9924,
BSI,2022,8,text,0.996,vision,0.996,
BSI,2022,9,text,0.9925,vision,0.9925,
BSI,2025,6,ocr,0.9307,vision,0.9307,
BSI,2025,7,ocr,0.5785,vision,0.5785,would_send
BSI,2021,6,text,0.9897,vision,0.9897,
BSI,2021,7,text,0.9919,vision,0.9919,
BSI,2021,8,text,0.9958,vision,0.9958,
BSI,2021,9,ocr,0.0,vision,0.0,would_send
BSI,2021,10,text,0.9813,vision,0.9813,
BSI,2021,11,text,1.0,vision,1.0,
BSI,2019,6,text,0.9953,vision,0.9953,
BSI,2018,6,text,0.9957,vision,0.9957,
BSI,2017,6,text,0.9981,vision,0.9981,
BSR,2025,11,text,0.9957,vision,0.9957,
BSR,2023,8,text,0.9924,vision,0.9924,
BSR,2024,12,text,0.9974,vision,0.9974,
BSR,2022,11,text,0.9934,vision,0.9934,
BSR,2020,10,text,0.9912,vision,0.9912,
BSI,2020,7,ocr,0.9761,vision,0.9761,
BSR,2019,5,text,0.9954,vision,0.9954,
BSR,2018,3,text,0.9577,vision,0.9577,
BSR,2018,4,text,0.9447,vision,0.9447,
BSR,2018,5,text,0.9659,vision,0.9659,
BSR,2018,6,text,0.9923,vision,0.9923,
BVH,2025,2,text,1.0,vision,1.0,
BVH,2025,3,text,1.0,vision,1.0,
BVH,2025,4,text,0.9974,vision,0.9974,
BVH,2025,5,text,1.0,vision,1.0,
BVH,2025,6,text,0.9903,vision,0.9903,
BVH,2025,7,text,0.9984,vision,0.9984,
BVH,2020,2,text,0.9919,vision,0.9919,
BVH,2020,3,text,0.9909,vision,0.9909,
BVH,2020,4,text,1.0,vision,1.0,
BVH,2020,5,text,0.993,vision,0.993,
BVH,2020,6,text,0.9822,vision,0.9822,
BVH,2020,7,text,0.9933,vision,0.9933,
BVH,2019,2,text,1.0,vision,1.0,
BVH,2019,3,text,0.9947,vision,0.9947,
BVH,2019,4,text,0.983,vision,0.983,
BVH,2019,5,text,0.9782,vision,0.9782,
BVH,2019,6,text,1.0,vision,1.0,
BVH,2018,2,text,0.993,vision,0.993,
BVH,2018,3,text,0.9954,vision,0.9954,
BVH,2018,4,text,1.0,vision,1.0,
BVH,2018,5,text,0.9958,vision,0.9958,
BVH,2018,6,text,0.9899,vision,0.9899,
BVH,2018,7,text,0.9878,vision,0.9878,
BWE,2024,3,text,0.9918,vision,0.9918,
BWE,2025,6,ocr,0.978,vision,0.978,
BSR,2021,4,ocr,0.9334,vision,0.9334,
BSR,2021,5,ocr,0.7264,vision,0.7264,would_send
BSR,2021,6,ocr,0.8991,vision,0.8991,
BSR,2021,7,ocr,0.8611,vision,0.8611,
CII,2024,5,text,0.9555,vision,0.9555,
CII,2025,6,ocr,0.9045,vision,0.9045,
CII,2025,7,ocr,0.9095,vision,0.9095,
CII,2025,8,ocr,0.9101,vision,0.9101,
CII,2025,9,ocr,0.8435,vision,0.8435,would_send
CII,2021,4,ocr,0.9583,vision,0.9583,
CII,2020,3,ocr,0.9454,vision,0.9454,
CII,2019,3,ocr,0.9858,vision,0.9858,
CII,2023,6,ocr,0.9782,vision,0.9782,
CMG,2024,6,text,0.9711,vision,0.9711,
CMG,2024,7,text,0.9783,vision,0.9783,
CMG,2023,6,text,0.9919,vision,0.9919,
CMG,2023,7,text,1.0,vision,1.0,
CII,2018,3,ocr,0.954,vision,0.954,
CMG,2020,4,text,0.9967,vision,0.9967,
CMG,2019,3,text,0.9927,vision,0.9927,
CII,2017,3,ocr,0.9831,vision,0.9831,
CII,2017,4,ocr,0.9796,vision,0.9796,
CII,2017,5,ocr,0.94,vision,0.94,
CII,2017,6,ocr,0.8327,vision,0.8327,would_send
CII,2017,7,ocr,0.9663,vision,0.9663,
CII,2017,8,ocr,0.9629,vision,0.9629,
CII,2016,3,ocr,0.9821,vision,0.9821,
CII,2016,4,ocr,0.9713,vision,0.9713,
CII,2016,5,ocr,0.714,vision,0.714,would_send
CII,2016,6,ocr,0.8016,vision,0.8016,would_send
CII,2016,7,ocr,0.9882,vision,0.9882,
CII,2016,8,ocr,0.9616,vision,0.9616,
CTD,2024,5,text,0.9972,vision,0.9972,
CTD,2024,6,text,0.9992,vision,0.9992,
CTD,2024,7,text,0.9936,vision,0.9936,
CTD,2024,8,text,0.9919,vision,0.9919,
CTD,2024,9,text,0.999,vision,0.999,
CTD,2024,10,text,0.976,vision,0.976,
CTD,2019,4,text,0.9949,vision,0.9949,
CTD,2023,5,text,0.9958,vision,0.9958,
CTD,2017,3,text,0.9968,vision,0.9968,
CTG,2025,5,text,0.9991,vision,0.9991,
CTG,2024,5,text,0.9953,vision,0.9953,
CTG,2024,6,text,0.9047,vision,0.9047,
CTG,2023,5,text,0.9971,vision,0.9971,
CTG,2022,5,text,0.8677,vision,0.8677,
CTG,2021,5,text,0.9969,vision,0.9969,
CTG,2019,4,text,0.9956,vision,0.9956,
CTD,2018,3,text,0.9352,vision,0.9352,
CTD,2018,4,text,0.9982,vision,0.9982,
CTG,2017,3,text,0.9923,vision,0.9923,
CTG,2016,3,ocr,0.0,vision,0.0,would_send
CTG,2016,4,text,0.9944,vision,0.9944,
CTR,2025,5,text,0.9987,vision,0.9987,
CTR,2024,5,text,0.9943,vision,0.9943,
CTG,2018,3,text,0.9978,vision,0.9978,
CTR,2023,5,text,0.9878,vision,0.9878,
CTR,2020,3,text,0.9932,vision,0.9932,
CTR,2022,5,text,0.9841,vision,0.9841,
CMG,2016,26,ocr,0.9927,vision,0.9927,
CMG,2016,27,ocr,0.939,vision,0.939,
CMG,2016,28,ocr,0.9718,vision,0.9718,
CMG,2016,29,ocr,0.9613,vision,0.9613,
CMG,2016,30,ocr,0.9858,vision,0.9858,
CMG,2016,31,ocr,0.0,vision,0.0,would_send
CTR,2019,3,ocr,0.9584,vision,0.9584,
CTR,2019,4,ocr,0.85,vision,0.85,
CTR,2019,5,ocr,0.0,vision,0.0,would_send
CTS,2025,7,text,0.9969,vision,0.9969,
CTS,2024,5,ocr,0.9533,vision,0.9533,
CTS,2024,6,ocr,0.9548,vision,0.9548,
CTS,2022,5,ocr,0.8201,vision,0.8201,would_send
CTS,2022,6,ocr,0.7715,vision,0.7715,would_send
CTS,2021,5,ocr,0.8834,vision,0.8834,
CTS,2019,4,text,0.9975,vision,0.9975,
CTS,2020,4,ocr,0.9558,vision,0.9558,
DBC,2025,5,text,0.9952,vision,0.9952,
DBC,2022,4,ocr,0.9762,vision,0.9762,
DBC,2022,5,text,0.9362,vision,0.9362,
DBC,2022,6,text,0.9848,vision,0.9848,
CTS,2017,5,ocr,0.9588,vision,0.9588,
DBC,2020,4,ocr,0.9661,vision,0.9661,
DBC,2020,5,text,0.6677,vision,0.6677,would_send
DBC,2020,6,text,0.41,vision,0.41,would_send
DBC,2020,7,text,0.629,vision,0.629,would_send
DBC,2017,4,text,0.9971,vision,0.9971,
DBC,2017,5,text,0.9969,vision,0.9969,
DBC,2016,4,text,0.9948,vision,0.9948,
DBC,2016,5,text,0.993,vision,0.993,
DBC,2019,5,ocr,0.9466,vision,0.9466,
DBC,2019,6,ocr,0.9075,vision,0.9075,
DBC,2019,7,ocr,0.9781,vision,0.9781,
DCM,2023,4,text,0.9958,vision,0.9958,
DCM,2022,4,text,0.9988,vision,0.9988,
DCM,2017,6,text,0.9992,vision,0.9992,
DCM,2018,6,text,0.9976,vision,0.9976,
DCM,2018,7,text,0.9932,vision,0.9932,
DCM,2018,8,ocr,0.0,vision,0.0,would_send
DCM,2018,9,text,0.9669,vision,0.9669,
DCM,2018,10,text,1.0,vision,1.0,
DCM,2018,11,text,0.9868,vision,0.9868,
DGW,2024,2,text,0.9298,vision,0.9298,
DCM,2024,3,ocr,0.7884,vision,0.7884,would_send
DCM,2024,4,ocr,0.9079,vision,0.9079,
DCM,2024,5,ocr,0.839,vision,0.839,would_send
DCM,2024,6,ocr,0.9358,vision,0.9358,
DCM,2016,6,text,0.994,vision,0.994,
DGW,2021,3,ocr,0.9711,vision,0.9711,
DGW,2023,4,ocr,0.9939,vision,0.9939,
DGW,2018,3,text,0.9955,vision,0.9955,
DGW,2020,2,ocr,0.9583,vision,0.9583,
DGW,2020,3,ocr,0.9928,vision,0.9928,
DGW,2016,9,text,0.994,vision,0.994,
DIG,2025,3,text,1.0,vision,1.0,
DIG,2025,4,text,0.9991,vision,0.9991,
DIG,2024,3,text,0.9881,vision,0.9881,
DIG,2024,4,text,0.9962,vision,0.9962,
DIG,2021,5,text,0.9971,vision,0.9971,
DIG,2020,4,text,0.9982,vision,0.9982,
DIG,2016,3,text,0.9959,vision,0.9959,
DIG,2016,4,text,0.9974,vision,0.9974,
DPM,2025,4,text,0.9975,vision,0.9975,
DPM,2024,4,text,0.9978,vision,0.9978,
DPM,2023,4,text,0.9958,vision,0.9958,
DPM,2023,5,text,0.9972,vision,0.9972,
DPM,2022,4,text,0.996,vision,0.996,
DPM,2021,4,text,0.9975,vision,0.9975,
DPM,2021,5,text,0.9951,vision,0.9951,
DPM,2021,6,text,0.9826,vision,0.9826,
DPM,2020,4,text,0.9962,vision,0.9962,
DPM,2020,5,text,0.9973,vision,0.9973,
DPM,2019,4,text,0.9988,vision,0.9988,
DPM,2018,4,text,0.9938,vision,0.9938,
DSE,2023,36,text,0.9701,vision,0.9701,
DSE,2023,37,ocr,0.0,vision,0.0,would_send
DSE,2023,38,text,0.9852,vision,0.9852,
DSE,2023,39,text,0.948,vision,0.948,
DSE,2023,40,text,0.9773,vision,0.9773,
DSE,2023,41,text,0.9182,vision,0.9182,
DSE,2021,5,text,0.9802,vision,0.9802,
DXG,2025,3,text,0.9954,vision,0.9954,
DXG,2024,4,text,0.9977,vision,0.9977,
DXG,2021,5,text,0.9964,vision,0.9964,
DXG,2020,3,text,0.9946,vision,0.9946,
DXG,2019,9,text,0.9976,vision,0.9976,
DXG,2018,9,text,0.99,vision,0.99,
DXG,2016,4,text,0.9956,vision,0.9956,
EIB,2025,5,ocr,0.9944,vision,0.9944,
EIB,2024,6,text,0.9983,vision,0.9983,
EIB,2023,7,text,0.9954,vision,0.9954,
EIB,2021,38,text,0.9942,vision,0.9942,
EIB,2021,39,ocr,0.0,vision,0.0,would_send
EIB,2021,40,text,0.9824,vision,0.9824,
EIB,2021,41,ocr,0.0,vision,0.0,would_send
EIB,2021,42,text,0.9859,vision,0.9859,
EIB,2021,43,text,0.9722,vision,0.9722,
EIB,2017,3,text,0.9937,vision,0.9937,
EIB,2016,3,text,0.9973,vision,0.9973,
EIB,2018,4,text,0.9907,vision,0.9907,
EVF,2023,8,ocr,0.9305,vision,0.9305,
EVF,2023,9,ocr,0.8676,vision,0.8676,
EVF,2023,10,ocr,0.9287,vision,0.9287,
EVF,2023,11,ocr,0.9595,vision,0.9595,
EVF,2023,12,ocr,0.9266,vision,0.9266,
EVF,2023,13,ocr,0.9513,vision,0.9513,
FPT,2025,4,text,0.996,vision,0.996,
FPT,2025,5,text,0.9926,vision,0.9926,
FPT,2025,6,text,0.9939,vision,0.9939,
FPT,2024,4,text,0.9975,vision,0.9975,
FPT,2024,5,text,0.9885,vision,0.9885,
FPT,2024,6,text,0.9938,vision,0.9938,
FPT,2023,5,text,0.9947,vision,0.9947,
FPT,2023,6,text,0.9935,vision,0.9935,
FPT,2023,7,text,0.9943,vision,0.9943,
FPT,2023,8,text,0.9758,vision,0.9758,
FPT,2023,9,text,0.9964,vision,0.9964,
FPT,2023,10,text,1.0,vision,1.0,
FPT,2022,5,text,0.9941,vision,0.9941,
FPT,2022,6,text,0.9917,vision,0.9917,
FPT,2021,5,text,0.9909,vision,0.9909,
FPT,2019,5,text,0.9954,vision,0.9954,
FPT,2018,5,text,0.9795,vision,0.9795,
FPT,2017,6,text,0.9952,vision,0.9952,
FPT,2020,6,ocr,0.0,vision,0.0,would_send
FPT,2020,7,ocr,0.9737,vision,0.9737,
FPT,2020,8,ocr,0.9719,vision,0.9719,
FPT,2020,9,ocr,0.9744,vision,0.9744,
FPT,2020,10,text,0.9044,vision,0.9044,
FPT,2020,11,ocr,0.0,vision,0.0,would_send
FPT,2016,5,text,0.9954,vision,0.9954,
FRT,2025,5,text,1.0,vision,1.0,
FRT,2025,6,text,0.9808,vision,0.9808,
FRT,2025,7,text,1.0,vision,1.0,
FRT,2025,8,text,0.9984,vision,0.9984,
FRT,2024,5,text,1.0,vision,1.0,
FRT,2024,6,text,0.9739,vision,0.9739,
FRT,2024,7,text,1.0,vision,1.0,
FRT,2024,8,text,0.9949,vision,0.9949,
FRT,2024,9,text,0.9844,vision,0.9844,
FRT,2024,10,text,0.9546,vision,0.9546,
FRT,2023,3,ocr,0.9916,vision,0.9916,
FRT,2023,4,ocr,0.981,vision,0.981,
FRT,2023,5,ocr,0.997,vision,0.997,
FRT,2021,7,text,0.9879,vision,0.9879,
FRT,2020,6,text,0.9943,vision,0.9943,
FRT,2019,5,text,0.9983,vision,0.9983,
FRT,2022,5,ocr,0.9689,vision,0.9689,
FRT,2022,6,ocr,0.9677,vision,0.9677,
FRT,2022,7,ocr,0.9841,vision,0.9841,
FRT,2022,8,ocr,0.7474,vision,0.7474,would_send
FRT,2022,9,ocr,0.8207,vision,0.8207,would_send
FRT,2022,10,ocr,0.7546,vision,0.7546,would_send
FTS,2025,5,text,1.0,vision,1.0,
FTS,2023,4,text,0.9965,vision,0.9965,
FTS,2021,3,text,0.9907,vision,0.9907,
FRT,2018,5,text,0.9977,vision,0.9977,
FTS,2019,3,text,0.9956,vision,0.9956,
FTS,2019,4,text,0.9961,vision,0.9961,
FTS,2020,4,text,0.9931,vision,0.9931,
FRT,2017,5,ocr,0.958,vision,0.958,
FTS,2018,4,text,0.9959,vision,0.9959,
FTS,2024,5,text,1.0,vision,1.0,
FTS,2024,6,text,0.9961,vision,0.9961,
GAS,2023,4,text,0.9619,vision,0.9619,
GAS,2023,5,text,0.9866,vision,0.9866,
FTS,2017,4,text,0.9978,vision,0.9978,
GAS,2022,7,text,0.9419,vision,0.9419,
GAS,2022,8,text,0.9907,vision,0.9907,
GAS,2018,5,text,0.9763,vision,0.9763,
GAS,2016,2,text,1.0,vision,1.0,
GAS,2016,3,text,1.0,vision,1.0,
GAS,2016,4,text,1.0,vision,1.0,
GAS,2016,5,text,0.991,vision,0.991,
GAS,2016,6,text,0.986,vision,0.986,
GAS,2016,7,text,0.992,vision,0.992,
GEE,2023,4,text,0.9971,vision,0.9971,
GEE,2024,6,text,0.9906,vision,0.9906,
GEE,2022,3,text,0.9979,vision,0.9979,
GEE,2021,4,text,1.0,vision,1.0,
GEE,2021,5,text,0.9901,vision,0.9901,
GEE,2021,6,text,0.9847,vision,0.9847,
GEE,2025,9,text,0.8,vision,0.8,would_send
GEE,2025,10,ocr,0.0,vision,0.0,would_send
GEE,2025,11,text,0.9604,vision,0.9604,
GEE,2025,12,text,0.9692,vision,0.9692,
GEX,2025,7,text,0.9808,vision,0.9808,
GEX,2024,7,text,0.9953,vision,0.9953,
GEX,2022,3,text,1.0,vision,1.0,
GEX,2023,6,text,0.9934,vision,0.9934,
GEX,2021,3,text,0.9833,vision,0.9833,
GAS,2025,3,ocr,0.9024,vision,0.9024,
GAS,2025,4,ocr,0.7555,vision,0.7555,would_send
GAS,2025,5,ocr,0.8402,vision,0.8402,would_send
GAS,2025,6,ocr,0.9474,vision,0.9474,
GEX,2018,4,text,1.0,vision,1.0,
GEX,2018,5,text,1.0,vision,1.0,
GEX,2019,4,text,0.8878,vision,0.8878,
GEX,2019,5,text,0.9925,vision,0.9925,
GEX,2019,6,text,0.9969,vision,0.9969,
GMD,2025,6,text,1.0,vision,1.0,
GMD,2025,7,text,0.9974,vision,0.9974,
GMD,2024,5,text,1.0,vision,1.0,
GMD,2024,6,text,0.996,vision,0.996,
GMD,2023,5,text,1.0,vision,1.0,
GMD,2023,6,text,0.997,vision,0.997,
GEX,2020,4,ocr,0.0,vision,0.0,would_send
GEX,2020,5,text,0.9948,vision,0.9948,
GMD,2021,6,text,0.998,vision,0.998,
GMD,2018,3,text,0.9907,vision,0.9907,
GMD,2017,3,text,0.9907,vision,0.9907,
GMD,2016,3,text,0.9945,vision,0.9945,
GMD,2016,4,text,1.0,vision,1.0,
GMD,2020,5,text,0.994,vision,0.994,
GVR,2024,4,text,1.0,vision,1.0,
GVR,2024,5,text,1.0,vision,1.0,
GVR,2024,6,text,0.9953,vision,0.9953,
GVR,2024,7,text,0.9955,vision,0.9955,
GVR,2023,6,text,0.9981,vision,0.9981,
GVR,2023,7,text,0.9914,vision,0.9914,
GVR,2025,6,text,1.0,vision,1.0,
GVR,2025,7,text,1.0,vision,1.0,
GVR,2025,8,text,1.0,vision,1.0,
GVR,2025,9,text,1.0,vision,1.0,
GVR,2021,4,text,0.9948,vision,0.9948,
GVR,2020,4,text,1.0,vision,1.0,
GVR,2020,5,text,0.9935,vision,0.9935,
GVR,2018,3,text,0.9967,vision,0.9967,
HAG,2025,3,text,0.9958,vision,0.9958,
HAG,2024,3,text,0.9988,vision,0.9988,
HAG,2024,4,text,1.0,vision,1.0,
GVR,2022,4,text,0.9977,vision,0.9977,
HAG,2020,3,text,0.9936,vision,0.9936,
HAG,2019,4,text,0.9957,vision,0.9957,
HAG,2019,5,text,0.998,vision,0.998,
HAG,2018,3,text,1.0,vision,1.0,
HAG,2017,5,text,1.0,vision,1.0,
HAG,2017,6,text,0.9985,vision,0.9985,
HAG,2016,4,text,0.9974,vision,0.9974,
HAG,2016,5,text,1.0,vision,1.0,
HCM,2025,4,text,0.9945,vision,0.9945,
HAG,2021,2,ocr,0.9724,vision,0.9724,
HAG,2021,3,ocr,0.9914,vision,0.9914,
HCM,2023,5,text,1.0,vision,1.0,
HCM,2024,3,text,1.0,vision,1.0,
HCM,2024,4,text,0.9984,vision,0.9984,
HCM,2022,5,text,0.9991,vision,0.9991,
HCM,2020,3,text,0.9881,vision,0.9881,
HCM,2020,4,text,0.9959,vision,0.9959,
HCM,2021,5,text,0.9983,vision,0.9983,
HCM,2019,3,text,0.994,vision,0.994,
HCM,2019,4,text,0.9943,vision,0.9943,
HCM,2017,3,text,0.9986,vision,0.9986,
HCM,2018,3,text,0.9986,vision,0.9986,
HCM,2018,4,text,0.9965,vision,0.9965,
HCM,2018,5,text,0.9989,vision,0.9989,
HCM,2018,6,text,0.9949,vision,0.9949,
HCM,2018,7,ocr,0.0,vision,0.0,would_send
HCM,2018,8,text,0.9984,vision,0.9984,
HCM,2016,5,text,0.9988,vision,0.9988,
HCM,2016,6,text,0.9963,vision,0.9963,
HCM,2016,7,text,1.0,vision,1.0,
HCM,2016,8,text,1.0,vision,1.0,
HCM,2016,9,text,0.9851,vision,0.9851,
HCM,2016,10,text,1.0,vision,1.0,
HDB,2025,4,text,1.0,vision,1.0,
HDB,2025,5,text,0.9963,vision,0.9963,
HDB,2024,4,text,1.0,vision,1.0,
HDB,2024,5,text,0.9966,vision,0.9966,
HDB,2022,4,ocr,0.67,vision,0.67,would_send
HDB,2022,5,text,0.9937,vision,0.9937,
HDB,2021,5,text,0.9943,vision,0.9943,
HDB,2018,4,text,1.0,vision,1.0,
HDB,2018,5,text,0.9913,vision,0.9913,
HDB,2018,6,text,0.9943,vision,0.9943,
HDB,2020,4,ocr,0.954,vision,0.954,
HDB,2020,5,ocr,0.9872,vision,0.9872,
HDB,2020,6,ocr,0.9865,vision,0.9865,
HDB,2020,7,text,0.4371,vision,0.4371,would_send
HDB,2020,8,ocr,0.0,vision,0.0,would_send
HDB,2020,9,text,0.0562,vision,0.0562,would_send
HDB,2016,3,text,0.9948,vision,0.9948,
HDG,2025,3,text,0.9868,vision,0.9868,
HDG,2024,3,text,0.9897,vision,0.9897,
HDG,2023,3,text,0.9967,vision,0.9967,
HDB,2017,4,ocr,0.8607,vision,0.8607,
HDB,2017,5,ocr,0.8668,vision,0.8668,
HDB,2017,6,ocr,0.8153,vision,0.8153,would_send
HDB,2017,7,ocr,0.9061,vision,0.9061,
HDB,2017,8,ocr,0.9476,vision,0.9476,
HDB,2017,9,ocr,0.9029,vision,0.9029,
HDG,2019,3,text,0.9798,vision,0.9798,
HDG,2018,2,text,0.9886,vision,0.9886,
HDG,2016,12,text,0.9466,vision,0.9466,
HHV,2025,4,text,1.0,vision,1.0,
HHV,2025,5,text,0.9981,vision,0.9981,
HHV,2024,4,text,0.8815,vision,0.8815,
HHV,2024,5,text,0.9947,vision,0.9947,
HPG,2025,4,text,0.9948,vision,0.9948,
HPG,2025,5,text,1.0,vision,1.0,
HPG,2024,5,text,0.9985,vision,0.9985,
HPG,2024,6,text,0.996,vision,0.996,
HPG,2023,8,text,0.9984,vision,0.9984,
HPG,2019,10,ocr,0.0,vision,0.0,would_send
HPG,2019,11,text,0.9968,vision,0.9968,
HPG,2016,8,text,1.0,vision,1.0,
HPG,2016,9,ocr,0.0,vision,0.0,would_send
HPG,2016,10,text,0.9939,vision,0.9939,
HPG,2016,11,text,1.0,vision,1.0,
HSG,2024,4,text,0.9955,vision,0.9955,
HSG,2025,4,text,0.9725,vision,0.9725,
HSG,2023,4,text,0.9973,vision,0.9973,
HPG,2017,12,text,0.9781,vision,0.9781,
HPG,2017,13,text,0.9985,vision,0.9985,
HSG,2019,4,text,0.999,vision,0.999,
HSG,2019,5,text,0.9984,vision,0.9984,
HPG,2018,12,ocr,0.0,vision,0.0,would_send
HPG,2018,13,text,0.9939,vision,0.9939,
HSG,2021,4,text,0.9928,vision,0.9928,
HSG,2021,5,text,1.0,vision,1.0,
HSG,2017,4,text,0.9912,vision,0.9912,
HSG,2017,5,text,0.9939,vision,0.9939,
HSG,2016,4,text,0.9923,vision,0.9923,
HSG,2016,5,text,1.0,vision,1.0,
HT1,2025,5,text,0.8326,vision,0.8326,would_send
HSG,2022,4,text,0.9958,vision,0.9958,
HSG,2018,7,text,0.9956,vision,0.9956,
HSG,2018,8,text,1.0,vision,1.0,
HT1,2021,3,text,0.9888,vision,0.9888,
HT1,2021,4,text,0.9943,vision,0.9943,
HT1,2024,6,text,0.8253,vision,0.8253,would_send
HT1,2019,5,text,0.9828,vision,0.9828,
HT1,2019,6,text,0.962,vision,0.962,
HT1,2018,5,text,0.9971,vision,0.9971,
HT1,2016,2,ocr,0.9852,vision,0.9852,
HT1,2017,2,ocr,0.9938,vision,0.9938,
KBC,2020,3,text,0.9876,vision,0.9876,
KDC,2025,4,text,0.9975,vision,0.9975,
KDC,2024,4,text,1.0,vision,1.0,
KDC,2023,4,text,0.9965,vision,0.9965,
KDC,2021,4,text,0.9949,vision,0.9949,
KDC,2019,3,text,1.0,vision,1.0,
KDC,2019,4,text,0.9985,vision,0.9985,
KDC,2018,4,text,0.9945,vision,0.9945,
KDC,2017,4,text,0.9954,vision,0.9954,
KDC,2017,5,text,0.9972,vision,0.9972,
KDH,2025,7,text,1.0,vision,1.0,
KDH,2024,7,text,0.9973,vision,0.9973,
KDC,2016,2,ocr,0.9948,vision,0.9948,
KDC,2016,3,ocr,1.0,vision,1.0,
KDC,2016,4,text,0.9963,vision,0.9963,
KDC,2016,5,text,0.9983,vision,0.9983,
KDH,2023,8,text,0.997,vision,0.997,
KDH,2021,7,text,0.9908,vision,0.9908,
KDH,2022,8,text,0.9986,vision,0.9986,
KDH,2019,4,text,1.0,vision,1.0,
KDH,2018,4,text,0.997,vision,0.997,
KDH,2016,4,text,0.9959,vision,0.9959,
KDH,2017,4,text,0.9887,vision,0.9887,
KOS,2025,6,text,1.0,vision,1.0,
KOS,2024,6,text,1.0,vision,1.0,
KOS,2023,5,text,1.0,vision,1.0,
KOS,2021,5,text,1.0,vision,1.0,
KOS,2020,5,text,1.0,vision,1.0,
KOS,2018,2,ocr,0.9901,vision,0.9901,
KOS,2019,3,ocr,0.961,vision,0.961,
KOS,2017,2,ocr,0.9763,vision,0.9763,
LPB,2024,4,text,0.9861,vision,0.9861,
LPB,2025,4,ocr,0.9719,vision,0.9719,
LPB,2022,3,text,0.9899,vision,0.9899,
LPB,2022,4,ocr,0.5421,vision,0.5421,would_send
LPB,2022,5,text,0.9814,vision,0.9814,
LPB,2022,6,text,0.9083,vision,0.9083,
LPB,2023,3,ocr,0.9508,vision,0.9508,
LPB,2023,4,ocr,0.9531,vision,0.9531,
LPB,2021,4,text,1.0,vision,1.0,
LPB,2021,5,text,0.9961,vision,0.9961,
MBB,2025,8,text,0.9981,vision,0.9981,
MBB,2024,5,text,0.9943,vision,0.9943,
MBB,2023,4,text,1.0,vision,1.0,
MBB,2023,5,text,0.9975,vision,0.9975,
MBB,2023,6,text,0.9952,vision,0.9952,
MBB,2023,7,text,1.0,vision,1.0,
MBB,2023,8,text,0.993,vision,0.993,
MBB,2023,9,text,0.9787,vision,0.9787,
MBB,2021,6,text,0.983,vision,0.983,
MBB,2021,7,text,0.9892,vision,0.9892,
MBB,2021,8,text,0.9806,vision,0.9806,
MBB,2021,9,text,0.978,vision,0.978,
MBB,2021,10,ocr,0.0,vision,0.0,would_send
MBB,2020,3,ocr,0.0,vision,0.0,would_send
MBB,2020,4,text,0.9935,vision,0.9935,
MBB,2020,5,ocr,0.0,vision,0.0,would_send
MBB,2020,6,text,0.9869,vision,0.9869,
MBB,2020,7,text,0.9869,vision,0.9869,
MBB,2018,4,text,0.9945,vision,0.9945,
MBB,2018,5,ocr,0.0,vision,0.0,would_send
MBB,2018,6,text,0.9537,vision,0.9537,
MBB,2018,7,text,0.9785,vision,0.9785,
MBB,2016,5,text,0.9949,vision,0.9949,
MBB,2016,6,text,0.9967,vision,0.9967,
MBB,2016,7,text,0.9844,vision,0.9844,
MBB,2016,8,text,0.9807,vision,0.9807,
MBB,2016,9,text,1.0,vision,1.0,
MBB,2016,10,text,0.9929,vision,0.9929,
MBB,2017,4,text,1.0,vision,1.0,
MBB,2017,5,text,0.9961,vision,0.9961,
MCH,2025,29,text,0.9805,vision,0.9805,
MCH,2025,30,text,0.9734,vision,0.9734,
MCH,2025,31,ocr,0.0,vision,0.0,would_send
MCH,2025,32,text,0.9968,vision,0.9968,
MCH,2025,33,text,0.9907,vision,0.9907,
MCH,2025,34,text,0.9914,vision,0.9914,
MCH,2018,3,text,0.9964,vision,0.9964,
MCH,2017,4,text,0.9966,vision,0.9966,
MCH,2016,3,text,0.991,vision,0.991,
MCH,2016,4,text,0.9816,vision,0.9816,
MSB,2025,9,text,1.0,vision,1.0,
MSB,2025,10,text,0.9918,vision,0.9918,
MSB,2025,11,text,1.0,vision,1.0,
MSB,2024,9,text,0.9909,vision,0.9909,
MSB,2024,10,text,0.9987,vision,0.9987,
MSB,2024,11,text,1.0,vision,1.0,
MSB,2022,6,text,0.9967,vision,0.9967,
MSB,2022,7,text,0.9981,vision,0.9981,
MSB,2022,8,text,1.0,vision,1.0,
MSB,2023,6,text,0.9975,vision,0.9975,
MSB,2023,7,text,0.9978,vision,0.9978,
MSB,2023,8,text,0.9968,vision,0.9968,
MSB,2019,3,text,1.0,vision,1.0,
MSB,2019,4,text,1.0,vision,1.0,
MSB,2020,3,text,1.0,vision,1.0,
MSB,2020,4,text,0.9975,vision,0.9975,
MSB,2017,5,text,0.9902,vision,0.9902,
MSB,2017,6,text,0.9898,vision,0.9898,
MSB,2016,9,ocr,0.0,vision,0.0,would_send
MSB,2016,10,text,0.9785,vision,0.9785,
MSB,2018,3,text,1.0,vision,1.0,
MSB,2018,4,text,0.9818,vision,0.9818,
MSB,2018,5,ocr,0.0,vision,0.0,would_send
MSB,2018,6,text,0.9979,vision,0.9979,
MSN,2023,11,text,0.9719,vision,0.9719,
MSN,2023,12,text,0.9737,vision,0.9737,
MSN,2023,13,text,0.9791,vision,0.9791,
MSN,2023,14,text,0.5693,vision,0.5693,would_send
MSN,2023,15,ocr,0.0,vision,0.0,would_send
MSN,2023,16,text,0.968,vision,0.968,
MSN,2018,6,text,0.9967,vision,0.9967,
MSN,2018,7,text,0.9964,vision,0.9964,
MSN,2018,8,text,0.9924,vision,0.9924,
MSN,2018,9,text,1.0,vision,1.0,
MSN,2018,10,text,1.0,vision,1.0,
MSN,2018,11,text,1.0,vision,1.0,
MSN,2017,3,text,1.0,vision,1.0,
MSN,2017,4,text,0.9984,vision,0.9984,
MSN,2016,12,text,0.9894,vision,0.9894,
MSN,2016,13,text,0.9723,vision,0.9723,
MSN,2016,14,text,0.9929,vision,0.9929,
MSN,2016,15,text,0.9913,vision,0.9913,
MSN,2016,16,text,0.9836,vision,0.9836,
MSN,2016,17,ocr,0.0,vision,0.0,would_send
MWG,2025,5,text,0.9786,vision,0.9786,
MWG,2023,5,text,0.9945,vision,0.9945,
MWG,2023,6,text,0.9929,vision,0.9929,
MWG,2022,5,text,0.9979,vision,0.9979,
MWG,2022,6,ocr,0.9667,vision,0.9667,
MWG,2022,7,text,0.9916,vision,0.9916,
MWG,2022,8,text,0.9971,vision,0.9971,
MWG,2024,5,ocr,0.8775,vision,0.8775,
MWG,2024,6,ocr,0.8406,vision,0.8406,would_send
MWG,2024,7,ocr,0.8909,vision,0.8909,
MWG,2024,8,ocr,0.9677,vision,0.9677,
MWG,2024,9,ocr,0.9303,vision,0.9303,
MWG,2020,5,ocr,0.9751,vision,0.9751,
MWG,2021,2,ocr,0.6909,vision,0.6909,would_send
MWG,2021,3,ocr,0.0,vision,0.0,would_send
MWG,2021,4,ocr,0.9714,vision,0.9714,
MWG,2021,5,ocr,0.9807,vision,0.9807,
MWG,2019,3,ocr,0.0,vision,0.0,would_send
MWG,2019,4,ocr,0.9914,vision,0.9914,
MWG,2019,5,ocr,0.9837,vision,0.9837,
MWG,2019,6,ocr,0.0,vision,0.0,would_send
MWG,2016,7,text,0.988,vision,0.988,
MWG,2018,3,ocr,0.9807,vision,0.9807,
MWG,2018,4,ocr,0.9766,vision,0.9766,
MWG,2018,5,ocr,0.7159,vision,0.7159,would_send
MWG,2018,6,ocr,0.9376,vision,0.9376,
MWG,2018,7,ocr,0.8069,vision,0.8069,would_send
MWG,2018,8,ocr,0.9684,vision,0.9684,
NAB,2019,27,ocr,0.9686,vision,0.9686,
NAB,2019,28,ocr,0.9631,vision,0.9631,
NKG,2025,6,text,0.9991,vision,0.9991,
NKG,2024,6,text,0.9989,vision,0.9989,
NKG,2023,3,ocr,0.6894,vision,0.6894,would_send
NKG,2023,4,ocr,0.7766,vision,0.7766,would_send
NKG,2023,5,ocr,0.9701,vision,0.9701,
NKG,2023,6,ocr,0.878,vision,0.878,
NKG,2023,7,ocr,0.7245,vision,0.7245,would_send
NKG,2022,3,text,1.0,vision,1.0,
NKG,2022,4,text,0.9514,vision,0.9514,
NKG,2022,5,text,1.0,vision,1.0,
NKG,2022,6,text,1.0,vision,1.0,
NKG,2021,2,ocr,0.9036,vision,0.9036,
NKG,2021,3,ocr,0.97,vision,0.97,
NKG,2021,4,ocr,0.8107,vision,0.8107,would_send
NKG,2021,5,ocr,0.9546,vision,0.9546,
NKG,2021,6,ocr,0.9528,vision,0.9528,
NKG,2019,3,text,1.0,vision,1.0,
NKG,2020,6,ocr,0.9728,vision,0.9728,
NLG,2025,6,text,0.9931,vision,0.9931,
NLG,2025,7,text,0.9893,vision,0.9893,
NLG,2024,6,text,0.9873,vision,0.9873,
NLG,2024,7,text,0.9882,vision,0.9882,
NLG,2023,6,text,0.9948,vision,0.9948,
NLG,2021,2,text,0.9794,vision,0.9794,
NLG,2021,3,text,1.0,vision,1.0,
NLG,2021,4,text,0.9592,vision,0.9592,
NLG,2021,5,text,0.9842,vision,0.9842,
NLG,2022,2,text,1.0,vision,1.0,
NLG,2022,3,text,0.9765,vision,0.9765,
NLG,2022,4,text,0.9787,vision,0.9787,
NLG,2022,5,text,0.9968,vision,0.9968,
NLG,2020,3,text,0.9805,vision,0.9805,
NLG,2020,4,text,0.9872,vision,0.9872,
NLG,2020,5,text,0.9932,vision,0.9932,
NLG,2020,6,text,0.9935,vision,0.9935,
NLG,2018,2,text,1.0,vision,1.0,
NLG,2018,3,text,1.0,vision,1.0,
NLG,2018,4,text,0.9668,vision,0.9668,
NLG,2018,5,text,0.9805,vision,0.9805,
NLG,2018,6,text,0.9911,vision,0.9911,
NLG,2017,3,text,1.0,vision,1.0,
NLG,2017,4,text,0.9968,vision,0.9968,
NLG,2017,5,text,0.975,vision,0.975,
NLG,2017,6,text,0.9933,vision,0.9933,
NLG,2016,3,text,1.0,vision,1.0,
NLG,2016,4,text,0.9558,vision,0.9558,
NLG,2016,5,text,0.9611,vision,0.9611,
NLG,2016,6,text,0.9978,vision,0.9978,
NLG,2019,2,text,1.0,vision,1.0,
NT2,2025,10,ocr,0.9782,vision,0.9782,
NT2,2025,11,ocr,0.9648,vision,0.9648,
NT2,2024,11,ocr,0.978,vision,0.978,
NT2,2024,12,ocr,0.9492,vision,0.9492,
NT2,2023,10,ocr,0.9495,vision,0.9495,
NT2,2023,11,ocr,0.9158,vision,0.9158,
NT2,2023,12,ocr,0.9388,vision,0.9388,
NT2,2023,13,ocr,0.8799,vision,0.8799,
NT2,2023,14,ocr,0.8379,vision,0.8379,would_send
NT2,2023,15,ocr,0.9647,vision,0.9647,
NT2,2022,10,ocr,0.9635,vision,0.9635,
NT2,2022,11,ocr,0.9531,vision,0.9531,
NT2,2021,10,ocr,0.9746,vision,0.9746,
NT2,2021,11,ocr,0.9675,vision,0.9675,
NT2,2017,8,text,0.9787,vision,0.9787,
NT2,2017,9,text,0.964,vision,0.964,
NT2,2019,10,ocr,0.9699,vision,0.9699,
NT2,2019,11,ocr,0.9498,vision,0.9498,
NVL,2025,3,text,0.9958,vision,0.9958,
NT2,2016,8,text,0.9821,vision,0.9821,
NT2,2016,9,text,0.978,vision,0.978,
NT2,2016,10,text,0.9841,vision,0.9841,
NVL,2024,5,text,0.9914,vision,0.9914,
NVL,2024,6,text,0.9985,vision,0.9985,
NVL,2023,5,text,0.9989,vision,0.9989,
NVL,2023,6,text,0.9988,vision,0.9988,
NT2,2018,9,ocr,0.977,vision,0.977,
NT2,2018,10,ocr,0.9539,vision,0.9539,
NVL,2020,3,text,0.996,vision,0.996,
NVL,2020,4,text,0.9935,vision,0.9935,
NVL,2020,5,text,0.9887,vision,0.9887,
NVL,2019,3,text,0.9898,vision,0.9898,
NVL,2019,4,text,0.9921,vision,0.9921,
NVL,2019,5,text,0.9974,vision,0.9974,
NVL,2017,22,text,1.0,vision,1.0,
NVL,2017,23,text,0.9938,vision,0.9938,
NVL,2021,4,text,0.9934,vision,0.9934,
NVL,2021,5,text,0.9972,vision,0.9972,
NVL,2016,14,text,0.787,vision,0.787,would_send
NVL,2016,15,text,0.9923,vision,0.9923,
NVL,2018,5,text,0.997,vision,0.997,
NVL,2018,6,text,0.8174,vision,0.8174,would_send
OCB,2025,6,ocr,0.0,vision,0.0,would_send
OCB,2025,7,text,0.999,vision,0.999,
OCB,2020,7,text,0.9964,vision,0.9964,
OCB,2021,5,text,1.0,vision,1.0,
OCB,2021,6,text,0.9946,vision,0.9946,
OCB,2017,5,text,0.9921,vision,0.9921,
OCB,2016,4,text,0.9771,vision,0.9771,
OCB,2018,15,text,0.9889,vision,0.9889,
PAN,2025,5,text,1.0,vision,1.0,
PAN,2024,5,text,0.9948,vision,0.9948,
PAN,2023,5,text,0.9969,vision,0.9969,
PAN,2021,5,text,0.9927,vision,0.9927,
PAN,2021,6,text,0.8,vision,0.8,would_send
PAN,2019,3,text,0.995,vision,0.995,
PAN,2018,4,text,0.9912,vision,0.9912,
PAN,2017,4,text,0.985,vision,0.985,
PC1,2025,6,text,0.9771,vision,0.9771,
PAN,2016,6,text,0.9899,vision,0.9899,
PAN,2016,7,text,0.978,vision,0.978,
PC1,2023,6,text,0.9816,vision,0.9816,
PC1,2024,6,text,0.8877,vision,0.8877,
PC1,2024,7,text,0.9813,vision,0.9813,
PC1,2021,5,text,0.9778,vision,0.9778,
PC1,2021,6,text,0.9933,vision,0.9933,
PC1,2021,7,text,0.9747,vision,0.9747,
PC1,2021,8,text,0.9822,vision,0.9822,
PC1,2021,9,text,0.9864,vision,0.9864,
PC1,2022,5,text,0.983,vision,0.983,
PC1,2018,5,text,0.9912,vision,0.9912,
PC1,2016,5,text,0.997,vision,0.997,
PC1,2016,6,text,0.9761,vision,0.9761,
PC1,2016,7,text,0.9315,vision,0.9315,
PC1,2016,8,text,0.9806,vision,0.9806,
PDR,2025,5,text,1.0,vision,1.0,
PDR,2025,6,text,0.9974,vision,0.9974,
PDR,2024,7,text,1.0,vision,1.0,
PDR,2024,8,text,0.9985,vision,0.9985,
PDR,2023,9,text,1.0,vision,1.0,
PDR,2023,10,text,1.0,vision,1.0,
PDR,2020,7,text,1.0,vision,1.0,
PDR,2020,8,text,0.997,vision,0.997,
PDR,2018,5,text,0.9936,vision,0.9936,
PDR,2017,7,text,0.9966,vision,0.9966,
PDR,2017,8,text,0.9943,vision,0.9943,
PDR,2017,9,text,0.9989,vision,0.9989,
PDR,2017,10,text,0.9708,vision,0.9708,
PDR,2017,11,text,0.9753,vision,0.9753,
PDR,2017,12,text,0.9856,vision,0.9856,
OCB,2024,8,ocr,0.9699,vision,0.9699,
OCB,2024,9,ocr,0.9874,vision,0.9874,
PDR,2021,9,ocr,0.0,vision,0.0,would_send
PDR,2021,10,ocr,0.9926,vision,0.9926,
PLX,2025,7,text,0.9956,vision,0.9956,
PLX,2024,6,text,0.9943,vision,0.9943,
PLX,2024,7,text,0.9888,vision,0.9888,
PLX,2024,8,text,0.9944,vision,0.9944,
PNJ,2025,4,text,0.998,vision,0.998,
PNJ,2024,4,text,0.9979,vision,0.9979,
PNJ,2021,7,text,0.9974,vision,0.9974,
PNJ,2020,4,text,0.992,vision,0.992,
PNJ,2019,3,text,0.9662,vision,0.9662,
PNJ,2019,4,text,1.0,vision,1.0,
PNJ,2019,5,text,0.9964,vision,0.9964,
PNJ,2018,35,text,0.9937,vision,0.9937,
PNJ,2017,4,text,1.0,vision,1.0,
PNJ,2017,5,text,0.987,vision,0.987,
PNJ,2016,5,text,0.9932,vision,0.9932,
POW,2025,7,ocr,0.5828,vision,0.5828,would_send
POW,2025,8,ocr,0.545,vision,0.545,would_send
POW,2025,9,ocr,0.6245,vision,0.6245,would_send
POW,2024,7,text,0.9984,vision,0.9984,
POW,2023,4,text,0.9988,vision,0.9988,
POW,2023,5,text,1.0,vision,1.0,
POW,2023,6,text,0.9717,vision,0.9717,
POW,2023,7,text,0.9515,vision,0.9515,
POW,2023,8,text,0.962,vision,0.962,
POW,2023,9,text,0.9691,vision,0.9691,
POW,2022,4,text,0.9931,vision,0.9931,
POW,2020,3,text,0.9973,vision,0.9973,
POW,2021,3,text,0.9984,vision,0.9984,
POW,2018,4,text,0.9975,vision,0.9975,
POW,2019,5,text,1.0,vision,1.0,
PVD,2023,5,text,1.0,vision,1.0,
PVD,2023,6,text,1.0,vision,1.0,
PVD,2023,7,text,0.9834,vision,0.9834,
PVD,2023,8,text,0.994,vision,0.994,
PVD,2023,9,text,0.9687,vision,0.9687,
PVD,2023,10,text,0.9798,vision,0.9798,
PVD,2022,4,text,0.9857,vision,0.9857,
PVD,2022,5,text,0.9405,vision,0.9405,
PVD,2022,6,text,0.9855,vision,0.9855,
PVD,2022,7,text,0.9921,vision,0.9921,
PVD,2021,4,text,0.9893,vision,0.9893,
PVD,2021,5,text,0.9816,vision,0.9816,
PVD,2021,6,text,0.9911,vision,0.9911,
PVD,2020,4,text,0.9857,vision,0.9857,
PVD,2020,5,text,0.9847,vision,0.9847,
PVD,2020,6,text,0.9928,vision,0.9928,
PVD,2020,7,text,0.9898,vision,0.9898,
PVD,2020,8,text,0.9948,vision,0.9948,
PVD,2019,4,text,0.992,vision,0.992,
PVD,2019,5,text,0.9828,vision,0.9828,
PVD,2018,4,text,1.0,vision,1.0,
PVD,2018,5,text,0.9936,vision,0.9936,
PVD,2018,6,text,0.9866,vision,0.9866,
PVD,2018,7,text,0.9366,vision,0.9366,
PVD,2018,8,text,0.9822,vision,0.9822,
PVD,2018,9,text,0.9952,vision,0.9952,
PVD,2017,6,text,0.9761,vision,0.9761,
PVD,2017,7,text,0.9955,vision,0.9955,
PVD,2017,8,text,0.9854,vision,0.9854,
PVD,2017,9,text,0.9901,vision,0.9901,
PVD,2016,5,text,1.0,vision,1.0,
PVD,2016,6,text,0.993,vision,0.993,
PVD,2016,7,text,0.9658,vision,0.9658,
PVD,2016,8,text,0.973,vision,0.973,
PVD,2016,9,text,0.983,vision,0.983,
PVD,2016,10,text,0.9549,vision,0.9549,
PVT,2025,3,ocr,0.8896,vision,0.8896,
PVT,2024,4,text,0.9989,vision,0.9989,
PVT,2023,4,text,0.9978,vision,0.9978,
PVT,2022,4,text,0.9952,vision,0.9952,
PVD,2025,5,ocr,0.6977,vision,0.6977,would_send
PVD,2025,6,ocr,0.8042,vision,0.8042,would_send
PVD,2025,7,ocr,0.6133,vision,0.6133,would_send
PVD,2025,8,ocr,0.6997,vision,0.6997,would_send
PVD,2025,9,ocr,0.7,vision,0.7,would_send
PVD,2025,10,ocr,0.7666,vision,0.7666,would_send
PVT,2019,6,text,0.9979,vision,0.9979,
PVT,2019,7,text,0.9916,vision,0.9916,
PVT,2019,8,text,1.0,vision,1.0,
PVT,2019,9,text,1.0,vision,1.0,
PVT,2019,10,text,0.9827,vision,0.9827,
PVT,2019,11,text,0.981,vision,0.981,
PVT,2018,8,text,0.9958,vision,0.9958,
PVT,2016,6,text,0.996,vision,0.996,
REE,2025,4,text,0.9983,vision,0.9983,
REE,2024,3,text,1.0,vision,1.0,
REE,2024,4,text,0.9149,vision,0.9149,
REE,2024,5,text,1.0,vision,1.0,
REE,2024,6,text,0.9938,vision,0.9938,
REE,2024,7,text,0.9705,vision,0.9705,
REE,2024,8,text,0.9976,vision,0.9976,
REE,2023,11,text,0.9964,vision,0.9964,
REE,2023,12,text,0.9945,vision,0.9945,
REE,2021,4,text,0.9676,vision,0.9676,
REE,2021,5,text,0.9986,vision,0.9986,
REE,2020,2,text,0.9883,vision,0.9883,
REE,2019,3,ocr,1.0,vision,1.0,
REE,2019,4,ocr,0.9214,vision,0.9214,
REE,2018,3,ocr,0.9935,vision,0.9935,
REE,2018,4,ocr,0.6368,vision,0.6368,would_send
REE,2018,5,ocr,0.8548,vision,0.8548,
REE,2018,6,text,0.934,vision,0.934,
REE,2018,7,text,0.9784,vision,0.9784,
REE,2018,8,text,0.9878,vision,0.9878,
REE,2017,6,text,0.9755,vision,0.9755,
REE,2016,6,text,0.984,vision,0.984,
REE,2016,7,text,0.9859,vision,0.9859,
SAB,2025,10,text,0.9987,vision,0.9987,
SAB,2024,4,ocr,0.0,vision,0.0,would_send
SAB,2024,5,text,0.9977,vision,0.9977,
SAB,2018,6,text,0.994,vision,0.994,
SAB,2016,5,text,0.9889,vision,0.9889,
SBT,2024,5,text,0.9061,vision,0.9061,
SBT,2024,6,text,0.9897,vision,0.9897,
SBT,2024,7,text,0.9907,vision,0.9907,
SBT,2023,5,text,0.9574,vision,0.9574,
SBT,2023,6,text,0.9979,vision,0.9979,
SBT,2023,7,text,0.9966,vision,0.9966,
SBT,2023,8,text,0.997,vision,0.997,
SBT,2023,9,text,0.9855,vision,0.9855,
SBT,2023,10,text,0.9766,vision,0.9766,
SBT,2022,6,text,0.9549,vision,0.9549,
SBT,2022,7,text,0.9882,vision,0.9882,
SBT,2022,8,text,0.9906,vision,0.9906,
SBT,2022,9,text,0.9878,vision,0.9878,
SBT,2019,3,text,0.9789,vision,0.9789,
SBT,2019,4,text,0.8435,vision,0.8435,would_send
SBT,2019,5,text,0.8,vision,0.8,would_send
SBT,2019,6,text,0.9027,vision,0.9027,
SBT,2019,7,text,0.9894,vision,0.9894,
SBT,2019,8,text,0.9854,vision,0.9854,
SBT,2017,5,text,0.9812,vision,0.9812,
SBT,2017,6,text,0.9881,vision,0.9881,
SBT,2017,7,text,0.9741,vision,0.9741,
SHB,2025,7,text,1.0,vision,1.0,
SHB,2024,7,text,0.9949,vision,0.9949,
SHB,2020,6,text,0.9921,vision,0.9921,
SHB,2018,6,text,0.9948,vision,0.9948,
SHB,2016,4,text,0.9987,vision,0.9987,
SJS,2025,3,ocr,0.9137,vision,0.9137,
NT2,2020,10,ocr,0.9679,vision,0.9679,
NT2,2020,11,ocr,0.9518,vision,0.9518,
SSB,2025,2,text,0.9982,vision,0.9982,
SSB,2025,3,text,1.0,vision,1.0,
SSB,2025,4,text,0.9975,vision,0.9975,
SSB,2025,5,text,0.9618,vision,0.9618,
SSB,2025,6,text,0.9401,vision,0.9401,
SSB,2025,7,text,1.0,vision,1.0,
SSB,2024,2,text,0.9925,vision,0.9925,
SSB,2024,3,text,0.9971,vision,0.9971,
SSB,2024,4,text,0.9607,vision,0.9607,
SSB,2024,5,text,0.9432,vision,0.9432,
SSB,2024,6,text,0.9917,vision,0.9917,
SSB,2018,3,text,0.9985,vision,0.9985,
SSB,2017,9,text,0.998,vision,0.998,
SSI,2024,6,text,1.0,vision,1.0,
SSI,2023,4,ocr,0.0,vision,0.0,would_send
SSI,2023,5,ocr,0.9586,vision,0.9586,
SSI,2023,6,ocr,0.7175,vision,0.7175,would_send
SSI,2023,7,ocr,0.9647,vision,0.9647,
SSI,2023,8,ocr,0.7918,vision,0.7918,would_send
SSI,2023,9,ocr,0.87,vision,0.87,
SSI,2022,5,text,0.9991,vision,0.9991,
SSI,2022,6,text,0.9749,vision,0.9749,
SSI,2021,4,text,0.9944,vision,0.9944,
SSI,2021,5,text,0.9345,vision,0.9345,
SSI,2020,3,text,0.9948,vision,0.9948,
SSI,2020,4,text,1.0,vision,1.0,
SSI,2019,3,text,0.9977,vision,0.9977,
SSI,2019,4,text,0.9958,vision,0.9958,
SSI,2019,5,ocr,0.0,vision,0.0,would_send
SSI,2019,6,ocr,0.0,vision,0.0,would_send
SSI,2017,3,text,0.9966,vision,0.9966,
SSI,2017,4,text,0.9938,vision,0.9938,
SSI,2016,4,ocr,0.9811,vision,0.9811,
SSI,2016,5,ocr,0.9921,vision,0.9921,
STB,2025,3,text,0.9978,vision,0.9978,
STB,2024,4,text,0.9993,vision,0.9993,
STB,2019,11,text,0.994,vision,0.994,
STB,2018,4,text,0.9965,vision,0.9965,
STB,2016,4,text,0.9957,vision,0.9957,
TAL,2024,5,text,0.6706,vision,0.6706,would_send
TAL,2024,6,text,0.9989,vision,0.9989,
TAL,2024,7,text,1.0,vision,1.0,
TAL,2024,8,text,0.9108,vision,0.9108,
TAL,2024,9,text,0.9787,vision,0.9787,
TAL,2024,10,text,0.8222,vision,0.8222,would_send
TCB,2025,6,text,0.9945,vision,0.9945,
TAL,2025,5,text,0.9995,vision,0.9995,
TCB,2024,5,text,0.9586,vision,0.9586,
TCB,2024,6,text,0.9955,vision,0.9955,
TCB,2022,4,text,0.9701,vision,0.9701,
TCB,2022,5,text,0.9955,vision,0.9955,
TCB,2023,3,text,0.7279,vision,0.7279,would_send
TCB,2023,4,text,0.9068,vision,0.9068,
TCB,2023,5,text,0.9095,vision,0.9095,
TCB,2023,6,text,0.9973,vision,0.9973,
TCB,2021,3,text,0.9709,vision,0.9709,
TCB,2021,4,text,0.9722,vision,0.9722,
TCB,2019,3,text,0.9935,vision,0.9935,
TCB,2020,4,text,1.0,vision,1.0,
TCB,2020,5,text,0.9943,vision,0.9943,
TCB,2017,3,text,0.9917,vision,0.9917,
TCB,2016,3,text,0.9975,vision,0.9975,
TCH,2024,3,text,0.9988,vision,0.9988,
TCB,2018,5,text,0.9989,vision,0.9989,
SSI,2025,24,ocr,0.9426,vision,0.9426,
SSI,2025,25,ocr,0.9573,vision,0.9573,
SSI,2025,26,ocr,0.938,vision,0.938,
SSI,2025,27,ocr,0.949,vision,0.949,
SSI,2025,28,ocr,0.9455,vision,0.9455,
SSI,2025,29,ocr,0.9347,vision,0.9347,
TCH,2021,3,ocr,0.9896,vision,0.9896,
TCH,2023,3,ocr,0.9942,vision,0.9942,
TCH,2019,3,ocr,0.9921,vision,0.9921,
TCH,2018,3,ocr,0.9751,vision,0.9751,
TCH,2017,3,ocr,0.9773,vision,0.9773,
TCX,2025,5,ocr,0.0,vision,0.0,would_send
TCX,2025,6,text,0.9789,vision,0.9789,
TCX,2025,7,text,0.9846,vision,0.9846,
TCH,2016,3,ocr,0.9905,vision,0.9905,
TPB,2019,6,text,0.966,vision,0.966,
TPB,2019,7,text,0.9918,vision,0.9918,
TPB,2025,4,ocr,0.9626,vision,0.9626,
TPB,2025,5,ocr,0.9932,vision,0.9932,
TPB,2024,4,ocr,0.9183,vision,0.9183,
TPB,2024,5,ocr,0.9593,vision,0.9593,
TPB,2017,8,text,0.9945,vision,0.9945,
TPB,2017,9,ocr,0.0,vision,0.0,would_send
VCB,2025,5,text,0.9977,vision,0.9977,
VCB,2025,6,text,1.0,vision,1.0,
VCB,2024,5,text,0.9917,vision,0.9917,
VCB,2024,6,text,0.9892,vision,0.9892,
VCB,2023,4,text,1.0,vision,1.0,
VCB,2023,5,text,0.989,vision,0.989,
VCB,2023,6,text,0.9986,vision,0.9986,
VCB,2023,7,text,0.9806,vision,0.9806,
VCB,2023,8,text,0.9833,vision,0.9833,
VCB,2023,9,text,0.972,vision,0.972,
TPB,2018,7,ocr,0.9781,vision,0.9781,
TPB,2018,8,ocr,0.5518,vision,0.5518,would_send
TPB,2018,9,ocr,0.972,vision,0.972,
TPB,2018,10,ocr,0.9814,vision,0.9814,
TPB,2018,11,ocr,0.9677,vision,0.9677,
TPB,2018,12,ocr,0.9674,vision,0.9674,
VCB,2021,5,text,1.0,vision,1.0,
VCB,2021,6,text,0.9969,vision,0.9969,
VCB,2021,7,text,1.0,vision,1.0,
VCB,2021,8,text,0.9791,vision,0.9791,
VCB,2019,3,text,0.9495,vision,0.9495,
VCB,2019,4,text,0.9958,vision,0.9958,
VCB,2019,5,text,0.9924,vision,0.9924,
VCB,2019,6,text,0.9759,vision,0.9759,
VCB,2019,7,text,0.9766,vision,0.9766,
VCB,2019,8,text,0.9949,vision,0.9949,
VCB,2020,5,text,0.997,vision,0.997,
VCB,2020,6,text,0.997,vision,0.997,
VCB,2017,4,text,0.997,vision,0.997,
VCB,2017,5,text,0.9942,vision,0.9942,
VCB,2017,6,text,0.9745,vision,0.9745,
VCB,2018,4,text,0.9964,vision,0.9964,
VCB,2018,5,text,0.998,vision,0.998,
VCB,2016,4,text,0.9987,vision,0.9987,
VCB,2016,5,text,0.9968,vision,0.9968,
VCG,2023,5,text,0.9729,vision,0.9729,
VCG,2023,6,text,0.9877,vision,0.9877,
VCG,2025,3,text,0.9892,vision,0.9892,
VCG,2025,4,text,0.9978,vision,0.9978,
VCG,2024,3,text,1.0,vision,1.0,
VCG,2024,4,text,1.0,vision,1.0,
VCG,2022,4,text,0.9967,vision,0.9967,
VCG,2018,3,text,0.9967,vision,0.9967,
VCG,2021,3,text,0.9944,vision,0.9944,
VCG,2017,6,text,1.0,vision,1.0,
VCG,2017,7,text,0.9847,vision,0.9847,
VCG,2017,8,ocr,0.6972,vision,0.6972,would_send
VCG,2017,9,text,0.9944,vision,0.9944,
TPB,2016,7,ocr,0.0,vision,0.0,would_send
TPB,2016,8,text,0.9898,vision,0.9898,
VCI,2025,6,text,0.9982,vision,0.9982,
VCG,2019,4,text,0.1897,vision,0.1897,would_send
VCG,2019,5,ocr,0.9496,vision,0.9496,
VCG,2019,6,ocr,0.9922,vision,0.9922,
VCI,2023,5,text,0.9969,vision,0.9969,
VCG,2016,4,text,1.0,vision,1.0,
VCG,2016,5,text,1.0,vision,1.0,
VCI,2022,2,text,0.9916,vision,0.9916,
VCI,2022,3,text,0.9981,vision,0.9981,
VCI,2022,4,text,0.9982,vision,0.9982,
VCI,2021,4,text,0.9972,vision,0.9972,
VCI,2024,8,ocr,1.0,vision,1.0,
VCI,2024,9,ocr,0.9981,vision,0.9981,
VCI,2018,5,text,0.9987,vision,0.9987,
VCK,2025,28,ocr,0.985,vision,0.985,
VCK,2025,29,ocr,0.0,vision,0.0,would_send
VCK,2025,30,ocr,0.964,vision,0.964,
VCK,2025,31,ocr,0.9752,vision,0.9752,
VCI,2017,5,text,0.9971,vision,0.9971,
VCI,2017,6,text,0.9742,vision,0.9742,
VCI,2017,7,text,0.9826,vision,0.9826,
VCI,2017,8,text,0.9556,vision,0.9556,
VCI,2017,9,text,1.0,vision,1.0,
VCI,2017,10,text,0.9943,vision,0.9943,
VGC,2016,6,text,1.0,vision,1.0,
VGC,2016,7,text,0.9938,vision,0.9938,
VGC,2016,8,text,0.9989,vision,0.9989,
VHC,2025,3,ocr,0.9478,vision,0.9478,
VHC,2025,4,text,0.9988,vision,0.9988,
VHC,2024,3,ocr,0.0,vision,0.0,would_send
VHC,2024,4,text,1.0,vision,1.0,
VHC,2023,2,text,0.9034,vision,0.9034,
VHC,2023,3,text,0.8,vision,0.8,would_send
VHC,2023,4,text,0.9391,vision,0.9391,
VHC,2021,2,text,0.9148,vision,0.9148,
VHC,2021,3,text,1.0,vision,1.0,
VHC,2021,4,text,0.994,vision,0.994,
VHC,2019,5,text,1.0,vision,1.0,
VHC,2019,6,text,0.9962,vision,0.9962,
VHC,2018,8,ocr,0.9125,vision,0.9125,
VHC,2018,9,ocr,0.9644,vision,0.9644,
VHC,2017,5,text,0.9278,vision,0.9278,
VHC,2017,6,ocr,0.0,vision,0.0,would_send
VHC,2017,7,text,0.9158,vision,0.9158,
VHC,2017,8,ocr,0.0,vision,0.0,would_send
VHC,2017,9,text,1.0,vision,1.0,
VHC,2017,10,text,0.9947,vision,0.9947,
VHC,2016,8,text,0.9833,vision,0.9833,
VHC,2016,9,text,0.9992,vision,0.9992,
VHM,2025,3,text,1.0,vision,1.0,
VHM,2025,4,text,0.9793,vision,0.9793,
VHM,2025,5,text,0.9919,vision,0.9919,
VHM,2025,6,text,0.9859,vision,0.9859,
VHM,2025,7,text,0.981,vision,0.981,
VHM,2025,8,text,0.9918,vision,0.9918,
VHM,2024,5,text,1.0,vision,1.0,
VHM,2024,6,text,1.0,vision,1.0,
VHM,2024,7,text,0.9918,vision,0.9918,
VHM,2024,8,text,0.9851,vision,0.9851,
VHM,2024,9,text,0.9921,vision,0.9921,
VHM,2024,10,text,0.9896,vision,0.9896,
VHM,2023,13,text,0.9922,vision,0.9922,
VHM,2018,3,text,1.0,vision,1.0,
VHM,2018,4,text,1.0,vision,1.0,
VHM,2018,5,text,1.0,vision,1.0,
VHM,2018,6,text,0.9964,vision,0.9964,
VHM,2018,7,text,1.0,vision,1.0,
VHM,2018,8,text,0.9987,vision,0.9987,
VIB,2025,6,ocr,0.0,vision,0.0,would_send
VIB,2025,7,ocr,0.9747,vision,0.9747,
VIB,2025,8,ocr,0.9934,vision,0.9934,
VIB,2025,9,ocr,0.9721,vision,0.9721,
VIB,2025,10,ocr,0.9832,vision,0.9832,
VIB,2025,11,ocr,0.9827,vision,0.9827,
VIB,2023,6,ocr,0.0,vision,0.0,would_send
VIB,2023,7,ocr,0.987,vision,0.987,
VIB,2023,8,ocr,0.9473,vision,0.9473,
VIB,2023,9,ocr,0.9799,vision,0.9799,
VIB,2023,10,text,0.7016,vision,0.7016,would_send
VIB,2023,11,ocr,0.0,vision,0.0,would_send
VIB,2024,6,ocr,0.0,vision,0.0,would_send
VIB,2024,7,ocr,0.9669,vision,0.9669,
VIB,2024,8,ocr,0.964,vision,0.964,
VIB,2024,9,ocr,0.9672,vision,0.9672,
VIB,2024,10,ocr,0.9872,vision,0.9872,
VIB,2022,6,ocr,0.0,vision,0.0,would_send
VIB,2022,7,text,0.7589,vision,0.7589,would_send
VIB,2022,8,text,0.7808,vision,0.7808,would_send
VIB,2022,9,text,0.7347,vision,0.7347,would_send
VIB,2021,5,ocr,0.0,vision,0.0,would_send
VIB,2021,6,ocr,0.9781,vision,0.9781,
VIB,2021,7,ocr,0.9727,vision,0.9727,
VIB,2021,8,ocr,0.925,vision,0.925,
VIB,2020,17,ocr,0.9735,vision,0.9735,
VIB,2020,18,ocr,0.9842,vision,0.9842,
VIB,2020,19,ocr,0.9683,vision,0.9683,
VIB,2020,20,ocr,0.9739,vision,0.9739,
VIB,2020,21,ocr,0.9684,vision,0.9684,
VIB,2020,22,ocr,0.9908,vision,0.9908,
VIC,2025,15,ocr,0.9979,vision,0.9979,
VIC,2025,16,ocr,0.9932,vision,0.9932,
VIC,2024,16,text,0.8872,vision,0.8872,
VIC,2024,17,text,0.9895,vision,0.9895,
VIC,2023,1,ocr,0.8994,vision,0.8994,
VIC,2022,5,text,0.9859,vision,0.9859,
VIC,2022,6,text,0.9285,vision,0.9285,
VIC,2022,7,text,0.9743,vision,0.9743,
VIC,2022,8,text,0.963,vision,0.963,
VIC,2022,9,text,0.9789,vision,0.9789,
VIC,2022,10,text,0.9675,vision,0.9675,
VIC,2021,5,text,1.0,vision,1.0,
VIC,2021,6,text,0.9983,vision,0.9983,
VIC,2021,7,text,1.0,vision,1.0,
VIC,2021,8,text,0.9931,vision,0.9931,
VIC,2021,9,text,0.991,vision,0.991,
VIC,2021,10,text,0.9921,vision,0.9921,
VIC,2020,13,text,1.0,vision,1.0,
VIC,2020,14,text,0.9945,vision,0.9945,
VIC,2019,12,text,1.0,vision,1.0,
VIC,2019,13,text,0.9749,vision,0.9749,
VIC,2018,3,text,0.9397,vision,0.9397,
VIC,2018,4,text,1.0,vision,1.0,
VIC,2018,5,text,0.999,vision,0.999,
VIC,2018,6,text,1.0,vision,1.0,
VIC,2018,7,text,0.9809,vision,0.9809,
VIC,2018,8,text,0.9896,vision,0.9896,
VIC,2017,5,text,1.0,vision,1.0,
VIC,2017,6,ocr,0.5546,vision,0.5546,would_send
VIC,2017,7,text,1.0,vision,1.0,
VIC,2017,8,text,1.0,vision,1.0,
VIC,2017,9,text,0.9985,vision,0.9985,
VIC,2017,10,text,0.989,vision,0.989,
VIC,2016,4,text,0.999,vision,0.999,
VIC,2016,5,text,0.9928,vision,0.9928,
VIC,2016,6,text,0.9975,vision,0.9975,
VIC,2016,7,text,0.9943,vision,0.9943,
VIC,2016,8,text,0.9987,vision,0.9987,
VIX,2023,7,ocr,0.9877,vision,0.9877,
VIX,2023,8,ocr,0.9652,vision,0.9652,
VIX,2023,9,ocr,0.8977,vision,0.8977,
VIX,2023,10,ocr,0.9575,vision,0.9575,
VIX,2023,11,ocr,0.9448,vision,0.9448,
VIX,2023,12,ocr,0.9396,vision,0.9396,
VIX,2021,7,ocr,0.9892,vision,0.9892,
VIX,2021,8,ocr,0.9876,vision,0.9876,
VIX,2021,9,ocr,0.9808,vision,0.9808,
VIX,2021,10,ocr,0.9861,vision,0.9861,
VIX,2021,11,ocr,0.9842,vision,0.9842,
VIX,2021,12,ocr,0.978,vision,0.978,
VIX,2024,24,ocr,0.9836,vision,0.9836,
VIX,2024,25,ocr,0.9817,vision,0.9817,
VIX,2024,26,ocr,0.9939,vision,0.9939,
VIX,2024,27,ocr,0.9814,vision,0.9814,
VIX,2024,28,ocr,0.9459,vision,0.9459,
VIX,2024,29,ocr,0.9718,vision,0.9718,
VIX,2022,26,ocr,0.9836,vision,0.9836,
VIX,2022,27,ocr,0.974,vision,0.974,
VIX,2022,28,ocr,0.9968,vision,0.9968,
VIX,2022,29,ocr,0.9838,vision,0.9838,
VIX,2022,30,ocr,0.9913,vision,0.9913,
VIX,2022,31,ocr,0.9601,vision,0.9601,
VJC,2025,5,text,1.0,vision,1.0,
VJC,2025,6,text,0.998,vision,0.998,
VJC,2024,5,text,0.9936,vision,0.9936,
VJC,2023,3,ocr,0.9919,vision,0.9919,
VJC,2023,4,ocr,0.8275,vision,0.8275,would_send
VJC,2023,5,ocr,0.9944,vision,0.9944,
VJC,2021,12,text,0.9944,vision,0.9944,
VJC,2021,13,text,1.0,vision,1.0,
VJC,2019,6,text,0.9974,vision,0.9974,
VJC,2018,2,text,0.9221,vision,0.9221,
VJC,2018,3,text,0.9636,vision,0.9636,
VJC,2018,4,text,0.9932,vision,0.9932,
VJC,2017,7,text,0.9942,vision,0.9942,
VIX,2016,18,ocr,0.9812,vision,0.9812,
VIX,2016,19,ocr,0.99,vision,0.99,
VIX,2016,20,ocr,0.9886,vision,0.9886,
VIX,2016,21,ocr,0.9894,vision,0.9894,
VIX,2016,22,ocr,0.9358,vision,0.9358,
VIX,2016,23,ocr,0.913,vision,0.913,
VND,2024,3,ocr,0.9664,vision,0.9664,
VND,2024,4,ocr,0.9772,vision,0.9772,
VND,2024,5,ocr,0.985,vision,0.985,
VND,2024,6,ocr,0.9767,vision,0.9767,
VND,2024,7,ocr,0.9538,vision,0.9538,
VND,2024,8,ocr,0.9608,vision,0.9608,
VND,2021,2,text,0.9992,vision,0.9992,
VND,2021,3,text,0.9991,vision,0.9991,
VND,2021,4,text,0.9762,vision,0.9762,
VND,2021,5,text,0.9834,vision,0.9834,
VND,2021,6,ocr,0.8,vision,0.8,would_send
VND,2023,3,ocr,0.9615,vision,0.9615,
VND,2023,4,ocr,0.9926,vision,0.9926,
VND,2023,5,ocr,0.9845,vision,0.9845,
VND,2023,6,ocr,0.9897,vision,0.9897,
VND,2023,7,ocr,0.9555,vision,0.9555,
VND,2023,8,ocr,0.9751,vision,0.9751,
VND,2019,5,text,0.9944,vision,0.9944,
VND,2017,4,text,0.9961,vision,0.9961,
VNM,2025,4,text,0.9962,vision,0.9962,
VNM,2024,5,text,0.9981,vision,0.9981,
VND,2018,4,text,0.9909,vision,0.9909,
VNM,2022,5,text,0.9989,vision,0.9989,
VNM,2021,7,text,1.0,vision,1.0,
VNM,2021,8,text,0.9943,vision,0.9943,
VNM,2021,9,text,0.9883,vision,0.9883,
VNM,2021,10,text,0.9922,vision,0.9922,
VNM,2021,11,text,1.0,vision,1.0,
VNM,2021,12,text,0.9627,vision,0.9627,
VNM,2023,5,text,0.9977,vision,0.9977,
VNM,2023,6,text,0.9971,vision,0.9971,
VNM,2018,6,text,1.0,vision,1.0,
VNM,2018,7,text,0.9977,vision,0.9977,
VPB,2025,4,ocr,0.9412,vision,0.9412,
VPB,2025,5,text,0.9977,vision,0.9977,
VPB,2024,4,text,0.9706,vision,0.9706,
VPB,2024,5,ocr,0.0,vision,0.0,would_send
VPB,2024,6,text,0.9949,vision,0.9949,
VPB,2023,8,text,0.9988,vision,0.9988,
VPB,2023,9,ocr,0.0,vision,0.0,would_send
VPB,2021,8,text,0.981,vision,0.981,
VND,2020,4,ocr,0.9914,vision,0.9914,
VND,2020,5,ocr,0.9751,vision,0.9751,
VND,2020,6,ocr,0.9223,vision,0.9223,
VND,2020,7,ocr,0.8392,vision,0.8392,would_send
VND,2020,8,ocr,0.6998,vision,0.6998,would_send
VPB,2019,1,text,0.9173,vision,0.9173,
VPB,2019,2,text,0.918,vision,0.918,
VPB,2019,3,text,0.9267,vision,0.9267,
VPB,2019,4,text,0.997,vision,0.997,
VPB,2018,4,text,0.9985,vision,0.9985,
VPB,2020,7,text,0.9931,vision,0.9931,
VPB,2020,8,text,0.9885,vision,0.9885,
VPB,2016,6,text,0.9985,vision,0.9985,
VPI,2025,4,text,1.0,vision,1.0,
VPI,2025,5,text,0.9984,vision,0.9984,
VPB,2017,8,text,0.9977,vision,0.9977,
VPI,2023,4,text,1.0,vision,1.0,
VPI,2023,5,text,1.0,vision,1.0,
VPI,2023,6,text,0.9977,vision,0.9977,
VPI,2022,5,text,0.8933,vision,0.8933,
VPI,2022,6,text,1.0,vision,1.0,
VPI,2021,5,text,1.0,vision,1.0,
VPI,2021,6,text,0.9988,vision,0.9988,
VPI,2020,4,ocr,0.8022,vision,0.8022,would_send
VPI,2020,5,text,1.0,vision,1.0,
VPI,2020,6,text,0.9982,vision,0.9982,
VPI,2019,5,text,0.984,vision,0.984,
VPI,2019,6,text,0.9964,vision,0.9964,
VPI,2017,2,text,0.9963,vision,0.9963,
VPI,2017,3,text,0.9958,vision,0.9958,
VPI,2017,4,text,0.957,vision,0.957,
VPL,2025,3,text,1.0,vision,1.0,
VPL,2025,4,text,1.0,vision,1.0,
VPL,2025,5,text,0.9486,vision,0.9486,
VPL,2025,6,text,0.9737,vision,0.9737,
VPL,2025,7,text,0.9924,vision,0.9924,
VPL,2025,8,text,0.9747,vision,0.9747,
VPL,2024,2,text,1.0,vision,1.0,
VPL,2024,3,text,1.0,vision,1.0,
VPL,2024,4,text,0.9912,vision,0.9912,
VPL,2024,5,text,0.9852,vision,0.9852,
VPL,2024,6,text,0.9736,vision,0.9736,
VPL,2024,7,text,0.9961,vision,0.9961,
VPX,2025,5,text,0.9972,vision,0.9972,
VPB,2022,6,ocr,0.0,vision,0.0,would_send
VPB,2022,7,ocr,0.0,vision,0.0,would_send
VPB,2022,8,text,0.9919,vision,0.9919,
VPB,2022,9,text,1.0,vision,1.0,
VPX,2023,4,text,0.9967,vision,0.9967,
VPX,2023,5,text,0.983,vision,0.983,
VRE,2025,5,text,1.0,vision,1.0,
VRE,2025,6,text,0.9882,vision,0.9882,
VRE,2025,7,text,1.0,vision,1.0,
VRE,2024,9,text,0.9965,vision,0.9965,
VRE,2023,9,text,1.0,vision,1.0,
VRE,2023,10,text,0.9967,vision,0.9967,
VRE,2022,5,text,1.0,vision,1.0,
VRE,2022,6,text,0.8932,vision,0.8932,
VRE,2022,7,text,0.975,vision,0.975,
VRE,2022,8,text,0.9865,vision,0.9865,
VRE,2022,9,text,0.962,vision,0.962,
VRE,2022,10,text,0.9897,vision,0.9897,
VRE,2021,5,text,1.0,vision,1.0,
VRE,2021,6,text,1.0,vision,1.0,
VRE,2021,7,text,0.9729,vision,0.9729,
VRE,2021,8,text,0.9942,vision,0.9942,
VRE,2021,9,text,0.9651,vision,0.9651,
VRE,2021,10,text,0.9918,vision,0.9918,
VRE,2019,3,text,0.936,vision,0.936,
VRE,2019,4,text,0.9984,vision,0.9984,
VRE,2019,5,text,0.9784,vision,0.9784,
VRE,2019,6,text,1.0,vision,1.0,
VRE,2019,7,text,0.9841,vision,0.9841,
VPI,2018,4,ocr,1.0,vision,1.0,
VPI,2018,5,ocr,0.9979,vision,0.9979,
VRE,2020,4,text,1.0,vision,1.0,
VRE,2020,5,text,0.9984,vision,0.9984,
VRE,2020,6,text,0.9758,vision,0.9758,
VRE,2020,7,text,0.9504,vision,0.9504,
VRE,2020,8,text,0.9865,vision,0.9865,
VRE,2020,9,text,0.9943,vision,0.9943,
VRE,2018,9,text,0.983,vision,0.983,
VTP,2024,2,text,0.99,vision,0.99,
VTP,2025,3,text,0.9975,vision,0.9975,
VTP,2022,4,text,0.9922,vision,0.9922,
VTP,2020,2,text,0.9818,vision,0.9818,
VTP,2020,3,text,0.9933,vision,0.9933,
VTP,2020,4,text,0.994,vision,0.994,
VTP,2020,5,text,0.9954,vision,0.9954,
VTP,2020,6,text,0.9941,vision,0.9941,
VTP,2020,7,text,0.9827,vision,0.9827,
VTP,2021,2,text,1.0,vision,1.0,
VTP,2021,3,text,0.9897,vision,0.9897,
VTP,2021,4,text,0.9893,vision,0.9893,
VTP,2019,4,text,1.0,vision,1.0,
VTP,2019,5,text,1.0,vision,1.0,
VTP,2019,6,text,0.9933,vision,0.9933,
VTP,2019,7,text,0.9814,vision,0.9814,
VTP,2019,8,text,0.9345,vision,0.9345,
VTP,2019,9,ocr,0.0,vision,0.0,would_send
DPM,2017,3,text,0.9959,vision,0.9959,
GAS,2017,6,text,0.9967,vision,0.9967,
GAS,2017,7,text,0.9886,vision,0.9886,
VTP,2023,2,ocr,0.9922,vision,0.9922,
HDB,2019,4,ocr,0.755,vision,0.755,would_send
