ticker,year,trang_goi_y,ly_do_can_kiem_tra
VCB,2016,2-?,"Thông điệp CHUNG của Chủ tịch HĐQT và TGĐ; lớp chữ trang thư quá ngắn (v03 too_short) – có dùng thư chung không? trang nào?"
VCB,2018,3-?,"Như trên (Chủ tịch HĐQT và TGĐ)"
VCB,2024,4-5,"Thông điệp của Ban lãnh đạo Vietcombank – thư chung?"
VCB,2025,4-5,"Như trên; v03 too_short"
NLG,2023,4-6,"Thông điệp của Chủ tịch và TGĐ (thư chung)"
NLG,2024,4-6,"Như trên"
NLG,2025,4-6,"Như trên"
POW,2021,3,"'Thông điệp Ban lãnh đạo' – không rõ người ký là Chủ tịch HĐQT"
VRE,2018,9,"'Thông điệp của Hội đồng quản trị' (không phải cá nhân Chủ tịch)"
KBC,2019,3,"'Lời giới thiệu' có 'Kính thưa quý vị cổ đông' – là thư Chủ tịch hay lời giới thiệu công ty?"
KBC,2020,3,"Như trên"
TPB,2016,8,"'Kính thưa quý vị!' – không rõ người ký (Chủ tịch hay TGĐ)"
DCM,2025,4,"Có lời chào 'Kính gửi quý cổ đông' nhưng OCR chỉ ra 139 từ lẫn rác – cần xem PDF"
VHC,2018,8,"OCR rác toàn trang – cần xem PDF"
HDB,2021,6-?,"Trang 4 là mục lục ('thông điệp của chủ tịch HĐQT 06'); trang thư có thể là ảnh"
DXG,2018,?,"Trang 3 là mục lục ('thông điệp của chủ tịch HĐQT'); chưa thấy trang thư"
VIC,2019,?,"v03 lấy trang 1 (230 âm tiết, too_short) – trang 1 là công văn CBTT; cần tìm trang thư"
VIC,2020,?,"Như trên"
VIC,2024,?,"Như trên"
VIC,2025,?,"Như trên"
