ticker,ami_rows,cont_start,web_rows,overlap,max_dev
ACB,1439,2020-12-14,1505,23,0.0005665722379601945
BAF,1196,2021-12-03,20,20,0.0004106489126540769
BCM,1439,2020-12-14,717,21,0.00012343960520344588
BSI,1267,2021-09-06,1663,30,0.0007704902244052292
BSR,2118,2018-03-01,0,0,
BWE,2290,2017-07-20,22,22,0.0003824623622266099
CTR,1143,2022-02-24,1081,19,7.715915729611389e-05
CTS,2313,2017-06-20,629,21,0.0013592610058531518
DBC,1789,2019-07-26,1153,22,0.0008646363723701089
DCM,2869,2015-03-31,20,20,0.0007614725947567846
DGW,2780,2015-08-03,21,21,0.0011303605619507051
DSE,557,2024-07-01,24,24,0.00021290763885417618
EVF,1168,2022-01-13,862,17,0.00039249417521936003
FRT,2100,2018-04-26,20,20,0.00013212190857769812
FTS,2415,2017-01-13,16,16,0.0014775898867180892
GEE,1098,2024-08-15,20,20,0.00033130230615208145
GEX,2162,2018-01-18,574,17,0.0004164931278632933
GVR,1628,2020-03-17,1016,43,0.0005253648723106963
HDB,2171,2018-01-05,19,19,0.0006097076054396577
HHV,1162,2022-01-21,1522,16,0.00021403868467584353
KOS,1792,2019-07-22,419,24,0.00024691747177518764
LPB,1492,2020-11-09,786,51,0.0014265335235377208
MCH,184,2025-12-25,2237,20,2.5370407956137875e-05
MSB,1432,2020-12-23,21,21,0.0006460203826023081
NAB,633,2024-03-11,856,24,0.00043910138494962503
NVL,2426,2016-12-28,20,20,0.000204929648087826
OCB,1407,2021-01-28,17,17,0.0006858038600959793
PAN,1265,2021-09-07,1663,29,0.000250383600516102
PC1,2458,2016-11-16,22,22,0.000613873542050225
PLX,2353,2017-04-21,19,19,0.00014200144583287333
POW,1919,2019-01-14,226,19,0.00035758274067310136
SAB,2444,2016-12-06,22,22,0.00010615399556868077
SHB,1235,2021-10-11,1711,23,0.0003965369109774075
SIP,804,2023-08-08,1048,46,0.00016243937530457941
SSB,1373,2021-03-24,22,22,0.0004230864154002312
TAL,286,2025-08-01,393,21,0.00023100023100020017
TCB,2076,2018-06-04,22,22,0.00033199306503373105
TCH,2487,2016-10-05,22,22,0.0006319780914261219
TCX,231,2025-10-21,24,24,0.00015774617633335097
TPB,2102,2018-04-19,19,19,0.0006071645415908211
VCG,1427,2020-12-29,1513,21,0.0002276348736626188
VCI,2299,2017-07-07,21,21,0.0006858038600959793
VCK,191,2025-12-16,22,22,0.00016597510373439484
VGC,1830,2019-05-29,915,23,0.0003533360815027864
VHM,2085,2018-05-17,22,20,0.0001583971501443182
VIB,1462,2020-11-10,970,22,0.0006025778574683116
VIX,1966,2021-01-08,1518,21,0.0007842602380059294
VJC,2389,2017-02-28,19,19,9.011624996246859e-05
VND,1304,2021-09-06,1667,31,0.0012322459303456545
VPB,2270,2017-08-17,20,20,0.0006953984972608573
VPI,2056,2018-06-29,158,21,0.00023439968203176065
VPL,1310,2025-05-13,24,24,0.0
VPX,194,2025-12-11,20,20,0.0
VRE,2211,2017-11-06,22,19,0.00013556054284458163
VTP,1929,2018-11-23,0,0,
