ticker,year,lang,file,start_page,end_page,locate,method,n_syllables,vn_ratio,flag,pages,dung_doan_thong_diep,loi_ocr_moi_100_tu,ghi_chu
DGW,2024,vi,DGW_2024_vi.pdf,2.0,2.0,regex,text,453.0,0.283,ok,,,,
REE,2023,vi,REE_2023_vi.pdf,6.0,11.0,regex,text,1357.0,0.276,ok,,,,
VPB,2024,vi,VPB_2024_vi.pdf,4.0,6.0,regex,ocr,1403.0,0.271,ok,,,,
CTG,2024,vi,CTG_2024_vi.pdf,5.0,6.0,regex,text,978.0,0.286,ok,,,,
GEX,2025,vi,GEX_2025_vi.pdf,7.0,7.0,regex,text,1733.0,0.285,ok,,,,
KOS,2017,vi,KOS_2017_vi.pdf,2.0,2.0,regex,ocr,312.0,0.286,ok,,,,
ANV,2019,vi,ANV_2019_vi.pdf,2.0,2.0,regex,text,668.0,0.291,ok,,,,
TCB,2016,vi,TCB_2016_vi.pdf,3.0,3.0,regex,text,637.0,0.279,ok,,,,
CTG,2023,vi,CTG_2023_vi.pdf,5.0,5.0,regex,text,1154.0,0.288,ok,,,,
NVL,2023,vi,NVL_2023_vi.pdf,5.0,6.0,regex,text,1264.0,0.279,ok,,,,
BWE,2024,vi,BWE_2024_vi.pdf,3.0,3.0,regex,text,709.0,0.295,ok,,,,
DIG,2025,vi,DIG_2025_vi.pdf,3.0,4.0,regex,text,1356.0,0.29,ok,,,,
DCM,2018,vi,DCM_2018_vi.pdf,6.0,11.0,regex,ocr,2084.0,0.281,ok,,,,
VRE,2023,vi,VRE_2023_vi.pdf,4.0,9.0,regex,text,1766.0,0.259,ok,,,,
PC1,2025,vi,PC1_2025_vi.pdf,6.0,6.0,regex,text,542.0,0.288,ok,,,,
HDG,2019,vi,HDG_2019_vi.pdf,3.0,3.0,regex,text,771.0,0.289,ok,,,,
BMP,2018,vi,BMP_2018_vi.pdf,3.0,3.0,regex,text,633.0,0.275,ok,,,,
HCM,2025,vi,HCM_2025_vi.pdf,4.0,4.0,regex,text,661.0,0.264,ok,,,,
GEX,2023,vi,GEX_2023_vi.pdf,6.0,6.0,regex,text,889.0,0.293,ok,,,,
CTR,2024,vi,CTR_2024_vi.pdf,5.0,5.0,regex,text,1154.0,0.266,ok,,,,
ACB,2024,vi,ACB_2024_vi.pdf,7.0,8.0,regex,ocr,1175.0,0.285,ok,,,,
VRE,2024,vi,VRE_2024_vi.pdf,4.0,9.0,regex,text,2634.0,0.252,ok,,,,
VIC,2020,vi,VIC_2020_vi.pdf,1.0,1.0,regex,ocr,232.0,0.255,too_short,,,,
VTP,2022,vi,VTP_2022_vi.pdf,4.0,4.0,regex,text,509.0,0.268,ok,,,,
PAN,2017,vi,PAN_2017_vi.pdf,4.0,4.0,regex,text,1215.0,0.284,ok,,,,
VIC,2016,vi,VIC_2016_vi.pdf,4.0,8.0,regex,text,5565.0,0.268,too_long,,,,
CTD,2021,vi,CTD_2021_vi.pdf,9.0,9.0,regex,text,699.0,0.275,ok,,,,
DXG,2021,vi,DXG_2021_vi.pdf,5.0,5.0,regex,text,1244.0,0.29,ok,,,,
VND,2017,vi,VND_2017_vi.pdf,4.0,4.0,regex,text,1605.0,0.274,ok,,,,
SHB,2020,vi,SHB_2020_vi.pdf,6.0,6.0,regex,text,979.0,0.284,ok,,,,
VTP,2025,vi,VTP_2025_vi.pdf,3.0,3.0,regex,text,971.0,0.283,ok,,,,
FTS,2023,vi,FTS_2023_vi.pdf,4.0,4.0,regex,text,968.0,0.28,ok,,,,
CTD,2018,vi,CTD_2018_vi.pdf,3.0,4.0,regex,text,1287.0,0.271,ok,,,,
HT1,2018,vi,HT1_2018_vi.pdf,5.0,5.0,regex,text,790.0,0.289,ok,,,,
GEX,2020,vi,GEX_2020_vi.pdf,4.0,5.0,regex,ocr,735.0,0.273,ok,,,,
SSI,2016,vi,SSI_2016_vi.pdf,4.0,9.0,regex,ocr,2879.0,0.231,ok,,,,
DSE,2021,vi,DSE_2021_vi.pdf,4.0,5.0,regex,text,778.0,0.29,ok,,,,
VHC,2019,vi,VHC_2019_vi.pdf,5.0,6.0,regex,text,754.0,0.283,ok,,,,
NT2,2020,vi,NT2_2020_vi.pdf,10.0,11.0,regex,ocr,1259.0,0.3,ok,,,,
KDH,2016,vi,KDH_2016_vi.pdf,4.0,4.0,regex,text,610.0,0.29,ok,,,,
PAN,2023,vi,PAN_2023_vi.pdf,5.0,5.0,regex,text,1116.0,0.282,ok,,,,
BMP,2019,vi,BMP_2019_vi.pdf,3.0,3.0,regex,text,637.0,0.268,ok,,,,
VCI,2024,vi,VCI_2024_vi.pdf,10.0,15.0,regex,ocr,291.0,0.136,ok,,,,
VPB,2018,vi,VPB_2018_vi.pdf,4.0,4.0,regex,text,814.0,0.272,ok,,,,
BID,2017,vi,BID_2017_vi.pdf,4.0,7.0,regex,ocr,1758.0,0.291,ok,,,,
GEX,2024,vi,GEX_2024_vi.pdf,7.0,7.0,regex,text,1048.0,0.298,ok,,,,
TCH,2021,vi,TCH_2021_vi.pdf,3.0,3.0,regex,ocr,546.0,0.286,ok,,,,
DBC,2016,vi,DBC_2016_vi.pdf,4.0,5.0,regex,text,796.0,0.279,ok,,,,
CII,2023,vi,CII_2023_vi.pdf,6.0,6.0,regex,ocr,819.0,0.288,ok,,,,
VCB,2020,vi,VCB_2020_vi.pdf,4.0,9.0,regex,text,2756.0,0.262,ok,,,,
HSG,2023,vi,HSG_2023_vi.pdf,4.0,4.0,regex,text,911.0,0.268,ok,,,,
HSG,2021,vi,HSG_2021_vi.pdf,4.0,5.0,regex,text,1038.0,0.283,ok,,,,
CTS,2017,vi,CTS_2017_vi.pdf,4.0,9.0,regex,ocr,2995.0,0.262,ok,,,,
VND,2019,vi,VND_2019_vi.pdf,5.0,5.0,regex,text,1668.0,0.274,ok,,,,
VRE,2019,vi,VRE_2019_vi.pdf,3.0,7.0,regex,text,3038.0,0.261,ok,,,,
NVL,2018,vi,NVL_2018_vi.pdf,5.0,6.0,regex,text,1836.0,0.277,ok,,,,
HAG,2018,vi,HAG_2018_vi.pdf,3.0,3.0,regex,text,700.0,0.294,ok,,,,
FRT,2018,vi,FRT_2018_vi.pdf,5.0,5.0,regex,text,638.0,0.274,ok,,,,
DXG,2019,vi,DXG_2019_vi.pdf,9.0,9.0,regex,text,597.0,0.285,ok,,,,
