doc_id,sha,finbert_net
0000320193-24-000123,d19dee98ba8efd15,0.005636691641158018
0000320193-23-000106,67d1c3d786281c81,-0.16315138307289176
0000320193-22-000108,d406dc6e3f2ccbf2,0.051414030059920936
0000320193-21-000105,a0aa2be1ceb7b611,0.17904217294628985
0000320193-20-000096,1cb3aa5914acb6e2,-0.007999962715016637
0000320193-19-000119,28bfa69aca2b12a0,-0.04264409752906698
0000320193-18-000145,ca1ffbfca07b91b9,0.10915702778846026
0000320193-17-000070,54048d488728c183,-0.030783404365647585
0001628280-16-020309,144919dedb6ddb5b,0.04565626725088805
0001193125-15-356351,9adec915cdf13ba5,0.1493788030394353
0000950170-24-087843,3b1e178b928aa5de,0.2474805806441942
0000950170-23-035122,64e9a9c459d1f506,0.10679556510411203
0001564590-22-026876,985d0825a79cc96a,0.3039546981290914
0001564590-21-039151,a596319a0ee30eb5,0.28415139980847015
0001564590-20-034944,bed5f3a2a4514c2a,0.4024066226230934
0001564590-19-027952,eea364c43521fc51,0.42743738727411257
0001564590-18-019062,c3ba9ac7df579405,0.317435627868399
0001564590-17-014900,7c465d6aa665f498,-0.04385527791455388
0001193125-16-662209,c60d9fcf6f53a637,0.0029877381352707744
0001193125-15-272806,ba1d3c163ba19332,0.2488549906667322
0001018724-24-000008,a64bef4e3fc62476,0.09444717344027667
0001018724-23-000004,9f461ba777946a00,0.05306917930433723
0001018724-22-000005,eed72393eff5ed70,0.05275059148735094
0001018724-21-000004,86100d45fe61dc04,0.06679080303059891
0001018724-20-000004,a57e83ab295681a7,0.082637184697669
0001018724-19-000004,73099b9c00f8a971,0.10018405933165923
0001018724-18-000005,b9d64f7746b9aa5b,0.08614092882256955
0001018724-17-000011,c16dba15de8094f2,0.09843895230209455
0001018724-16-000172,7105eadbb6855f90,0.06946562849218026
0001018724-15-000006,30f4dce18b5c4ea0,0.06411260828608648
0001652044-24-000022,d84204d590688abe,0.09921393261058256
0001652044-23-000016,8f32c6d8f58123ce,0.03204276849748567
0001652044-22-000019,3788681d3b5f37aa,0.18779577838256956
0001652044-21-000010,4d656e71b804e121,0.12975543714826926
0001652044-20-000008,9bfeec0e827d5746,0.15851578118046747
0001652044-19-000004,7ad386a592b6a33a,0.23662907810183242
0001652044-18-000007,ed08ab2de7b2888c,0.30463467121357096
0001652044-17-000008,743d98a9845649fd,0.27525545031996446
0001652044-16-000012,b1000b47d90874a4,0.2409497089101933
0001288776-15-000008,7172f6484edb0e41,0.25963761465623975
0001326801-24-000012,c0dcebda17a3feb1,0.05971053619869053
0001326801-23-000013,1a98fffdf9057eaa,-0.03779585867421702
0001326801-22-000018,8447e009e7ba06a7,0.04217376109678298
0001326801-21-000014,55e60af5bc706356,0.07503706122282892
0001326801-20-000013,bf61bec74598907e,0.12141148103401064
0001326801-19-000009,5f0a20110d9bcb6c,0.22087999780429526
0001326801-18-000009,6840c5a226ede36c,0.18591481742449104
0001326801-17-000007,d2f8e4548da312d6,0.19612486511003227
0001326801-16-000043,d6815688456d252b,0.14241398994345217
0001326801-15-000006,ccf4e216aace9dc4,0.20069807137129828
0001045810-24-000029,f66650ab3308426c,0.09155531521420926
0001045810-23-000017,a73e21796e0bcfea,-0.05312320264056325
0001045810-22-000036,4a08144889a6f1cc,0.04466012488584965
0001045810-21-000010,c8ad2348a341a4b2,0.04053761023795232
0001045810-20-000010,eeed8e3d34e6259a,-0.033009980029998005
0001045810-19-000023,99f5d074a6869292,0.07153181408299134
0001045810-18-000010,d2fecf3d91cbb240,0.10729045141721144
0001045810-17-000027,2e7d32c1d2c799d2,0.030036386612337082
0001045810-16-000205,cbe105bc0b740da6,-0.020725906810257586
0001045810-15-000036,aceb1c757300a44f,-0.07323760158848018
0000050863-24-000010,0236ac66e6e35413,0.3607845583325252
0000050863-23-000006,ba4769df74c189f4,0.3133621656987816
0000050863-22-000007,94ddf3271d4d0c96,0.42839892583200706
0000050863-21-000010,be37c86514946fe5,0.34106920937309043
0000050863-20-000011,2186ee3ffbf1a703,0.4059480438521132
0000050863-19-000007,5090df0afc31fbe8,0.5158049533283338
0000050863-18-000007,34ea784181574225,0.26443392677232624
0000050863-17-000012,81fcd5d3d3c936e8,0.08834605600917712
0000050863-16-000105,c19b69440db640f1,-0.019709097342565655
0000050863-15-000015,2a00f54d5a308ac5,0.050786062630359084
0000858877-24-000017,99cdde8da1685cd6,-0.05236818837467581
0000858877-23-000023,c8b978e785f49b3a,0.16258511380990967
0000858877-22-000013,af948bcb93203975,0.0062257635756395755
0000858877-21-000013,c2434c9f7d16f70a,0.052916508263442665
0000858877-20-000010,55d876c724cc7278,-0.11454721152316778
0000858877-19-000012,e2eb08df62837f4e,0.013406944305170327
0000858877-18-000011,a4056c10e51907b3,-0.019769873013719918
0000858877-17-000016,ad533b08a146e2eb,-0.21432389358291404
0000858877-16-000117,ff0c17bc5d9a2ca2,-0.021602885872125624
0000858877-15-000070,45b71fd0baa28a91,-0.049220522698014975
0000950170-24-075605,f9fe1ac4c33fbb0f,0.00376585021847859
0000950170-23-028914,19a1f192d4911d49,0.04460251335054636
0001564590-22-023675,4be99a5eaf2c5bfa,0.035476696803234516
0001564590-21-033616,78cc152341c6da2b,-0.01966187628218904
0001564590-20-030125,2ac1efcb0845a6a0,-0.02031129809329286
0001564590-19-023119,2d3ee3bf306cf1b8,0.009343775636516512
0001193125-18-201034,f9bda3d8287ac658,-0.00039998658699914814
0001193125-17-214833,82b2a3469f0455ba,0.06630137520143763
0001193125-16-628942,95077c6774bbe053,0.08237525012111291
0001193125-15-235239,07500a4f592243e1,0.07762752711540089
0000051143-24-000012,190d7f7381057ef2,-0.11948664133204147
0001558370-23-002376,8a356fd3ed550dee,-0.11586697009624913
0001558370-22-001584,6a3ed2d59445dcd6,-0.1324425765336491
0001558370-21-001489,72c0c101084da615,-0.13007199982879683
0001558370-20-001334,6721c7e700630caf,0.23391900426940992
0001047469-19-000712,e00dfe4b38ac865e,0.2620338746905327
0001047469-18-001117,68a82a6aee52df45,0.28190908302552997
0001047469-17-001061,e89d82cc39884371,0.3408997923485003
0001047469-16-010329,7a3b9bdd50033975,0.2993297614576295
0001047469-15-001106,7a5133659566dd6f,0.3605007602949627
0001108524-24-000005,25182e0434429d0f,-0.047872097387444225
0001108524-23-000011,966903c51bbce212,-0.005510352130513639
0001108524-22-000013,c4d9a63cefd81917,0.028256712204311044
0001108524-22-000008,9fd7e08117c0febe,-0.0017680381727404892
0001108524-20-000014,e3be6f0e214d4352,0.1178724883752875
0001108524-19-000009,7d6a2d9440044a46,0.1380875497078523
0001108524-18-000011,afd53b25d3a969ad,0.061993854932952674
0001108524-17-000006,df44594e0ebaca25,0.07824372046859934
0001108524-16-000053,0c7faee175c6dafe,0.0529107807809487
0001108524-15-000008,94d76b6034112f88,0.022877773409709333
0000019617-24-000225,597a40a508b6d623,0.1503021737281233
0000019617-23-000231,1b05c644b844fc22,0.08325375796295703
0000019617-22-000272,037b0263613ea6f0,0.15878045277437194
0000019617-21-000236,9e04dabc7b30a432,0.19255943945143372
0000019617-20-000257,9460b294f94e6c51,0.22822183874668553
0000019617-19-000054,443b01b5a7e8d143,0.22752695869188755
0000019617-18-000057,765970741b4e2991,0.15295518854632972
0000019617-17-000314,7bc429a04666d111,0.199405201242771
0000019617-16-000902,a6f6d8b98af7d8c5,0.09089530964614824
0000019617-15-000272,7e00615dc9bc62b5,0.10387025049189105
0000070858-24-000122,6894b586cf9cc800,0.07159725715173408
0000070858-23-000092,2ddcc54d7b02094c,0.05124055587686598
0000070858-22-000062,27b5eb2f571a424e,0.08269157049944624
0000070858-21-000023,f19355d5894faf59,0.07042562762973831
0000070858-20-000011,eed7c7a14297fa30,0.04704318637959659
0000070858-19-000012,41e73ea991c72139,0.04603132628137246
0000070858-18-000009,c4608dad8a01b587,0.11386198573745787
0000070858-17-000013,f3e492abbd8ec26c,0.07617103466764093
0000070858-16-000137,3cc48898b461c80d,-0.007506398372352123
0000070858-15-000008,2a15843f97ade1d5,-0.053872584984637796
0000072971-24-000064,0a2562822a2b7e66,-0.009870507991872729
0000072971-23-000071,3a236e60b9899fc7,-0.005008124036248773
0000072971-22-000096,53302871a69bd18a,0.009702050858177245
0000072971-21-000197,4b3fe8b7c58a87a8,0.02724116009660065
0000072971-20-000217,6c5157567d3b2042,-0.042057201077695935
0000072971-19-000227,9ba8c93cff7785bb,-0.035415422080550346
0000072971-18-000272,75b31a573c03f432,-0.0323691866802983
0000072971-17-000278,f52b9a883299cbfd,-0.0252784736151807
0000072971-16-001045,cc5402c292b2e72c,-0.009486599543597549
0000072971-15-000449,d71b1f269ff7b4e0,-0.010677489133086056
0000886982-24-000006,d4f1c940dbae7499,-0.06400733234127984
0000886982-23-000003,25b32b692b887690,-0.02272675438085571
0001193125-22-052682,5baa0bafd94d7521,0.04355818033218384
0001193125-21-049380,88b4ffaccac9860f,0.045302989075426014
0001193125-20-043853,553f0aeb5ddb1531,-0.01897476309677586
0001193125-19-050198,0bd88ec17d79a5d5,0.01607080820482224
0001193125-18-056383,48b18b771149442e,0.051351222288794816
0001193125-17-056804,b72a03a51b173645,-0.03537218004697934
0001193125-16-470289,b0f28ccd5572c6fb,-0.040040589864365754
0001193125-15-056785,4d0aa927d33a33da,-0.025789365454111247
0000004962-24-000013,35d2966c91182cf6,0.32531677360646427
0000004962-23-000006,d57df1b92c5692a9,0.27612819454167037
0000004962-22-000008,de98306964039a40,0.2182737442990765
0000004962-21-000013,63f95cdff9c0e4a4,-0.07931399076944218
0000004962-20-000030,a5c89c5f96adb9f1,0.19236586548388004
0000004962-19-000018,3c7e4156c15f00b5,0.2557765947538428
0000004962-18-000032,caed59e42d5eb6a9,0.10442320077912882
0001193125-17-047588,5dd751339675e127,0.033341951959300786
0001193125-16-469798,96ffae4dc7ed6294,0.05433967711171135
0001193125-15-059931,5bd99f8b39b72572,0.18082858168520033
0001403161-24-000058,910da9baacec975a,0.006144818572793156
0001403161-23-000099,aec0cfbfaf82aa74,0.015092753018252551
0001403161-22-000081,2c88fa570af80716,0.006891342629678547
0001403161-21-000060,f2fa9616399b366d,0.05131567812059075
0001403161-20-000070,8bbaae1f6614a8bb,-0.0797102671675384
0001403161-19-000050,d283af0abbbf3e40,-0.010955421614926308
0001403161-18-000055,33cc5a1f2712ee38,0.030219165408052504
0001403161-17-000044,908abead19252840,-0.03989546211902052
0001403161-16-000058,2408dac55825c0ff,0.005984680973924696
0001403161-15-000013,18f6f50dad97f524,0.07858395697316155
0001141391-24-000022,cd9c2b2f082c5975,0.07623707619030029
0001141391-23-000020,91e6c0f95d2d9402,0.08147582618519664
0001141391-22-000023,b79cffc0b6d72a44,0.07431091656442732
0001141391-21-000018,d9bac0cf20c64fc4,-0.03589924690779298
0001141391-20-000032,0d20cc52801118de,0.04285513862967491
0001141391-19-000013,f89fcf7d4e012bf4,0.07254012434044853
0001141391-18-000009,a9ce0b20e1eb90bd,0.037214253223501144
0001141391-17-000014,e3d30d957d687e0d,0.08134935798356309
0001141391-16-000085,e9420cbe9f5f760d,0.0655567427049391
0001141391-15-000011,6f6491cfd2b8f57a,0.09137564067263156
0000086312-24-000012,d02a937f900b840a,0.15198462517000735
0000086312-23-000011,72b908abae7b990d,0.04334922153269872
0000086312-22-000013,4d520d1580f6ec46,0.08781610743142665
0000086312-21-000011,072ef86c53c11d02,-0.1442389355087653
0000086312-20-000011,7120fdc45b2d31a9,0.07021757605951279
0000086312-19-000009,78471737a969046f,0.08736263777595013
0001047469-18-000812,54353485e402fe6c,0.03556086568161845
0001047469-17-000695,0ecc596dbffa022f,-0.0884308714652434
0001047469-16-010107,6736aa9141ef93e1,-0.0020933506544679402
0001047469-15-000743,6d2a7bb9e1b6862e,0.018738966761156918
0000200406-24-000013,c4a3023732e11245,0.12854229499818756
0000200406-23-000016,000ccebeead63d0b,0.0637362937675789
0000200406-22-000022,831d35c79b7c1450,0.2032402837788686
0000200406-21-000008,86c769abf9b1ec0c,0.013827400957234203
0000200406-20-000010,34e08239c958d2a6,0.12412382437614725
0000200406-19-000009,a4506118b1898efc,0.13743044855305925
0000200406-18-000005,9e79a2e042d727ea,0.06995018540881574
0000200406-17-000006,1bddc91fcfae0b6f,0.005136324833147228
0000200406-16-000071,a99fe29142843754,0.00834952871548012
0000200406-15-000004,b22d68fbf4d5a149,0.02112298480467871
0000078003-24-000039,6cb8dd23761d83b5,-0.006512064181733877
0000078003-23-000024,cde7593595f27510,0.0030075317644514144
0000078003-22-000027,09f60131928703e7,0.04358345341868699
0000078003-21-000038,0742420e5b078ada,0.015152171275112779
0000078003-20-000014,6d5798643cea5537,0.13128151481738315
0000078003-19-000015,a4bb8cc143831d91,0.10423980417195708
0000078003-18-000027,1cd15589c281586d,0.12399980457732454
0000078003-17-000014,832047a146f8c11a,0.12743747048312798
0000078003-16-000077,c8a51157cdc990cc,0.08848965721437707
0000078003-15-000014,00bf87e7fec4231b,0.07962177261244506
0001628280-24-006850,0cf66f055def79f7,0.2310443142708391
0001628280-23-005061,93587c4027ccbb71,0.2380392588931136
0000310158-22-000003,d29453c3b44025e9,0.22484926951350645
0000310158-21-000004,98193ae661654d82,0.20672036327654497
0000310158-20-000005,aa4f4682492ce716,0.14041579094249756
0000310158-19-000014,8cd422c871ef79fd,0.24608015187084675
0000310158-18-000005,ff519ed4c3fe7537,0.04290116949938238
0000310158-17-000010,327d39443b0b2d44,-0.019074916287790983
0000310158-16-000063,c224c759e9585b74,-0.0106601955415681
0000310158-15-000005,1c33fa90257388c2,-0.015644414157141
0000731766-24-000081,82479101b7b93796,0.14421461639135624
0000731766-23-000008,cfb20c1524535120,0.13676327997527551
0000731766-22-000008,0c565e097af8cbd3,0.11253479693055232
0000731766-21-000013,4287e9cb5fdd621f,0.10067500459728762
0000731766-20-000006,f199208f3d66790f,0.15501631003918878
0000731766-19-000005,77b1832f74cf2aa3,0.11887611163547263
0000731766-18-000005,4431730735eeb1d7,0.14419806766090915
0000731766-17-000009,6685d4b4d845a846,0.12125901740277185
0000731766-16-000058,38014c87824a47f2,0.18965092109283432
0000731766-15-000007,5855c40e2cfba844,0.19796297731809318
0000318154-24-000011,f83a5ef0e8c3398f,0.05591331858187914
0000318154-23-000017,f5f2c4bf4ec8daae,0.07429166551912203
0000318154-22-000010,4d1eb80976556667,0.07796057797269895
0000318154-21-000010,6bd67c652f7a7953,0.07584158167941496
0000318154-20-000017,17c14809eabe681b,0.04700024090707302
0000318154-19-000008,35e5d5cd315a6aa3,0.05645513307070359
0000318154-18-000004,9b2567fd79bba162,0.13025317147839816
0000318154-17-000004,f3b7395568cd691f,0.1668507677107118
0000318154-16-000031,e29a6cd2c7b2ea73,0.13735126762650907
0000318154-15-000005,51c253b87de9a741,0.08373978321673349
0000080424-24-000083,c6e2c33c5f87457e,0.1927318488387391
0000080424-23-000073,70a4b8dff75b09d6,0.13516751948045566
0000080424-22-000064,d52b1cbda5b5fe70,0.014313029199838638
0000080424-21-000100,a8ce9c2d4f13682c,0.10392259270651266
0000080424-20-000053,8f7622c6f00c215a,0.12807449568994345
0000080424-19-000050,341788d8f756c915,0.08002765958663076
0000080424-18-000055,f6910b460f2a50ea,0.1283285202155821
0000080424-17-000047,5ac4a6c26c670fe6,0.09268831695895642
0000080424-16-000212,6498aac5cdfb51ac,0.07769758105743677
0000080424-15-000070,3db7dc73b5a685fc,0.011620107826311142
0000021344-24-000009,0943a84885b22215,0.023901420920155944
0000021344-23-000011,948b08b23d85b9ba,-0.0055662166979163884
0000021344-22-000009,ce114e87e841fe4b,0.016918928395025432
0000021344-21-000008,0d8fdb5a5da74a4b,0.1385962566593662
0000021344-20-000006,9ee943e8c4e158f3,0.11138423872413114
0000021344-19-000014,4c4c8aa196813531,0.11422335151582956
0000021344-18-000008,ed3ac398cc7f1bde,0.1249813931970857
0000021344-17-000009,5587f4f4e0800c83,0.13535270849708467
0000021344-16-000050,c21c03ff6908f8fe,0.16635834680404515
0000021344-15-000005,c68ccae90f65ea60,0.13741820078575984
0000077476-24-000008,07a41bfe07a16330,-0.00836093194782734
0000077476-23-000007,a1d77530b0ae8b9d,0.006330445692874491
0000077476-22-000010,9b0710baa5061dc3,0.17500240803929046
0000077476-21-000007,73c92901b5d999de,0.07047233644640073
0000077476-20-000015,2beb24cae95bc19e,0.16479379965458066
0000077476-19-000017,9702992d0e886a52,0.04500506778713316
0000077476-18-000012,6625f0a5280eae5c,0.03713949972530827
0000077476-17-000010,555aed709e888e8a,0.026641461183317006
0000077476-16-000066,6fa4b3c3cb11902b,0.04491975254844874
0000077476-15-000012,cabee55e39729ca3,0.12792789041530342
0000104169-24-000056,bc4665389a463f22,0.20242172771599143
0000104169-23-000020,a3ac5db410430409,0.049881057897582654
0000104169-22-000012,8d91801cec06810a,0.18779825573321432
0000104169-21-000033,93c3a933046e592f,0.1588950135698542
0000104169-20-000011,99728696bd78d740,0.014421125897206366
0000104169-19-000016,6c27a5ef1b75f33b,0.029081082460470496
0000104169-18-000028,31e01b044ef2c40e,0.040302642381284386
0000104169-17-000021,8f03e451e1580696,0.061997686978429556
0000104169-16-000079,883da079b9854a73,0.05222226484678685
0000104169-15-000011,fa1fb1138f832367,0.055921010933816434
0000909832-24-000049,43fdb75cfa52965e,0.11474991012946703
0000909832-23-000042,7e4653090e202c04,0.06044196463772096
0000909832-22-000021,8abc1e7312c594ae,-0.04297192541638478
0000909832-21-000014,736b09c9a5437182,0.017305406955895067
0000909832-20-000017,e9bdf4565440d014,0.01148547943701189
0000909832-19-000019,ce0d53c748868c44,0.04602021885016028
0000909832-18-000013,8739ea6315d00a64,0.06402702005580067
0000909832-17-000014,328bc1ee3b91f3c8,0.09375891602598131
0000909832-16-000032,7ae8ac08aea38e10,0.06803612692747266
0000909832-15-000014,57556042347a1306,0.10525605217553675
0000354950-24-000062,cfde6c229ea8490c,-0.02219046577741217
0000354950-23-000059,6dc1f011949cd2be,0.0904825463710325
0000354950-22-000070,f2eeead27fe41092,0.04584230393351566
0000354950-21-000089,0571612de1de2ff5,0.09684145616712782
0000354950-20-000015,cf5d6a6bd94ef388,-0.0012846647352204625
0000354950-19-000010,75632e962d63e3cd,0.09382168508525338
0000354950-18-000019,d93d14bc6eeffc0f,0.08215646813650838
0000354950-17-000005,ecc23cb239ac4f10,0.10431909096427262
0000354950-16-000060,a3097235b60d42d3,0.0920045147719793
0000354950-15-000008,c8d77e2a2a12e32e,0.08508937326492742
0000060667-24-000033,da73af64f5e23da1,-0.09673241654354799
0000060667-23-000034,2ab90dabab72fe14,-0.017668702441733332
0000060667-22-000038,9bee87796e651100,0.09061024467227981
0000060667-21-000026,a97bbaeaa35879de,0.21516110481228679
0000060667-20-000036,6b5dd88bd5ead7dd,0.05713056582491845
0000060667-19-000042,928afbf72f82b2be,0.026526460400782527
0000060667-18-000051,a7345e1637b79715,0.14455666666151956
0000060667-17-000076,20b25031b37fc46b,0.24555744187207892
0000060667-16-000276,bbef12df25d7aacb,0.23425698751118035
0000060667-15-000057,1b000c154a78cc4c,0.15764799630036577
0000063908-24-000072,d7dd5eaeb78cddf7,0.34060667080106216
0000063908-23-000012,a0eac9916e22bcd8,0.13829347976716236
0000063908-22-000011,abeff667f251f0d5,0.36719145871931685
0000063908-21-000013,8b37fc0bf2455479,-0.026946084557566793
0000063908-20-000022,0b7d6bf0e8410d40,0.31012716388795525
0000063908-19-000010,213d4557036bf410,0.3560654489020817
0000063908-18-000010,1d995f24bbddc31e,0.35873955758987
0000063908-17-000017,8967e42a59b9f541,0.2749559532874264
0000063908-16-000103,c2582996806004d4,0.20248769368743524
0000063908-15-000016,750f55efd979597e,0.19648357797414065
0000320187-24-000044,1622a995f5038592,0.03980606012511998
0000320187-23-000039,440f5300b3fed6be,0.2850815357244574
0000320187-22-000038,a53efd39bc2d7695,0.13334438296267762
0000320187-21-000028,b09c84f79d65cf9a,0.31176853596465665
0000320187-20-000047,2dd5575d7739c7f5,-0.07397624853998423
0000320187-19-000051,952d712c02ba234c,0.3434282684396021
0000320187-18-000142,edf4910ad29e3bae,0.3224998097284697
0000320187-17-000090,9999bc80ecb76f45,0.3976021507498808
0000320187-16-000336,3e142ef301b74fca,0.45106330591486765
0000320187-15-000113,880f15c6efddaad9,0.47135712796123697
0001744489-24-000276,edc159f26f2332ab,0.013112033735960722
0001744489-23-000216,70e4fe5d324f9dec,0.004344430319033563
0001744489-22-000213,8d860784b62a98e1,0.10981455536559225
0001744489-21-000220,07513e46d9b52fa8,-0.1914767515496351
0001744489-20-000197,61d040d509687d2f,-0.17598791296826677
0001744489-19-000225,d707af5cb9803b98,0.15347150097135454
0001001039-18-000187,d99781b9e8ed7712,-0.04868618030101061
0001001039-17-000198,8dfd1baa1a7f9f61,-0.11087641258724033
0001001039-16-000516,1ce98a76ea2b58e0,0.09116584656527266
0001001039-15-000255,b507953beb075469,0.13789234730182215
0001065280-24-000030,7c67a6203a1c6928,0.011245607141111242
0001065280-23-000035,840561b6d8c874da,-0.03266379538947692
0001065280-22-000036,5ebd4ca6efa92509,-0.009675685978053431
0001065280-21-000040,ba6b4d311043c0d1,0.023742247046606175
0001065280-20-000040,039cf45b58ffabdc,0.12365699978236923
0001065280-19-000043,0ff0808be5aa6a6d,0.2273114774795249
0001065280-18-000069,890f1e137023a90a,0.2216512908251025
0001628280-17-000496,309f9abf7a6284af,0.13431606913683936
0001065280-16-000047,d5e38456e03d63b9,0.09658339647576213
0001065280-15-000006,5f0f955a3c0224ea,0.08187689537880942
0001166691-24-000011,6cee052e569ca602,-0.026689128652215004
0001166691-23-000010,c7ac99b62ecaa476,-0.06334723762003705
0001166691-22-000009,8cb6752be9763e65,-0.009311251214239747
0001166691-21-000008,365bd7405922c09c,-0.19671378068625928
0001166691-20-000008,d1a20c943cb13851,-0.07941784783499316
0001166691-19-000005,ee27d2f2a3391d81,0.002716583670116961
0001166691-18-000004,b8262a5604fd691f,0.03388260826701298
0001193125-17-030512,81cf94a0684c1c1f,0.06942484351107851
0001193125-16-452423,3e8b964cea0a740a,0.03409974668640643
0001193125-15-068526,6c848e9edde66f1b,0.1454954045987688
0000093410-24-000013,e35885f09278e356,0.027458442645147442
0000093410-23-000009,ba7256ff14a0579b,0.1891315371962264
0000093410-22-000019,789994c0e8b0fec8,0.25186113063478843
0000093410-21-000009,abf6a0911e34e4d4,-0.12797382096061483
0000093410-20-000010,857a06e83df9ae89,-0.07578231014311314
0000093410-19-000008,91d1109382e3d5b5,0.10910348798148334
0000093410-18-000010,7d22d275c0dc469b,-0.03029646891867742
0000093410-17-000013,e27a7bcf8ad6dfd2,-0.12252648860681802
0000093410-16-000049,493e5a0cb7dd9b17,0.04939834802644327
0000093410-15-000010,648700a726c92597,-0.013122140895575285
0000034088-24-000018,c643b47e0ec6f4c0,0.34731329904636365
0000034088-23-000020,548459ec6d41ab35,0.3115049714036286
0000034088-22-000011,c27fb8d81420053a,0.2889976937323809
0000034088-21-000012,581e131736245899,0.2094054933451116
0000034088-20-000016,ca58a7c9919ab635,0.21402987704845144
0000034088-19-000010,3885c01a5bdfefc6,0.2603248625132255
0000034088-18-000015,46aca171da9f77e9,0.26714436143171044
0000034088-17-000017,0b27e8e50ed237af,0.18912258435506374
0000034088-16-000065,d61bdb75be910d05,0.2515974464803003
0000034088-15-000013,1cc93fb73b16a740,0.16501230150228366
0000018230-24-000009,aaa20af417b32ec8,0.2652098320191726
0000018230-23-000011,2fa4f00097e9c1af,0.2304033649386838
0000018230-22-000050,19f238eeef00689a,0.17640106346458195
0000018230-21-000063,f8f88625160dc531,-0.46585152748739345
0000018230-20-000056,6c4083fe7a295af1,-0.20842697842279448
0000018230-19-000034,93e4fbc724741649,0.24915300546679645
0000018230-18-000042,ac9189d29f31711a,0.3486950784549117
0000018230-17-000041,760c5184f4d23023,-0.44117810075636954
0000018230-16-000410,22f35c541befef0d,-0.5207852974673733
0000018230-15-000061,4b75836a52ae9695,0.08309770242543892
0000012927-24-000010,2670387145c17192,0.04418160525150597
0000012927-23-000007,ce9fc1eabfda82e3,0.009997564344666898
0000012927-22-000010,2aeb72f3b3324a34,-0.08127584849018604
0000012927-21-000011,d72733498a1604e2,-0.11867368891369551
0000012927-20-000014,b984f8d54ce6e727,0.04001733257202431
0000012927-19-000010,63086cfc9b17dc14,0.2059073073230684
0000012927-18-000007,277be20f74808c65,0.034258696632459756
0000012927-17-000006,5ee891bf4678bb49,-0.02089457487454638
0000012927-16-000099,2cc9fbfefd2560ec,0.04665664494037628
0000012927-15-000011,1259ffce6cc9026c,0.10548842231975869
0000773840-24-000014,854185fb638f4ecc,-0.23309860843233765
0000773840-23-000013,da695a0dca8e57ae,-0.24532560530118644
0000773840-22-000018,8cc3a42232a97ff7,-0.1642188058560714
0000773840-21-000015,b78119425583bb90,-0.1940482276142575
0000773840-20-000009,50363eac17867894,0.10536132301203907
0000930413-19-000366,c0aeb5f7e8c8dca1,0.3278273911564611
0000930413-18-000292,3b642b7b32edf553,0.19915243999566884
0000930413-17-000391,e1c972b521dab103,0.1162605009553954
0000930413-16-005457,5a1636c8e1412d4f,0.19705525877187027
0000930413-15-000621,e2bfabfb6199b450,0.2852752444287762
0000066740-24-000016,a4c53e0d3ff7b119,-0.1337026858981699
0000066740-23-000014,bbb2007a49a261eb,-0.10080677671357989
0000066740-22-000010,16be1a88c3a46efc,0.013551836537662893
0001558370-21-000737,1d46246ec618cdc8,-0.028682290695142002
0001558370-20-000581,59fec9db7cf332a4,0.028224260846618564
0001558370-19-000470,b2954061a4cb4f84,0.09573754887562246
0001558370-18-000535,c7db30b8ee69f507,0.1855862426199019
0001558370-17-000479,2c9566cf693f7fb3,0.005186621102038771
0001558370-16-003162,94d5b60db7d21e6a,0.01230830474756658
0001104659-15-009560,73d349aaed668cff,0.16892209686106072
0001090727-24-000008,ba2a43af5668f230,-0.16123672876972706
0001090727-23-000006,a6f9ee5b23b23d13,-0.02534300556173548
0001090727-22-000007,fcd4b5be8075478d,0.3222526279930025
0001090727-21-000013,3c8a9e3ceaa43341,0.22048881627386435
0001090727-20-000005,a7050ab0dd20629b,0.06845704730600119
0001090727-19-000006,19d56c447fcb95c9,0.19812880140263586
0001090727-18-000009,ec7419a4aeb8d867,0.13407154799904675
0001090727-17-000011,de2f793d1eaf283e,0.14323593700304627
0001090727-16-000053,eab91960a82b2cef,0.06715708301635459
0001090727-15-000008,550da96b3c6c914b,0.04035305307246745
0000037996-24-000009,5c3fdeeb7fb896d8,-0.07461901345290244
0000037996-23-000012,79d029e24441c2b2,-0.06033608708530665
0000037996-22-000013,86251dcc967ad647,-0.04870145675493404
0000037996-21-000012,649a386cb2629cbe,-0.21086353745078668
0000037996-20-000010,625d0c17817bc2a8,-0.15140969021944328
0000037996-19-000012,565251ff0b18b497,-0.09488234161166474
0000037996-18-000015,b652c8d2e4250fca,-0.030079605185892432
0000037996-17-000013,017a187af2cd3e0f,0.09913557371590287
0000037996-16-000092,edff885e3b7716e7,0.09084408028284088
0000037996-15-000013,337ffb3d5181bb37,0.01996709413127974
0001467858-24-000031,0065c55f8929f140,0.07634366206359118
0001467858-23-000029,f836498f535f370f,0.030368104688823224
0001467858-22-000034,f3a5eb138dab6cea,0.05130575308576226
0001467858-21-000037,941b8b9bd95a5cb6,0.0122864631540142
0001467858-20-000028,7e1f9eb1127505da,-0.02898277054540813
0001467858-19-000033,f0de9ce02bfdb6f3,0.0072259882185608144
0001467858-18-000022,7c2c5475c32e004d,-0.0049693786911666395
0001467858-17-000028,0c46606c2fbc8706,0.06512730155605823
0001467858-16-000255,ed62f1bf3b89ea63,0.08889774325769395
0001467858-15-000036,229282a6f799536b,0.05523497121175751
0000732712-24-000010,2b18c9fbf34f4c1f,-0.005694256082642823
0000732712-23-000012,e8ea239b01932570,0.12435016020433977
0000732712-22-000008,47a354d6bbc0fba1,0.1085977311595343
0000732712-21-000012,58f2d755983a5af9,0.05915673567913473
0000732712-20-000014,9bfd1452212eacf1,0.18644669157918542
0000732712-19-000012,87a2bedab18c0509,0.17542243618052453
0000732712-18-000009,3f59b9a0bed26627,0.22444465070031583
0001193125-17-050292,8c0cd6dabdb48c10,0.19305799997411668
0001193125-16-473367,4baef4b3534d5427,0.20835964332101867
0001193125-15-057710,5cd7a6ff054a0d17,0.2094702898990363
0000732717-24-000009,69fd236691495315,0.10107989423209801
0000732717-23-000011,b2e06cee3da5c358,0.0176654428220354
0000732717-22-000015,7649bbfd0ed3111a,0.07044692770810798
0000732717-21-000012,b44cc4701bef996a,-0.15287101289490237
0001562762-20-000064,21cd3953a8c1fcb5,0.011420832097064704
0001193125-19-045608,e7ac43a998cb023b,0.18998526216251777
0000732717-18-000009,1cad5d8efd85ce9c,0.1912840465316549
0000732717-17-000021,81e4ae06f411410b,0.17763716311194003
0000732717-16-000147,2e8c54f932c3689f,0.17274971385952084
0000732717-15-000016,452e29fb4e63a06f,0.13901283633662387
0001326160-24-000037,2cef88658ad81483,0.26845509035978465
0001326160-23-000073,b59810047dd54e17,0.17482364937197417
0001326160-22-000072,260d28dfc9317a73,0.16263015430187808
0001326160-21-000063,15cf7d9d986e8763,0.055421771919354795
0001326160-20-000034,9a7901ea9471cb76,0.03776685439515859
0001326160-19-000057,daeee8ca7751920a,0.05566587270470336
0001326160-18-000034,da17e03320ea4d5c,0.1101884853397496
0001326160-17-000016,4cc0673a0f2eb811,0.11356059177312999
0001326160-16-000221,55b9728eb26a618b,0.10595091338269412
0001326160-15-000008,a8d9e45284f7428f,0.03079777956707403
0000753308-24-000008,6ecf9f3511ce54b1,0.06907460968242958
0000753308-23-000019,7ee0a36cfbb69d35,0.07778879346791655
0000753308-22-000014,165a7eaefdc28ac0,0.10008401249302551
0000753308-21-000014,5e656bc6cd50e5a7,0.029717625679913907
0000753308-20-000021,52a11517511e4845,0.0001554891746491194
0000753308-19-000039,93bdde1757c0c7eb,0.04900588980177417
0000753308-18-000013,c44d74c713326517,0.07245781547622755
0000753308-17-000060,9632fbd3a3fef109,0.0861828076466918
0000753308-16-000337,9534548d9d492fde,0.11716240331763401
0000753308-15-000079,56d5c0c314867a7d,0.09386053706984968
0000092122-24-000009,f39a0fa69eefd539,0.07389470343012362
0000092122-23-000012,1fce5bc0729b0e82,0.19003590300446377
0000092122-22-000003,a9ba8969a6927019,0.17870029985439032
0000092122-21-000006,cbe96395f0f1e986,-0.015207235547713936
0000092122-20-000017,1760860a9d97f2ef,-0.0398074395628646
0000092122-19-000006,d31901aa8ef370d1,0.02330516716465354
0000092122-18-000012,0b49ceaf2429447d,0.028572840315755455
0000092122-17-000007,dd222f37d1f62098,-0.011770271570421756
0000092122-16-000126,5d1699e7076343e1,0.09256936149671674
0000092122-15-000015,8931dab561404c4a,0.0991873943572864
